source_id,title,author,matched_by,action,changed_fields,reason,existing_title,existing_author,new_title,new_author
0011db8a-c105-4981-b35b-dd22dfce827b,Magdalen Hepburn,Mrs. Oliphant (Margaret),,SKIPPED,,"status=""failed""",,,Magdalen Hepburn,Mrs. Oliphant (Margaret)
006f3d14-e304-48ef-b96e-3d5604a47522,ות,Unknown,,SKIPPED,,"status=""failed""",,,ות,Unknown
00d0ae47-42ab-4e12-af42-24af42ef5909,Immunometabolism and Metabolic Reprogramming of immune cells in human physiology and disease,Soumya R. Mohapatra; Christiane A. Opitz,,SKIPPED,,"status=""failed""",,,Immunometabolism and Metabolic Reprogramming of immune cells in human physiology and disease,Soumya R. Mohapatra; Christiane A. Opitz
00f30046-a928-4152-b669-c53bffe12c5f,THE REVERSE BIASED P SUP(+)NN SUP(+) STRUCTURE.,K. J. Rawlings,,SKIPPED,,"status=""failed""",,,THE REVERSE BIASED P SUP(+)NN SUP(+) STRUCTURE.,K. J. Rawlings
0169cfe2-4232-48c5-b177-89a06e33229d,Core Statistics,Simon N. Wood,,SKIPPED,,"status=""needs_review""",,,Core Statistics,Simon N. Wood
02727aae-e9e3-4092-a928-61d0863f26e9,ילקוט מדרשי תימן,Unknown Medieval Yemenite Scholar; חכם תימני בלתי נודע,,SKIPPED,,"status=""needs_review""",,,ילקוט מדרשי תימן,Unknown Medieval Yemenite Scholar; חכם תימני בלתי נודע
02b1841e-99ea-41ca-b444-f94a74ff14b5,זיהוי ומיפוי גן הגורם לתסמונת Long QT במשפחה ישראלית,Unknown,,SKIPPED,,"status=""failed""",,,זיהוי ומיפוי גן הגורם לתסמונת Long QT במשפחה ישראלית,Unknown
030e8448-f839-4df4-8dcd-8e49a9ba603b,בי,Unknown,,SKIPPED,,"status=""failed""",,,בי,Unknown
03143f60-e407-4c06-85d0-3ac14f982d95,ובחרות,Unknown,,SKIPPED,,"status=""failed""",,,ובחרות,Unknown
03acd72e-1c68-4a0f-9b7b-dbf95cdaa810,The International Migration Review,Unknown,,SKIPPED,,"status=""failed""",,,The International Migration Review,Unknown
043c1459-ac06-46f3-a7e7-44a670ad333f,KOPOAEBA BOMHbI,ÕEAAKC B. KPEC,,SKIPPED,,"status=""failed""",,,KOPOAEBA BOMHbI,ÕEAAKC B. KPEC
04687590-c2b2-476c-b0da-2ddca6b30679,שירי ארץ ישראל,יעקוב שנברג,,SKIPPED,,"status=""failed""",,,שירי ארץ ישראל,יעקוב שנברג
04aa7a90-e27b-48c3-8b08-c32a06e0bc82,"סדר תפלה לש""ץ",רעון. בן-ציון הופמן,,SKIPPED,,"status=""failed""",,,"סדר תפלה לש""ץ",רעון. בן-ציון הופמן
04f3b215-428c-47b9-a859-f525ee36bd00,רעית ללא חיל,Unknown,,SKIPPED,,"status=""failed""",,,רעית ללא חיל,Unknown
0507d491-b874-4733-b520-694cf61bfefd,The International Migration Review,Unknown,,SKIPPED,,"status=""failed""",,,The International Migration Review,Unknown
055603d6-b22a-4e4f-9295-156019ac4d2e,Newsletter of the Yivo,Yivo Institute for Jewish Research,,SKIPPED,,"status=""needs_review""",,,Newsletter of the Yivo,Yivo Institute for Jewish Research
06f743fa-03ca-4b9f-a13b-e23bd439d499,COBPAHME COHHHEHMM B HETDIPHAALATH TOMAX,Unknown,,SKIPPED,,"status=""failed""",,,COBPAHME COHHHEHMM B HETDIPHAALATH TOMAX,Unknown
07488ef7-81ed-40fd-b0f3-8cd96fe8b1b2,הֶרְמָן וְדוֹרתִּיאָה,ש. בן־ציון,,SKIPPED,,"status=""failed""",,,הֶרְמָן וְדוֹרתִּיאָה,ש. בן־ציון
0771e5c9-f2d0-4662-ac25-4eec7393dafd,שר,TEADEDISS,,SKIPPED,,"status=""failed""",,,שר,TEADEDISS
08f2dd3e-4de6-4b20-8916-85702b7b272e,קדושת שביעית,נוב רמת השלן,,SKIPPED,,"status=""failed""",,,קדושת שביעית,נוב רמת השלן
0a30ff96-13f4-4f8c-b0b5-972169bcf141,עגבניות,Unknown,,SKIPPED,,"status=""failed""",,,עגבניות,Unknown
0a7309e1-26e0-49a5-a7b2-5837500fbd75,Utopia's Avenger Volume 2,Oh Se-kwon,,SKIPPED,,"status=""failed""",,,Utopia's Avenger Volume 2,Oh Se-kwon
0b2e8968-689c-43aa-bd16-7b9fd43e103f,לשׁוֹנֵנוּ רְנָה,Unknown,,SKIPPED,,"status=""failed""",,,לשׁוֹנֵנוּ רְנָה,Unknown
0b4e42b8-7fc4-4611-9b51-8b5571a3cb0f,Aishel,Meir Wikler,,SKIPPED,,"status=""needs_review""",,,Aishel,Meir Wikler
0bc2de66-2862-4fdd-9db1-1faf205a2969,JEPMOHTOB,M.IO.,,SKIPPED,,"status=""failed""",,,JEPMOHTOB,M.IO.
0c0501e6-49c1-4405-8c90-d51f0a1b67af,"World Commercial Aircraft Accidents, 1946-1991",Chris Y. Kimura,,SKIPPED,,"status=""failed""",,,"World Commercial Aircraft Accidents, 1946-1991",Chris Y. Kimura
0c3c6590-c164-4b23-88e5-db8f937ca069,חמשה חומשי תורה,Unknown,,SKIPPED,,"status=""failed""",,,חמשה חומשי תורה,Unknown
0ca7d106-125c-45b4-b391-2d733a5bef3f,SSEBL Host FreenApp,Unknown,,SKIPPED,,"status=""failed""",,,SSEBL Host FreenApp,Unknown
0ef2f681-054b-4d0c-93e3-9a4a2532e055,וקירור הגולן,Unknown,,SKIPPED,,"status=""failed""",,,וקירור הגולן,Unknown
0f42c8fd-0b9c-41e8-97ff-305e73958e1e,Omnia quae extant in latinum sermonem conversa,Galenus,,SKIPPED,,"status=""needs_review""",,,Omnia quae extant in latinum sermonem conversa,Galenus
0ff79e21-2e4a-4fb9-a674-5f40a7e59412,קול ישראל,Unknown,,SKIPPED,,"status=""failed""",,,קול ישראל,Unknown
117cc707-9865-4056-9806-b419ac5bf034,הדעתעןל הטבו,Unknown,,SKIPPED,,"status=""failed""",,,הדעתעןל הטבו,Unknown
11958bdf-206c-44b3-8772-8d1861714534,Kratkaa Evreiskaya Entsiklopediya,"Oren, Prat, Avner",,SKIPPED,,"status=""failed""",,,Kratkaa Evreiskaya Entsiklopediya,"Oren, Prat, Avner"
1287f6d3-b5eb-43d7-93ca-35273dceda6f,journal of common market studies,"stanley henig, miguel s. wionczek",,SKIPPED,,"status=""failed""",,,journal of common market studies,"stanley henig, miguel s. wionczek"
13dcf095-208b-40d0-a8ee-dcf8bc2d9693,מחשבה שבועית,Unknown,,SKIPPED,,"status=""failed""",,,מחשבה שבועית,Unknown
140d1365-2951-4ab0-913a-0d00a8981a9e,"A Rapid Method for the Correlation of Fine Grained Sediments with the Aid of the Spectrograph as Applied to the Mississippian-Devonian Sequence in Clare County, Michigan",David Stanley Paige,,SKIPPED,,"status=""failed""",,,"A Rapid Method for the Correlation of Fine Grained Sediments with the Aid of the Spectrograph as Applied to the Mississippian-Devonian Sequence in Clare County, Michigan",David Stanley Paige
14fc17cb-9c9f-43cf-b091-b5fe934bba69,"The Symphonic Repertoire, Volume IV",A. Peter Brown,,SKIPPED,,"status=""failed""",,,"The Symphonic Repertoire, Volume IV",A. Peter Brown
160092d4-460f-4d49-ae02-7a35cd49c54b,1000 טשערװאָנצעס,ארצי,,SKIPPED,,"status=""failed""",,,1000 טשערװאָנצעס,ארצי
1638b575-4a2c-43f2-8077-1cc194d4875f,המוסיקה של היהודים ההרריים,פרץ אליהו,,SKIPPED,,"status=""failed""",,,המוסיקה של היהודים ההרריים,פרץ אליהו
16d5cbbe-768d-4306-80b2-a4cd30351402,"Mikra Leyisrael - A Biblical Commentary for Israel, Yoel, Amos",Mordechai Cogan; Shalom M. Paul,,SKIPPED,,"status=""needs_review""",,,"Mikra Leyisrael - A Biblical Commentary for Israel, Yoel, Amos",Mordechai Cogan; Shalom M. Paul
17fb2769-81a6-48a6-a6db-96aad873919e,תפלות ימים נוראים DAYS,לייב גלאנץ,,SKIPPED,,"status=""failed""",,,תפלות ימים נוראים DAYS,לייב גלאנץ
1832c357-2385-469b-b267-2dbdb14b3d01,"Man, Beast and Beast-man, and Other Essays",Victor S. Yarros,,SKIPPED,,"status=""failed""",,,"Man, Beast and Beast-man, and Other Essays",Victor S. Yarros
185bdd24-07e5-4f84-8e1a-45af8eac94b9,פעמי - ההיכל,צבי טלמון (מונפון),,SKIPPED,,"status=""failed""",,,פעמי - ההיכל,צבי טלמון (מונפון)
1870b180-6190-40af-af5a-ca4f6442d8f8,The Tanach,Unknown,,SKIPPED,,"status=""needs_review""",,,The Tanach,Unknown
18b5c120-2503-42d0-bed1-40aa7516919c,COBPAHHE COHHHHHH,H. B. TOTO.IL,,SKIPPED,,"status=""failed""",,,COBPAHHE COHHHHHH,H. B. TOTO.IL
18e6df54-e9b9-402e-a86d-9bd4e30412bf,שפתי רננות,רבינו יצחק ן' יהודה בן גיאת,,SKIPPED,,"status=""failed""",,,שפתי רננות,רבינו יצחק ן' יהודה בן גיאת
1916d073-0636-418a-9d8f-04c0bf666050,Magdalen Hepburn,Mrs. Oliphant (Margaret),,SKIPPED,,"status=""failed""",,,Magdalen Hepburn,Mrs. Oliphant (Margaret)
19372057-6b82-43fe-894d-c0051f6c0356,קטלוג ספרים כללי,Hitʼaḥadut hotsaʼot sefarim be-Yiśraʼel,,SKIPPED,,"status=""failed""",,,קטלוג ספרים כללי,Hitʼaḥadut hotsaʼot sefarim be-Yiśraʼel
19acc885-da9a-4cd0-b53e-0e052767b6e7,ה וקירור ום ם הגולן,Unknown,,SKIPPED,,"status=""failed""",,,ה וקירור ום ם הגולן,Unknown
1b52a4c5-2793-4c8b-a94f-20bf56b09c6f,"Obstetric and Gynecologic Emergencies, An Issue of Critical Care Clinics",Peter J. Papadakos; Susan E. Dantoni,,SKIPPED,,"status=""failed""",,,"Obstetric and Gynecologic Emergencies, An Issue of Critical Care Clinics",Peter J. Papadakos; Susan E. Dantoni
1b8fbd8d-01b8-4da8-b08b-6605c579863e,Titus Livius Patavinus,Giacomo Filippo Tomasini,,SKIPPED,,"status=""needs_review""",,,Titus Livius Patavinus,Giacomo Filippo Tomasini
1bb818d9-7ae0-4ff6-bbf8-a1b9001a4364,Kirjath sepher,ZEBULON KWARTIN,,SKIPPED,,"status=""failed""",,,Kirjath sepher,ZEBULON KWARTIN
1bff72e6-c3ef-4866-a1fd-6758df0c3ae4,פעם כשאשיה יותר צעיר,יעקב בורק,,SKIPPED,,"status=""failed""",,,פעם כשאשיה יותר צעיר,יעקב בורק
1c0612de-abbb-4fbf-be7a-cf7e7253c6a3,Moral Thinking,R. M. Hare,,SKIPPED,,"status=""needs_review""",,,Moral Thinking,R. M. Hare
1c797d93-c9b5-4411-98db-896781ba725b,PAALS PHN,Unknown,,SKIPPED,,"status=""failed""",,,PAALS PHN,Unknown
1c7f6637-53f5-4f8b-8749-19967796ef89,Z Vassilis vannilikos: Translated from the creek,Marilyn Calmann,,SKIPPED,,"status=""needs_review""",,,Z Vassilis vannilikos: Translated from the creek,Marilyn Calmann
1c8149dd-c147-49d3-ac1e-ee400158dda1,Religious Responses to the Holocaust,Sir Immanuel Jakobovits,,SKIPPED,,"status=""failed""",,,Religious Responses to the Holocaust,Sir Immanuel Jakobovits
1c9146e4-4691-4e9d-9198-baa009a18a39,"Mathematical Analysis, Probability and Applications – Plenary Lectures",Tao Qian; Luigi G. Rodino,,SKIPPED,,"status=""failed""",,,"Mathematical Analysis, Probability and Applications – Plenary Lectures",Tao Qian; Luigi G. Rodino
1ca828df-938e-4af0-a2e1-a7e88f046c39,Or LaYesharim,Joshua Buch,,SKIPPED,,"status=""failed""",,,Or LaYesharim,Joshua Buch
1dbf6d73-a568-4083-aba9-93b7b4818c7f,"Catalogue of the Hebrew Manuscripts in the Bodleian Library and in the College Libraries of Oxford, Including Mss. in Other Languages ... Written with Hebrew Characters, Or Relating to the Hebrew Language Or Literature",Bodleian Library,,SKIPPED,,"status=""failed""",,,"Catalogue of the Hebrew Manuscripts in the Bodleian Library and in the College Libraries of Oxford, Including Mss. in Other Languages ... Written with Hebrew Characters, Or Relating to the Hebrew Language Or Literature",Bodleian Library
1e4cc5d7-be45-498e-bb9b-7c93abbc05a4,The Pocket List of Railroad Officials,"Robert Frost, Louis Untermeyer",,SKIPPED,,"status=""needs_review""",,,The Pocket List of Railroad Officials,"Robert Frost, Louis Untermeyer"
1e87aeae-c1d9-413a-bee4-24a79d9892a9,Knizhnai︠a︡ li︠e︡topisʹ,Unknown,,SKIPPED,,"status=""failed""",,,Knizhnai︠a︡ li︠e︡topisʹ,Unknown
1ee0307e-e827-4887-a7ed-6029c15d868c,אוצר החסידות,אנדרה היידו · יעקב מזור,,SKIPPED,,"status=""failed""",,,אוצר החסידות,אנדרה היידו · יעקב מזור
1eec7b1c-f477-49c2-a3e7-172528b7c083,ברמת האלך,Unknown,,SKIPPED,,"status=""failed""",,,ברמת האלך,Unknown
1f82c1ef-703e-4ef2-9737-de8e27ba0359,Tutti i colori delle città del mondo. Ediz. a colori,Jana Sedlácková,,SKIPPED,,"status=""needs_review""",,,Tutti i colori delle città del mondo. Ediz. a colori,Jana Sedlácková
21bbda4f-9ef9-4063-8f48-5a80e71fc20b,COBPAHHE COHHHHHHH TOM TETHt IOBECTH,Н. B. гоголь,,SKIPPED,,"status=""failed""",,,COBPAHHE COHHHHHHH TOM TETHt IOBECTH,Н. B. гоголь
21ff57b9-b65a-4f56-a816-5be9e273937e,Краткая еврейская энциклопедия,Ари Авнер,,SKIPPED,,"status=""failed""",,,Краткая еврейская энциклопедия,Ари Авнер
2206bf3f-b911-43cb-b9ea-072a8a24daa8,שביעית הגולן,Unknown,,SKIPPED,,"status=""failed""",,,שביעית הגולן,Unknown
224d4abf-51e4-4d47-8c23-e67c2ff20fdc,דרשות,כּיר,,SKIPPED,,"status=""failed""",,,דרשות,כּיר
23c81f83-2af1-4c2f-8931-b449408f13ba,Catalogue of the Royal Picture Gallery in Dresden,"Gemäldegalerie (Dresden, Germany)",,SKIPPED,,"status=""failed""",,,Catalogue of the Royal Picture Gallery in Dresden,"Gemäldegalerie (Dresden, Germany)"
23f5955b-42dd-46e2-a7ad-8efb7f69aada,Germany Jeremiah J. Johnston und die Entdeckungen Jesu,Thrownfield Ashford,,SKIPPED,,"status=""needs_review""",,,Germany Jeremiah J. Johnston und die Entdeckungen Jesu,Thrownfield Ashford
24a3009e-84b7-4bdb-8ea7-c30da7b80993,A Class Book for Jewish Youth of Both Sexes,Henry A. Henry,,SKIPPED,,"status=""failed""",,,A Class Book for Jewish Youth of Both Sexes,Henry A. Henry
24c7252d-933a-481e-a7ee-473b700dcd77,Die Heilige Stiege auf dem Kreuzberg zu Bonn,Walter Schulten,,SKIPPED,,"status=""needs_review""",,,Die Heilige Stiege auf dem Kreuzberg zu Bonn,Walter Schulten
251229bc-dc6a-4e87-8eb8-676d430456f4,תעודות ארמיות ממצרים העתיקה,בצלאל פורטן - עדה ירדני,,SKIPPED,,"status=""failed""",,,תעודות ארמיות ממצרים העתיקה,בצלאל פורטן - עדה ירדני
25e39f37-fe66-4524-a2c9-d3a294253ce0,Make Up,Eve Oxberry,,SKIPPED,,"status=""failed""",,,Make Up,Eve Oxberry
266ff4c3-dda8-4cf4-b055-e17f04042bc7,רושת שביעית,pdhqolan,,SKIPPED,,"status=""failed""",,,רושת שביעית,pdhqolan
269af5ae-e638-4a9b-b294-b9ced39ac30a,דקדוק קלשׁוֹן הערבית,מאיר מ. פלסנר,,SKIPPED,,"status=""failed""",,,דקדוק קלשׁוֹן הערבית,מאיר מ. פלסנר
270cc279-8e27-4f05-b6ee-4ea829c00ab2,Artlin,"הרב אהרן ראובן, משארני",,SKIPPED,,"status=""failed""",,,Artlin,"הרב אהרן ראובן, משארני"
27f4eff6-cbed-4928-96f7-6697619ea2c8,לימוד טעמי המקרא – מגילת אסתר,יהודה קררר,,SKIPPED,,"status=""failed""",,,לימוד טעמי המקרא – מגילת אסתר,יהודה קררר
28bddbaa-525b-4e6a-b7a7-adad130fb98c,דער אידישער רעדנער,הרב י. ל. לאַזעראָוו,,SKIPPED,,"status=""failed""",,,דער אידישער רעדנער,הרב י. ל. לאַזעראָוו
29341ace-6617-4b2e-b7dd-377407660130,דאָס אייביגע פאלק,ישראל איסר קאַצאָוויטש,,SKIPPED,,"status=""failed""",,,דאָס אייביגע פאלק,ישראל איסר קאַצאָוויטש
293655d3-0436-402c-9b74-bab0d5d55785,Oeuvres complètes de Chateaubriand augm. d'un essai sur la vie et les ouvrages de l'auteur ...,F. A. R. vicomte de Chateaubriand,,SKIPPED,,"status=""failed""",,,Oeuvres complètes de Chateaubriand augm. d'un essai sur la vie et les ouvrages de l'auteur ...,F. A. R. vicomte de Chateaubriand
2973c709-af6b-4821-bc7a-1e376f29e957,וצר בידנ דין,Unknown,,SKIPPED,,"status=""failed""",,,וצר בידנ דין,Unknown
29cafa88-d740-4b57-9c70-832a4badfd80,ANTITONILL,EODOKAEOTE,,SKIPPED,,"status=""failed""",,,ANTITONILL,EODOKAEOTE
29eb1c75-72dd-453e-aa65-0cfb8b2a710d,נשביעית וצר בית הגולן,Unknown,,SKIPPED,,"status=""failed""",,,נשביעית וצר בית הגולן,Unknown
29ff2a16-28b5-46a1-9e21-0576cc2df95b,The History of the Growth and Decay of the Othman Empire ...,Dimitrie Cantemir (Voivode of Moldavia),,SKIPPED,,"status=""failed""",,,The History of the Growth and Decay of the Othman Empire ...,Dimitrie Cantemir (Voivode of Moldavia)
2a242210-7106-44a5-a7ec-13898b91478b,Philosophers on Music,Kathleen Stock,,SKIPPED,,"status=""needs_review""",,,Philosophers on Music,Kathleen Stock
2a742b18-4b40-4bf2-baf6-edbc0db2a3fb,Or Hatfilah Volume 8,NAFTALI HERSTIK,,SKIPPED,,"status=""needs_review""",,,Or Hatfilah Volume 8,NAFTALI HERSTIK
2a752e00-23aa-4d73-936e-7c65ce0237ac,קדוש בקדושת שביעית,צבי,,SKIPPED,,"status=""failed""",,,קדוש בקדושת שביעית,צבי
2ac1563c-2772-4a4d-8a9d-751137f195b0,פרים,"ראחוב יע""אל",,SKIPPED,,"status=""failed""",,,פרים,"ראחוב יע""אל"
2b2bf590-7723-4e1f-8a19-d3b7b600c820,בית אך,Unknown,,SKIPPED,,"status=""failed""",,,בית אך,Unknown
2b97aa82-f94c-4676-8eb3-9fd60a20cca9,ניות מובחר,מון,,SKIPPED,,"status=""failed""",,,ניות מובחר,מון
2b99639f-de7c-42fc-af5e-21b9680d91d7,פירות מובחרים,aj Prai,,SKIPPED,,"status=""failed""",,,פירות מובחרים,aj Prai
2bad7401-e39c-4c06-a043-1d2baa8e1d1d,"Dizionario di fisica e chimica applicata alle arti secondo le dottrine di Libes, Chaptal, Berthollet e Parkes e giusta le teorie moderne ed i metodi i più semplici introdottisi nei diversi processi chimici di Giovanni Pozzi ... Con tavole in rame. Tomo 1. [-9.]",R. Sabouraud,,SKIPPED,,"status=""failed""",,,"Dizionario di fisica e chimica applicata alle arti secondo le dottrine di Libes, Chaptal, Berthollet e Parkes e giusta le teorie moderne ed i metodi i più semplici introdottisi nei diversi processi chimici di Giovanni Pozzi ... Con tavole in rame. Tomo 1. [-9.]",R. Sabouraud
2c3bdc4e-9b9d-4db4-86ed-aef3ac9cf4f9,Еврейская энциклопедия,"А. Прайт, Марк Кипнис",,SKIPPED,,"status=""failed""",,,Еврейская энциклопедия,"А. Прайт, Марк Кипнис"
2c7dc1bd-62c1-448b-8a05-67cf5f4088e4,דרשות,אהרן יעלינעם,,SKIPPED,,"status=""failed""",,,דרשות,אהרן יעלינעם
2d303168-2320-4b46-84ad-529b72e37f06,קירור הגולן,Unknown,,SKIPPED,,"status=""failed""",,,קירור הגולן,Unknown
2df2a913-1716-4eb8-98e4-b17d97ebbf65,Jan Van Ruusbroec,Paul Mommaers; N. de Paepe,,SKIPPED,,"status=""needs_review""",,,Jan Van Ruusbroec,Paul Mommaers; N. de Paepe
2ec84287-3bd4-480c-941b-34daf6b9a3f8,"Mashle: Magic and Muscles, Vol. 1",Hajime Komoto,,SKIPPED,,"status=""failed""",,,"Mashle: Magic and Muscles, Vol. 1",Hajime Komoto
2f31bb43-16f6-45ca-811f-0a54b74b40cc,The Roman antiquities of Dionysius of Halicarnassus. Vol.5,Dionysius Halicarnassus,,SKIPPED,,"status=""needs_review""",,,The Roman antiquities of Dionysius of Halicarnassus. Vol.5,Dionysius Halicarnassus
2f34d2e8-5d82-4061-a6d9-38eb7d10ee2b,למך השני,בן - א. סאכאטשעווסקי,,SKIPPED,,"status=""failed""",,,למך השני,בן - א. סאכאטשעווסקי
2f779b77-6c11-4759-afb3-1fa3928da80d,ושת שביעית הגולן,Unknown,,SKIPPED,,"status=""failed""",,,ושת שביעית הגולן,Unknown
320cb255-a7a3-4680-9e47-e2de31a4400b,תפלות,לייב גלאנץ,,SKIPPED,,"status=""failed""",,,תפלות,לייב גלאנץ
32147d44-195e-4b74-b54a-c94d9a83e45f,איך בין אַ ייִד!,דמיטרי יקירעוויטש,,SKIPPED,,"status=""failed""",,,איך בין אַ ייִד!,דמיטרי יקירעוויטש
32a9e33c-1911-437a-8e6e-e0e51ec8c039,Todah w'Simrah,Louis Lewandowski,,SKIPPED,,"status=""needs_review""",,,Todah w'Simrah,Louis Lewandowski
32f48678-d00f-4500-9218-248c44031456,Solfeo de Los Solfeos,G Carulli; Enrique Lemoine,,SKIPPED,,"status=""needs_review""",,,Solfeo de Los Solfeos,G Carulli; Enrique Lemoine
33af1634-eed7-4679-ac8a-c17e34fa57e1,רור,גולן,,SKIPPED,,"status=""failed""",,,רור,גולן
3412475d-5778-4db5-9093-a64bd904bc82,"לוח לשנת ה'תשמ""ט",ועד הקהלות הקדושות בפולי,,SKIPPED,,"status=""failed""",,,"לוח לשנת ה'תשמ""ט",ועד הקהלות הקדושות בפולי
346f83d3-7685-49ea-8009-95380d629e18,עגבנוּ,Unknown,,SKIPPED,,"status=""failed""",,,עגבנוּ,Unknown
3556127f-5135-4971-88ee-24ef18a2b96a,Knizhnai︠a︡ li︠e︡topisʹ,A.II.чEXOB,,SKIPPED,,"status=""failed""",,,Knizhnai︠a︡ li︠e︡topisʹ,A.II.чEXOB
35641193-d7b3-4276-ace0-67a27f6cd372,Евгений Онегин,A.C. IIVIIIKHH,,SKIPPED,,"status=""failed""",,,Евгений Онегин,A.C. IIVIIIKHH
363cb09c-78b5-40e0-9ab7-13236d68c20d,בראשית,יעקב באטאטיאנסק,,SKIPPED,,"status=""failed""",,,בראשית,יעקב באטאטיאנסק
36aa490c-a09d-4193-86d1-2ecdd96adced,ימי עולם,"שמואל יוסף ב""ר יצחק אייזיק פין",,SKIPPED,,"status=""failed""",,,ימי עולם,"שמואל יוסף ב""ר יצחק אייזיק פין"
385bcd35-675c-4288-a59c-83c9a992dab2,קירור חרמון,Unknown,,SKIPPED,,"status=""failed""",,,קירור חרמון,Unknown
388105e6-11ff-4b38-b5c1-4bf6f55c9025,נוסחת הכסף: לחמה במינוס לניצחון כלכלי,גיל אורלי,,SKIPPED,,"status=""failed""",,,נוסחת הכסף: לחמה במינוס לניצחון כלכלי,גיל אורלי
38c41a4d-49d1-4321-9b75-01539a702672,ישמח משה,Yaakov Moshe Hillel,,SKIPPED,,"status=""failed""",,,ישמח משה,Yaakov Moshe Hillel
3995b67a-869c-4758-8416-7f62c05c5140,The Sabbath Anthology,Abraham Ezra Millgram,,SKIPPED,,"status=""needs_review""",,,The Sabbath Anthology,Abraham Ezra Millgram
39ae96fb-e68a-4114-9acf-2132736e1a6e,"""В Ивановку я всегда стремился...""",D. V. Kalashnikov; O. A. Kazʹmin,,SKIPPED,,"status=""failed""",,,"""В Ивановку я всегда стремился...""",D. V. Kalashnikov; O. A. Kazʹmin
3ae0b6e2-498e-4a5f-959d-904b2611cc71,גבניות מובן,Unknown,,SKIPPED,,"status=""failed""",,,גבניות מובן,Unknown
3aec91d6-0694-49f6-b525-3d3aad044d74,COBPAHME CO4MHEHий,I.H. T0ICTOII,,SKIPPED,,"status=""failed""",,,COBPAHME CO4MHEHий,I.H. T0ICTOII
3aeeaea1-b154-459c-9fad-a8b3ba459446,עגבני,Unknown,,SKIPPED,,"status=""failed""",,,עגבני,Unknown
3af8274e-952b-49a0-be43-11b6d32f956e,"Time, Astronomy, and Calendars in the Jewish Tradition",Sacha Stern; Charles Burnett,,SKIPPED,,"status=""needs_review""",,,"Time, Astronomy, and Calendars in the Jewish Tradition",Sacha Stern; Charles Burnett
3b0e8dcd-1b96-492e-8721-cabb71df9699,Todah ṿe-zimrah,Louis Lewandowski,,SKIPPED,,"status=""needs_review""",,,Todah ṿe-zimrah,Louis Lewandowski
3b8f764b-0316-4ded-9c65-4bfdfdb0356f,חמשה חומשי תורה,שמשון רפאל הירש,,SKIPPED,,"status=""failed""",,,חמשה חומשי תורה,שמשון רפאל הירש
3d526067-7d8f-48c7-a417-c6826453a6dc,דער פרוי,נ ש מ ן בא ג ר,,SKIPPED,,"status=""failed""",,,דער פרוי,נ ש מ ן בא ג ר
3da3429b-8312-429d-b4ec-326cf1fde0d0,ספר היובלים,מיכאל סיגל,,SKIPPED,,"status=""failed""",,,ספר היובלים,מיכאל סיגל
3db367f3-de48-445a-819d-8bc8bc74055d,3AIMCKA И3 MEPTBOгO HOMA,HETOчKA HE3BAHOBA,,SKIPPED,,"status=""failed""",,,3AIMCKA И3 MEPTBOгO HOMA,HETOчKA HE3BAHOBA
3dcd64ce-4063-4603-88a4-68bd3fb0c1fb,מחוזות העולם המוסלמי בימי הבינייים,אחמד בן יחיא אלבלאד'רי,,SKIPPED,,"status=""failed""",,,מחוזות העולם המוסלמי בימי הבינייים,אחמד בן יחיא אלבלאד'רי
3e984c16-1dcb-44d5-8c3d-3726708755a0,Jewish Lights; Assorted,Jewish Lights Publishing; Jewish Lights Publishing Staff,,SKIPPED,,"status=""needs_review""",,,Jewish Lights; Assorted,Jewish Lights Publishing; Jewish Lights Publishing Staff
3e9ca8e2-b198-43ac-adf0-437a6d3b9f87,Lucianea et Pseudo-Lucianea. Studies on pseudepigrapha of Lucian and works by Lucian sometimes considered spurious,Francesca Mestre; Pilar Gómez; Cristian Tolsa,,SKIPPED,,"status=""failed""",,,Lucianea et Pseudo-Lucianea. Studies on pseudepigrapha of Lucian and works by Lucian sometimes considered spurious,Francesca Mestre; Pilar Gómez; Cristian Tolsa
3f4d667f-3b86-4cf2-8304-a3164a21bb36,Pegop,OCTOEBCK Apeemyn,,SKIPPED,,"status=""failed""",,,Pegop,OCTOEBCK Apeemyn
3ffbf1a8-ecd0-4484-83a3-87f80ca0bc2a,סדר ההפטרות,Mendel Hirsch; יצחק משה פרידמן,,SKIPPED,,"status=""needs_review""",,,סדר ההפטרות,Mendel Hirsch; יצחק משה פרידמן
3ffdf986-28fc-4fa2-96e2-8ab90b5afe56,Kodansha Comics Digital Sampler - REAL,Various,,SKIPPED,,"status=""needs_review""",,,Kodansha Comics Digital Sampler - REAL,Various
41241364-8c42-4e99-a612-ae02a362b5aa,חזוק אמונה,יצחק,,SKIPPED,,"status=""failed""",,,חזוק אמונה,יצחק
4193ff13-d293-4aea-9672-02356645988d,Frank Leslie's Illustrated Newspaper,John Albert Sleicher,,SKIPPED,,"status=""failed""",,,Frank Leslie's Illustrated Newspaper,John Albert Sleicher
41b4dc87-354a-497f-9fc2-acf32e15250b,אונזער תודות,פנחם דוד,,SKIPPED,,"status=""failed""",,,אונזער תודות,פנחם דוד
42e5a69e-f087-4969-810b-3bed6532edb7,SHT,Unknown,,SKIPPED,,"status=""failed""",,,SHT,Unknown
42f8477f-8602-4f72-ab11-2e7f132a80eb,RoLil,AGUARSUZ,,SKIPPED,,"status=""failed""",,,RoLil,AGUARSUZ
437aee51-113a-4f0e-b0d8-c384a4d79c66,בית טיכו,Unknown,,SKIPPED,,"status=""failed""",,,בית טיכו,Unknown
438eda6e-77e7-41b6-b0be-a3958b435148,BEДOP COДOV,Unknown,,SKIPPED,,"status=""failed""",,,BEДOP COДOV,Unknown
43f32b94-c65b-4e34-872a-55d92b60e5fd,תחלים,שמשון רפאל הירש,,SKIPPED,,"status=""failed""",,,תחלים,שמשון רפאל הירש
4469ccab-78c3-4871-a6a9-a27e980532b4,Solomone Rossi,Don Harrán,,SKIPPED,,"status=""needs_review""",,,Solomone Rossi,Don Harrán
4493aecf-14a3-47b3-81db-e24da0f6990f,דברי האור,לכל קין למד,,SKIPPED,,"status=""failed""",,,דברי האור,לכל קין למד
44b32e3e-da98-4c2f-9449-ae6c3c0412e5,בין פילוסוף לנביא,יוחנן סילמן,,SKIPPED,,"status=""failed""",,,בין פילוסוף לנביא,יוחנן סילמן
455690da-137a-4c6c-bd66-cdcbe1d6a71c,Gebete für den siebenten und achten Tag des Pessachfestes,Various,,SKIPPED,,"status=""failed""",,,Gebete für den siebenten und achten Tag des Pessachfestes,Various
45c1485f-4729-4cc7-b888-4ab0eec01991,The Federal Cases,Unknown,,SKIPPED,,"status=""needs_review""",,,The Federal Cases,Unknown
45daf202-2c71-4030-8a95-5a0c8a7908d9,ספר משל הקדמוני,Isaac ben Solomon Sahula,,SKIPPED,,"status=""failed""",,,ספר משל הקדמוני,Isaac ben Solomon Sahula
465c3e4e-bc9c-4b5c-a3b5-2ee1eccea881,רבנים און בעלי בתים,Unknown,,SKIPPED,,"status=""failed""",,,רבנים און בעלי בתים,Unknown
466f9145-e7c3-442f-b1f9-faba66c9e980,אוצר בית דין,Unknown,,SKIPPED,,"status=""failed""",,,אוצר בית דין,Unknown
46762dc2-c841-4f59-8abd-0c8d0614e721,ספר טלטולי שבת,Unknown,,SKIPPED,,"status=""failed""",,,ספר טלטולי שבת,Unknown
47867981-5eee-447b-8a41-3e7a3cc8a298,ביות מוכח,Unknown,,SKIPPED,,"status=""failed""",,,ביות מוכח,Unknown
484f2a5a-8036-48e3-8848-6b7405a9c34d,Краткая Еврейская Энциклопедия,"Ицхак Орен, Натали Прат",,SKIPPED,,"status=""failed""",,,Краткая Еврейская Энциклопедия,"Ицхак Орен, Натали Прат"
4881534c-248f-422a-8bbb-a2c4a2a88f92,גן שמוא,שמואל א. שטראוס,,SKIPPED,,"status=""failed""",,,גן שמוא,שמואל א. שטראוס
4932005d-34db-4e05-b373-45dfcfa8745e,Собрание сочинений,A. II. HEX0B,,SKIPPED,,"status=""failed""",,,Собрание сочинений,A. II. HEX0B
4a6d1c01-97b1-450f-8ee6-6f50f92a25b3,SYлTAKOB,M.A.,,SKIPPED,,"status=""failed""",,,SYлTAKOB,M.A.
4aaa0197-b2b0-49eb-9de5-220295eba0c5,זיין לעבען און קאטף,"הרב חם, צבי עור",,SKIPPED,,"status=""failed""",,,זיין לעבען און קאטף,"הרב חם, צבי עור"
4ad912d4-5d9e-4fa1-a247-ca991f4fda8c,The International Migration Review,Unknown,,SKIPPED,,"status=""failed""",,,The International Migration Review,Unknown
4b6c7e27-ef2e-4ed5-86cb-aa43948dc412,לשמע אל הרנה ואל התפלה,אליהו נחום פרוש גליקמן,,SKIPPED,,"status=""failed""",,,לשמע אל הרנה ואל התפלה,אליהו נחום פרוש גליקמן
4bf83732-dab3-4b9b-ac17-6b427863d1fc,"Women and the Messianic Heresy of Sabbatai Zevi, 1666 - 1816",Ada Rapoport-Albert,,SKIPPED,,"status=""failed""",,,"Women and the Messianic Heresy of Sabbatai Zevi, 1666 - 1816",Ada Rapoport-Albert
4c7a8338-723a-482a-ba80-c548ebe97be1,Gregorius Nazianzenus: Carmina,Gregorius,,SKIPPED,,"status=""needs_review""",,,Gregorius Nazianzenus: Carmina,Gregorius
4d28b7f1-01b3-4e35-926c-b484f6326e24,אוסף תעודות ארמיות ממצרים העתיקה,בצלאל פורטן - עדה ירדני,,SKIPPED,,"status=""failed""",,,אוסף תעודות ארמיות ממצרים העתיקה,בצלאל פורטן - עדה ירדני
4d7770bd-3a9e-45b1-aa0d-6b9674ad3b60,BALLAP,Unknown,,SKIPPED,,"status=""failed""",,,BALLAP,Unknown
4d82369e-8680-4e09-874e-61b60bf31f17,SODRAHM,BOADO,,SKIPPED,,"status=""failed""",,,SODRAHM,BOADO
4e63e881-d0ca-46fd-80f2-186a69747cd3,The Cambridge Ancient History,Unknown,,SKIPPED,,"status=""failed""",,,The Cambridge Ancient History,Unknown
4e977d31-5de5-468e-a9e2-7f4c79176db0,Word-Tone Relations in Musical Thought,Don Harrán,,SKIPPED,,"status=""failed""",,,Word-Tone Relations in Musical Thought,Don Harrán
4ea26686-52fb-4bf2-bceb-8f52f47c2cfe,Athens From Cleisthenes to Pericles,Charles W. Fornara and Loren J. Samons II,,SKIPPED,,"status=""failed""",,,Athens From Cleisthenes to Pericles,Charles W. Fornara and Loren J. Samons II
4eaf44b1-3f88-48c3-bc23-ab60d4bc3b48,The Jew in American Society,Marshall Sklare,,SKIPPED,,"status=""failed""",,,The Jew in American Society,Marshall Sklare
4ebc4094-d6fa-48e8-9a34-494809495d4e,יות מובחר,Unknown,,SKIPPED,,"status=""failed""",,,יות מובחר,Unknown
4ec01d66-aaeb-4c41-9a96-e85e5fa03cdc,My Son... My Son... A CHRONICLE,Anna Stern,,SKIPPED,,"status=""failed""",,,My Son... My Son... A CHRONICLE,Anna Stern
4ec1ebcf-4db2-4b3d-bace-28dc335f9207,Questions and Exercises on Theory of Music,William Cole,,SKIPPED,,"status=""failed""",,,Questions and Exercises on Theory of Music,William Cole
4ec24dd3-ab2f-400b-8607-8d1ecb92995b,שערי תשובה,"Moshe Idel, Mortimer Ostow",,SKIPPED,,"status=""failed""",,,שערי תשובה,"Moshe Idel, Mortimer Ostow"
4ecd7b0c-e1d7-4fdb-8850-5c0ed8491379,MICHELANGELO,Unknown,,SKIPPED,,"status=""failed""",,,MICHELANGELO,Unknown
4ecfc738-939e-4f92-b7e2-36aa9d8091ae,TO LOVE THAT WELL,Grace Goldin,,SKIPPED,,"status=""failed""",,,TO LOVE THAT WELL,Grace Goldin
4ed5288c-5c46-4103-8ce5-ed2c96f6b97e,The Geography,Claudius Ptolemy,,SKIPPED,,"status=""failed""",,,The Geography,Claudius Ptolemy
4ee70253-a085-48af-9102-3a35e0de70e2,The New Bantam-Megiddo Hebrew/English Dictionary,Unknown,,SKIPPED,,"status=""failed""",,,The New Bantam-Megiddo Hebrew/English Dictionary,Unknown
4eefb3b2-3745-493b-9ec7-0ffe115cb444,"ADAM, EVE, AND THE SERPENT",ELAINE PAGELS,,SKIPPED,,"status=""failed""",,,"ADAM, EVE, AND THE SERPENT",ELAINE PAGELS
4ef65794-5ffd-4f53-9c61-c97b07fdefbc,Caesar,Matthias Gelzer,,SKIPPED,,"status=""failed""",,,Caesar,Matthias Gelzer
4ef9b109-0050-489f-bfc5-a69d44b62c63,Spanish-English English-Spanish Dictionary,Carlos Castillo and Otto F. Bond,,SKIPPED,,"status=""failed""",,,Spanish-English English-Spanish Dictionary,Carlos Castillo and Otto F. Bond
4ef9c445-9005-4160-889e-7d036aec6ced,Chinese Acupuncture and Moxibustion,Unknown,,SKIPPED,,"status=""failed""",,,Chinese Acupuncture and Moxibustion,Unknown
4efacf8a-ef6c-4e4f-b8b0-eaa6575c0f69,The English Gentleman's Wife,Douglas Sutherland,,SKIPPED,,"status=""failed""",,,The English Gentleman's Wife,Douglas Sutherland
4f0c7081-da22-43e1-bb34-c23e8714ccf3,אריזה,Unknown,,SKIPPED,,"status=""failed""",,,אריזה,Unknown
4f2800d6-8831-4f0e-a4ef-ee8fc7277fd5,החמרת החלון The Middle East,לא,,SKIPPED,,"status=""failed""",,,החמרת החלון The Middle East,לא
4f354e7f-7fc0-445a-9dae-ad958bac16df,Mycenaeans and Minoans,Leonard R. Palmer,,SKIPPED,,"status=""failed""",,,Mycenaeans and Minoans,Leonard R. Palmer
4f3a968e-eaee-4eb9-bc43-8e568fb43582,The Brothers Karamazov,Dostoyevsky,,SKIPPED,,"status=""failed""",,,The Brothers Karamazov,Dostoyevsky
4f42dc1b-cab0-4e8f-bd7a-947a63c21aa1,Italian Poetry,Luciano Rebay,,SKIPPED,,"status=""failed""",,,Italian Poetry,Luciano Rebay
4f53c9dd-fd7c-403a-980b-51de63dd72a5,רוש בקדושת שביעית,רב נוב רמת הגולן,,SKIPPED,,"status=""failed""",,,רוש בקדושת שביעית,רב נוב רמת הגולן
4f55f9ef-a165-4ccd-94bd-d4674673db4c,The Legends of the Jews,Louis Ginzberg,,SKIPPED,,"status=""failed""",,,The Legends of the Jews,Louis Ginzberg
4f66a8da-1ee4-4d61-bc30-34a9c8c6a625,DREAM INTERPRETATION,Rabbi Shelomo Almoli,,SKIPPED,,"status=""failed""",,,DREAM INTERPRETATION,Rabbi Shelomo Almoli
4f6deb8f-3ce9-4a82-bf96-11d90b448c27,THE SHOSHANA HAYMAN GREENBAUM EDITION EXPERIENCE THE PARADISE OF SHABBOS OASIS,RABBI ELIEZER M. NIEHAUS,,SKIPPED,,"status=""failed""",,,THE SHOSHANA HAYMAN GREENBAUM EDITION EXPERIENCE THE PARADISE OF SHABBOS OASIS,RABBI ELIEZER M. NIEHAUS
4f7717ec-7c5f-49fa-93bf-c97e8badf0d2,The Pelican History of Art,Rudolf Wittkower,,SKIPPED,,"status=""failed""",,,The Pelican History of Art,Rudolf Wittkower
4f796a59-99ef-4327-85d7-f860444e0d1a,CORDOBA,לי,,SKIPPED,,"status=""failed""",,,CORDOBA,לי
4f7ab3c5-37dc-4545-aea2-67cda0f0b219,Old Bohemian and Moravian Jewish Cemeteries,"Petr Ehl, Arno Pařík, Jiří Fiedler",,SKIPPED,,"status=""failed""",,,Old Bohemian and Moravian Jewish Cemeteries,"Petr Ehl, Arno Pařík, Jiří Fiedler"
4f7d4d0e-b16e-44b4-b111-9f643a54fd9a,COMBETARY ON BEDIG ADD ESSENCE,Unknown,,SKIPPED,,"status=""failed""",,,COMBETARY ON BEDIG ADD ESSENCE,Unknown
4f824de0-b58b-439e-bc5b-21d8390e8ab2,The Printing Revolution in Early Modern Europe,Elizabeth L. Eisenstein,,SKIPPED,,"status=""failed""",,,The Printing Revolution in Early Modern Europe,Elizabeth L. Eisenstein
4f8e42b2-6c17-49c5-b85a-68633c2729ce,The Spoils of Poynton,Henry James,,SKIPPED,,"status=""failed""",,,The Spoils of Poynton,Henry James
4fa5a6dc-33b5-4d8d-8903-3396767f4d1a,The Philosophy of Spinoza,Harry Austryn Wolfson,,SKIPPED,,"status=""failed""",,,The Philosophy of Spinoza,Harry Austryn Wolfson
4fa6108e-3ea2-43a6-9d5d-52101e109f6f,suomea suomeksi,Olli Nuutinen,,SKIPPED,,"status=""failed""",,,suomea suomeksi,Olli Nuutinen
4fbe40e3-1325-4436-9b9c-81ae80160f61,Teach Yourself Thai,Unknown,,SKIPPED,,"status=""failed""",,,Teach Yourself Thai,Unknown
4fc9627d-66a1-4698-bfa6-e6bd54afe411,Studies in Maimonides and His Interpreters,Stern,,SKIPPED,,"status=""failed""",,,Studies in Maimonides and His Interpreters,Stern
4fd79da2-8be3-401f-a75c-6d86a96bdb9a,The Treatise of the Pool Al-Maqala al-Hawdiyya,"Obadyah Maimonides, translated by Dr. Paul Fenton",,SKIPPED,,"status=""failed""",,,The Treatise of the Pool Al-Maqala al-Hawdiyya,"Obadyah Maimonides, translated by Dr. Paul Fenton"
4fda8f71-61f3-47e2-b408-777d1f2ec9d0,Wege nach Zion,Unknown,,SKIPPED,,"status=""failed""",,,Wege nach Zion,Unknown
4fe07e84-45f0-429b-8b4c-8cae02fd91c0,ARISTEAS to PHILOCRATES,(Letter of Aristeas),,SKIPPED,,"status=""failed""",,,ARISTEAS to PHILOCRATES,(Letter of Aristeas)
4ff3e4b3-d29c-4c49-b6e3-b5f9abf71456,THE WORLD OF ODYSSEUS,BY ALIINLE,,SKIPPED,,"status=""failed""",,,THE WORLD OF ODYSSEUS,BY ALIINLE
500243eb-48be-4ca4-b9b3-86c130196174,Race and Hope,Marjorie Grene,,SKIPPED,,"status=""failed""",,,Race and Hope,Marjorie Grene
501b3a2d-a5c8-4984-aa80-0920c7b03020,Grammaire Française,"J. Dubois, G. Jouannon, R. Lagane",,SKIPPED,,"status=""failed""",,,Grammaire Française,"J. Dubois, G. Jouannon, R. Lagane"
501e97a1-ea3a-4f4b-adad-8463f1a5334a,Equity in Jewish Law,Aaron Kirschenbaum,,SKIPPED,,"status=""failed""",,,Equity in Jewish Law,Aaron Kirschenbaum
502256ec-de48-4aac-b2a9-5407ab1c6176,Rodion Raskolnikoff (Schuld und Sühne),F. M. Dostojewski,,SKIPPED,,"status=""failed""",,,Rodion Raskolnikoff (Schuld und Sühne),F. M. Dostojewski
502680bb-a574-4275-b8e3-193440026bc2,The Gothic Image,Emile Mâle,,SKIPPED,,"status=""failed""",,,The Gothic Image,Emile Mâle
504e795e-997f-412c-9f31-dc3ebc9dc702,The Musa-nāma,R. Shim'on Ḥakham,,SKIPPED,,"status=""failed""",,,The Musa-nāma,R. Shim'on Ḥakham
50513e04-03ba-485e-968f-13f0caf60a47,Daumier,Roger Passeron,,SKIPPED,,"status=""failed""",,,Daumier,Roger Passeron
5052c336-b699-4f88-81e1-6fc32074c866,Collected Writings of Rabbi Samson Raphael Hirsch,Samson Raphael Hirsch,,SKIPPED,,"status=""failed""",,,Collected Writings of Rabbi Samson Raphael Hirsch,Samson Raphael Hirsch
506001d5-9850-47ca-9566-513c92496a40,THE JEW AND HIS HISTORY,LIONEL KOCHAN,,SKIPPED,,"status=""failed""",,,THE JEW AND HIS HISTORY,LIONEL KOCHAN
5078efb7-f77f-44c5-9da5-df36c7e27aea,Panjabi Manual and Grammar,T. Grahame Bailey and T. Cummings,,SKIPPED,,"status=""failed""",,,Panjabi Manual and Grammar,T. Grahame Bailey and T. Cummings
508ebcf5-f114-426c-bff2-cfec5bdc16a7,A Basic Grammar of the Ugaritic Language,Stanislav Segert,,SKIPPED,,"status=""failed""",,,A Basic Grammar of the Ugaritic Language,Stanislav Segert
5093d0ba-c8c0-4b92-ae8b-1b9991ead980,Archaic and Classical Greece,"Michael Crawford, David Whitehead",,SKIPPED,,"status=""failed""",,,Archaic and Classical Greece,"Michael Crawford, David Whitehead"
509bef19-127c-48a7-adff-30c6e5007151,From Christianity to Judaism: The Story of Isaac Orobio de Castro,Yosef Kaplan,,SKIPPED,,"status=""failed""",,,From Christianity to Judaism: The Story of Isaac Orobio de Castro,Yosef Kaplan
50ba71f6-aa4d-471a-b336-44ceb775d826,Religious Action: A National Challenge,Moshe Krone,,SKIPPED,,"status=""failed""",,,Religious Action: A National Challenge,Moshe Krone
50c08067-b10f-4976-becb-c05150d3c001,The Gul,Peter Ackroyd,,SKIPPED,,"status=""failed""",,,The Gul,Peter Ackroyd
50c0b86d-249b-4557-a3cc-9a39d870fa09,Diodorus of Sicily,C. H. Oldfather,,SKIPPED,,needs_review=true,,,Diodorus of Sicily,C. H. Oldfather
50cc773f-2deb-4f64-9e9d-e033b1f21bef,TZADDIK'S GUIDE TO JERUSALEM'S OLD CITY,Barnea Levi Selavan,,SKIPPED,,needs_review=true,,,TZADDIK'S GUIDE TO JERUSALEM'S OLD CITY,Barnea Levi Selavan
50e1d9a1-e68e-4ab8-bba8-502c1bdbe890,Medieval Jewish Philosophical Writings,Charles Manekin,,SKIPPED,,needs_review=true,,,Medieval Jewish Philosophical Writings,Charles Manekin
50e27325-7c6b-4f36-a672-8f56f37431cb,אוצר החיים,קסענלף,,SKIPPED,,needs_review=true,,,אוצר החיים,קסענלף
50e3fc3e-ceed-4dd6-960b-93102a2fa61c,Jubilee Volume,Salo Wittmayer Baron,,SKIPPED,,needs_review=true,,,Jubilee Volume,Salo Wittmayer Baron
50e655fc-3112-4130-88d9-44bb29e30d73,Wörterbuch der aegyptischen Sprache,Adolf Erman und Hermann Grapow,,SKIPPED,,needs_review=true,,,Wörterbuch der aegyptischen Sprache,Adolf Erman und Hermann Grapow
50f69111-cac5-4600-a2e1-4e9734d39f16,American Library Color Slide Catalogue of World Art,Nahum Tschacbasov,,SKIPPED,,needs_review=true,,,American Library Color Slide Catalogue of World Art,Nahum Tschacbasov
5103b626-a48d-432b-bbf4-152244575b88,Wörterbuch der aegyptischen Sprache,Adolf Erman und Hermann Grapow,,SKIPPED,,needs_review=true,,,Wörterbuch der aegyptischen Sprache,Adolf Erman und Hermann Grapow
5107f557-6a4c-4b9f-b43c-e6fa65f50748,ARISTOTELIS DIALOGORUM FRAGMENTA,R. WALZER,,SKIPPED,,needs_review=true,,,ARISTOTELIS DIALOGORUM FRAGMENTA,R. WALZER
5109c111-57f2-44ff-bdef-985ed0e2831b,Decline and Fall,Evelyn Waugh,,SKIPPED,,needs_review=true,,,Decline and Fall,Evelyn Waugh
510aafc4-11bf-42f1-8d40-b41b494f78ec,The Cambridge Companion to Herodotus,Carolyn Dewald and John Marincola,,SKIPPED,,needs_review=true,,,The Cambridge Companion to Herodotus,Carolyn Dewald and John Marincola
51122f17-01b4-48de-8373-6304d26ad154,Ab Urbe Condita Libri,"Titi Livi, Guilelmus Weissenborn, Mauritius Mueller",,SKIPPED,,needs_review=true,,,Ab Urbe Condita Libri,"Titi Livi, Guilelmus Weissenborn, Mauritius Mueller"
511f64f3-b317-483f-aaf0-45154579864f,A קריק,Unknown,,SKIPPED,,needs_review=true,,,A קריק,Unknown
51327789-45bb-4306-b9be-5d72610d2427,"Symphony No. 5, Op. 47",Dmitri Shostakovich,,SKIPPED,,needs_review=true,,,"Symphony No. 5, Op. 47",Dmitri Shostakovich
51334652-90ed-4e92-bfdb-8bbd2f54f339,THE GRANDEES,STEPHEN BIRMINGHAM,,SKIPPED,,needs_review=true,,,THE GRANDEES,STEPHEN BIRMINGHAM
5139365a-0741-42f7-ab85-60a8712cd5ff,LOGIC,Wilfrid Hodges,,SKIPPED,,needs_review=true,,,LOGIC,Wilfrid Hodges
516274c2-33b8-4a76-adb0-8a06b3c95c39,Studies in Greek Lyric Poetry: 1975-1985,Douglas E. Gerber,,SKIPPED,,needs_review=true,,,Studies in Greek Lyric Poetry: 1975-1985,Douglas E. Gerber
51679fc3-6228-4b20-84b5-24755de82efd,Jewish Travel Guide 2005,Unknown,,SKIPPED,,needs_review=true,,,Jewish Travel Guide 2005,Unknown
517042c0-4091-4d51-8a46-835f6810d74e,makING GOOD AGAIN,DAVIDSON,,SKIPPED,,needs_review=true,,,makING GOOD AGAIN,DAVIDSON
51843889-6757-4ade-a256-9e5121e95c86,גיל-גולו,Unknown,,SKIPPED,,needs_review=true,,,גיל-גולו,Unknown
51929247-21aa-439d-81bd-bbf547b3c076,Prints & People,A. Hyatt Mayor,,SKIPPED,,needs_review=true,,,Prints & People,A. Hyatt Mayor
5193a3ab-80da-4f18-9f78-6266e209f1fb,BESPATTERED PACE?,RONALD STENT,,SKIPPED,,needs_review=true,,,BESPATTERED PACE?,RONALD STENT
519f4ec3-4034-4f91-964a-7e92f3b4c5b5,Opera Philosophica,M. T. Ciceronis,,SKIPPED,,needs_review=true,,,Opera Philosophica,M. T. Ciceronis
51a259e4-a037-4f71-878a-dc8c528e1f9d,The Peasant Cantata,J. S. Bach,,SKIPPED,,needs_review=true,,,The Peasant Cantata,J. S. Bach
51b9adfe-74c2-43bb-baa3-29a446d003bc,CANTORIAL ANEROLOGY,GERSHON SPELOS,,SKIPPED,,needs_review=true,,,CANTORIAL ANEROLOGY,GERSHON SPELOS
51c061b2-1e76-4916-adaa-72f69a5fc658,THE RISE AND FALL OF ATHENS,PLUTARCH,,SKIPPED,,needs_review=true,,,THE RISE AND FALL OF ATHENS,PLUTARCH
51c86390-fbfc-428d-9c13-03aef17f9038,Piero Della Francesca,Unknown,,SKIPPED,,needs_review=true,,,Piero Della Francesca,Unknown
51d8bf8c-c290-4d73-a583-c0c625d9a6cb,The Right of the Jewish People to the Land of Israel,"American Zionist Youth Foundation, Inc.",,SKIPPED,,needs_review=true,,,The Right of the Jewish People to the Land of Israel,"American Zionist Youth Foundation, Inc."
51dab802-7def-49dd-b717-4590a4374008,Der Staat,Victor Ehrenberg,,SKIPPED,,needs_review=true,,,Der Staat,Victor Ehrenberg
51e019da-4056-444b-8ec0-ae0835092541,Diogenis Laertii Vitae Philosophorvm,H. S. Long,,SKIPPED,,needs_review=true,,,Diogenis Laertii Vitae Philosophorvm,H. S. Long
51fcb4b7-b0bb-4998-a4a8-2901e97bb55f,BEN-GURION AND THE BIRTH OF ISRAEL,JOAN COMAY,,SKIPPED,,needs_review=true,,,BEN-GURION AND THE BIRTH OF ISRAEL,JOAN COMAY
51ffd3f0-7c3c-442f-8626-f47440ba47cc,SANTA BIBLIA,Unknown,,SKIPPED,,needs_review=true,,,SANTA BIBLIA,Unknown
520221f6-45a9-455f-bbe8-db86f4968778,The Delusions of Invulnerability,G.E.R. Lloyd,,SKIPPED,,needs_review=true,,,The Delusions of Invulnerability,G.E.R. Lloyd
520a59f8-bc37-49d0-b02e-3c251665d55a,Man's Search for Meaning,Viktor E. Frankl,,SKIPPED,,needs_review=true,,,Man's Search for Meaning,Viktor E. Frankl
521ebb47-919d-4a5e-9a2c-dc4dc597a101,Al-Farabi's Commentary and Short Treatise on Aristotle's De Interpretatione,F. W. Zimmermann,,SKIPPED,,needs_review=true,,,Al-Farabi's Commentary and Short Treatise on Aristotle's De Interpretatione,F. W. Zimmermann
521ef046-6a6b-48b4-94ef-eb956b8b38d3,Aristotle's Poetics,Gerald F. Else,,SKIPPED,,needs_review=true,,,Aristotle's Poetics,Gerald F. Else
521f06e4-1bcc-4b1f-981b-b8590d8f73e2,The Muslim Discovery of Europe,Bernard Lewis,,SKIPPED,,needs_review=true,,,The Muslim Discovery of Europe,Bernard Lewis
52274292-a69e-4dab-9622-d6becb61513d,PERSIAN-ENGLISH DICTIONARY,S. Haim,,SKIPPED,,needs_review=true,,,PERSIAN-ENGLISH DICTIONARY,S. Haim
522b206e-328e-49dd-b173-4ee60e9671b7,Contre Ctésiphon,Eschine,,SKIPPED,,needs_review=true,,,Contre Ctésiphon,Eschine
52662174-90ef-43d5-a124-b5fd1e5b00a9,Greek Lyrics,Richmond Lattimore,,SKIPPED,,needs_review=true,,,Greek Lyrics,Richmond Lattimore
52731d79-2e24-49db-9fd3-2b617a51c489,A Tibetan ENGLISH DICTIONARY,Sarat Chandra Das,,SKIPPED,,needs_review=true,,,A Tibetan ENGLISH DICTIONARY,Sarat Chandra Das
5275294c-9c9b-4146-9149-90f9dfb9ca3b,HO,a,,SKIPPED,,needs_review=true,,,HO,a
52818977-8cf5-4f2e-87c7-809de14623d6,THE FISCHER-DIESKAU BOOK OF LIEDER,DIETRICH FISCHER-DIESKAU,,SKIPPED,,needs_review=true,,,THE FISCHER-DIESKAU BOOK OF LIEDER,DIETRICH FISCHER-DIESKAU
52b3278f-dc46-4903-969a-c16ec4af225f,THE BURDEN OF EGYPT,JOHN A. WILSON,,SKIPPED,,needs_review=true,,,THE BURDEN OF EGYPT,JOHN A. WILSON
52b48cf0-77aa-423f-a7e0-9a322020a9a8,Zuleika Dobson,Max Beerbohm,,SKIPPED,,needs_review=true,,,Zuleika Dobson,Max Beerbohm
52baf4d9-20f4-4eb8-be54-d897ed2a1000,FATHERS AND SONS,TURGENEV,,SKIPPED,,needs_review=true,,,FATHERS AND SONS,TURGENEV
52c76ae4-9400-42ed-b176-428e76a44fd3,The Archaeology of Palestine and the Bible,William Foxwell Albright,,SKIPPED,,needs_review=true,,,The Archaeology of Palestine and the Bible,William Foxwell Albright
52c7f2b9-f9c1-4160-8dda-b6366dd68543,Jus til sale all gulls & grill,J. A,,SKIPPED,,needs_review=true,,,Jus til sale all gulls & grill,J. A
52c84fc4-7668-4f48-8054-3b18c14a7a1b,PHOENIX Volume XLII: 2,Unknown,,SKIPPED,,needs_review=true,,,PHOENIX Volume XLII: 2,Unknown
52d18e3a-04b1-4a9d-9801-2c8adf7e9e46,From Epic to Canon,Frank Moore Cross,,SKIPPED,,needs_review=true,,,From Epic to Canon,Frank Moore Cross
52dea522-6c11-4f15-a181-80243de1f091,The Apocalypse in the Middle Ages,Richard K. Emmerson and Bernard McGinn,,SKIPPED,,needs_review=true,,,The Apocalypse in the Middle Ages,Richard K. Emmerson and Bernard McGinn
52dfe37d-1a27-4509-89ed-51ab9830a254,Studies in Maimonides,Bernard Septimus,,SKIPPED,,needs_review=true,,,Studies in Maimonides,Bernard Septimus
52e0919e-1064-4b8a-8e69-bb0494e90c13,Armenian (Eastern) Newspaper Reader and Grammar,R. David Zorc and Louisa Baghdasarian,,SKIPPED,,needs_review=true,,,Armenian (Eastern) Newspaper Reader and Grammar,R. David Zorc and Louisa Baghdasarian
52e58e71-445a-4e89-9e75-4931b63f5da3,Opera Omnia,"Xenophontis, E. C. Marchant",,SKIPPED,,needs_review=true,,,Opera Omnia,"Xenophontis, E. C. Marchant"
52f5e5e5-0501-4454-aa39-0f3773cc273c,A Conceptual Approach to the Mekilta,Max Kadushin,,SKIPPED,,needs_review=true,,,A Conceptual Approach to the Mekilta,Max Kadushin
53020efc-ce5f-453f-af0a-899e48728f47,Scripture and Translation,Martin Buber and Franz Rosenzweig,,SKIPPED,,needs_review=true,,,Scripture and Translation,Martin Buber and Franz Rosenzweig
5303aaec-991b-4418-9731-5bb7adf65028,THE STOA OF ATTALOS II IN ATHENS,Unknown,,SKIPPED,,needs_review=true,,,THE STOA OF ATTALOS II IN ATHENS,Unknown
530eacd2-1283-4bcc-acb2-382246f21ccb,SET THEORY,"ROBERT K. C. FORMAN, BROYDE, WITTE, Ó DÓNAILL, LERNER&MAH",,SKIPPED,,needs_review=true,,,SET THEORY,"ROBERT K. C. FORMAN, BROYDE, WITTE, Ó DÓNAILL, LERNER&MAH"
531e263b-4a0e-4bbe-a8be-eed1da9c8563,The Malbim on Megillas Esther,Mendel Weinbach,,SKIPPED,,needs_review=true,,,The Malbim on Megillas Esther,Mendel Weinbach
53255df7-ea34-4a01-8000-ee345d40092e,GREEK RELIGIONS,Françoise Ruzé,,SKIPPED,,needs_review=true,,,GREEK RELIGIONS,Françoise Ruzé
5329c55a-1d02-4468-ae7a-386ed8780b3c,Ansichten eines Clowns,Heinrich Böll,,SKIPPED,,needs_review=true,,,Ansichten eines Clowns,Heinrich Böll
538189a3-fb30-4b04-9c80-0b98d79e2a19,The Copper Age Temples Tarxien Malta,Prof. T. Zammit,,SKIPPED,,needs_review=true,,,The Copper Age Temples Tarxien Malta,Prof. T. Zammit
538966ad-24e1-4e13-97ed-93dd357e3d8e,Lady Luck,Warren Weaver,,SKIPPED,,needs_review=true,,,Lady Luck,Warren Weaver
53904afd-d771-4713-b2cd-eab7dc9c0087,The Rope,Plautus,,SKIPPED,,needs_review=true,,,The Rope,Plautus
5396c9e1-997b-4338-9465-a7d223c93a92,An Outline of Psycho-Analysis,Unknown,,SKIPPED,,needs_review=true,,,An Outline of Psycho-Analysis,Unknown
539aeadb-617e-4386-93ab-32353dfd3b0b,Free Speech in Classical Antiquity,Ineke Sluiter & Ralph M. Rosen,,SKIPPED,,needs_review=true,,,Free Speech in Classical Antiquity,Ineke Sluiter & Ralph M. Rosen
53a08ce7-15dc-443b-b260-2039c66b16dd,AUS GESCHICHTE UND LEBEN DER JUDEN IN WESTFALEN,Hans Ch. Meyer,,SKIPPED,,needs_review=true,,,AUS GESCHICHTE UND LEBEN DER JUDEN IN WESTFALEN,Hans Ch. Meyer
53a20196-0a28-4b5e-b301-ead5630321b6,ספר כרוך להרכבי,Unknown,,SKIPPED,,needs_review=true,,,ספר כרוך להרכבי,Unknown
53aaddf2-2e8b-4e40-bb63-e24abdd951cf,Judaeo-Yemenite Studies,Ephraim Isaac and Yosef Tobi,,SKIPPED,,needs_review=true,,,Judaeo-Yemenite Studies,Ephraim Isaac and Yosef Tobi
53abf95e-9d32-4db6-babf-5de000dfc71e,Early Astronomy,Thurston,,SKIPPED,,needs_review=true,,,Early Astronomy,Thurston
53ac92ce-dcf1-4678-a88b-88e30ba5d9b1,THE EMERGENCE AND LINGUISTIC BACKGROUND OF JUDEO-ARABIC,JOSHUA BLAU,,SKIPPED,,needs_review=true,,,THE EMERGENCE AND LINGUISTIC BACKGROUND OF JUDEO-ARABIC,JOSHUA BLAU
53af7f57-e40d-4720-856b-a1309244aced,PRACTICAL CRITICISM,I. A. Richards,,SKIPPED,,needs_review=true,,,PRACTICAL CRITICISM,I. A. Richards
53b25fae-f11c-462f-a3a4-5689deaea9e9,Traditional Japanese Music and Musical Instruments,William P. Malm,,SKIPPED,,needs_review=true,,,Traditional Japanese Music and Musical Instruments,William P. Malm
53c9608d-daca-469e-94b5-073449fb0ed1,Собрание сочинений в четырнадцати томах. Том десятый. Повести и рассказы,I.H. Толстой,,SKIPPED,,needs_review=true,,,Собрание сочинений в четырнадцати томах. Том десятый. Повести и рассказы,I.H. Толстой
53d42817-c62a-4001-af5c-70c9829ae3f2,Essays in Jewish Intellectual,"B. Richler, Altmann, Kalmin, Scholem, Drews, Buckler, Jean-Loun Chiflet, Cantor",,SKIPPED,,needs_review=true,,,Essays in Jewish Intellectual,"B. Richler, Altmann, Kalmin, Scholem, Drews, Buckler, Jean-Loun Chiflet, Cantor"
53d45fae-98e2-45c2-8a31-6453a5dde703,Women Talk,Debbie Shapiro,,SKIPPED,,needs_review=true,,,Women Talk,Debbie Shapiro
53e2d9e5-a24b-44f3-a53d-eddb0b3d98e4,Missing Persons,E.R. DODDS,,SKIPPED,,needs_review=true,,,Missing Persons,E.R. DODDS
53eda8b3-2524-4d8b-aa3b-ee0ff04c71be,Napoleon,Mereschkowskij,,SKIPPED,,needs_review=true,,,Napoleon,Mereschkowskij
53fa7827-5549-4a01-828f-37b7e9c175dc,Lawrence of Arabia,Alistair MacLean,,SKIPPED,,needs_review=true,,,Lawrence of Arabia,Alistair MacLean
540ce51c-d1f8-446a-b56b-40ca47f27e37,La Princesse de Clèves,Madame de Lafayette,,SKIPPED,,needs_review=true,,,La Princesse de Clèves,Madame de Lafayette
5427a796-d240-4abc-8154-8778368f9298,KPATKAM PUNERICKA,Unknown,,SKIPPED,,needs_review=true,,,KPATKAM PUNERICKA,Unknown
54394186-ce3d-434d-b7a6-128667b43d23,The Haskalah Movement in Russia,Jacob S. Raisin,,SKIPPED,,needs_review=true,,,The Haskalah Movement in Russia,Jacob S. Raisin
544b4ffe-eb4f-4661-b18b-a2bd2c6e222b,THE CASTLE,David,,SKIPPED,,needs_review=true,,,THE CASTLE,David
544e6115-2482-40cd-ab13-e7812ee73046,Apology of Socrates and Crito,Plato,,SKIPPED,,needs_review=true,,,Apology of Socrates and Crito,Plato
54655e87-eeff-4db6-8fcd-2118cbbdbcb2,Fables of Aesop,S. A. Handford,,SKIPPED,,needs_review=true,,,Fables of Aesop,S. A. Handford
546a835c-42cf-4b64-be51-83907659b694,A GUIDE TO MAIMONIDES'S Guide for the Perplexed,José Faur,,SKIPPED,,needs_review=true,,,A GUIDE TO MAIMONIDES'S Guide for the Perplexed,José Faur
546e6a2c-d259-4e93-a1d2-d4b57bef64e0,SOLOMON,Mel Buzaglo,,SKIPPED,,needs_review=true,,,SOLOMON,Mel Buzaglo
547cb553-cae5-40dc-ab45-33a1e69ffd04,The Knights Peace The Birds The Assemblywomen Wealth,Aristophanes,,SKIPPED,,needs_review=true,,,The Knights Peace The Birds The Assemblywomen Wealth,Aristophanes
547ed3f0-fea4-4da0-9599-e1857396b15e,Class & Class Structure,"Nicos Poulantzas, Stuart Hall, Paul Hirst, Alan Hunt, Vic Allen, Jean Gardiner, John Westergaard, Edited by Alan Hunt",,SKIPPED,,needs_review=true,,,Class & Class Structure,"Nicos Poulantzas, Stuart Hall, Paul Hirst, Alan Hunt, Vic Allen, Jean Gardiner, John Westergaard, Edited by Alan Hunt"
5489fb49-77c5-42cf-9ca1-f009eb4598cb,An Introduction to Plato's Republic,Julia Annas,,SKIPPED,,needs_review=true,,,An Introduction to Plato's Republic,Julia Annas
54988529-0150-49ff-9f57-6b7dd3cd791f,The Jews in the Duchy of Milan,Unknown,,SKIPPED,,needs_review=true,,,The Jews in the Duchy of Milan,Unknown
54a16e5d-5a12-43b0-8626-5473a794daa1,Quarterly Journal of the Music Library Association,Unknown,,SKIPPED,,needs_review=true,,,Quarterly Journal of the Music Library Association,Unknown
54a6c9c3-f18b-463f-812d-4f8e07582aca,A Finnish Grammar,Clemens Niemi,,SKIPPED,,needs_review=true,,,A Finnish Grammar,Clemens Niemi
54b408d0-ec84-4408-b55a-57e6e1caeea1,Buber on God and The Perfect Man,Pamela Vermes,,SKIPPED,,needs_review=true,,,Buber on God and The Perfect Man,Pamela Vermes
54bc7e4c-b2af-4a80-9719-21131766c985,Studies in Jewish Bibliography History and Literature,I. Edward Kiev,,SKIPPED,,needs_review=true,,,Studies in Jewish Bibliography History and Literature,I. Edward Kiev
54bdb4c3-d1dc-45a0-a7c8-72423a907b57,A HISTORY OF SICILY: Medieval Sicily 800-1713,DENIS MACK SMITH,,SKIPPED,,needs_review=true,,,A HISTORY OF SICILY: Medieval Sicily 800-1713,DENIS MACK SMITH
54cf5bd5-f2b4-43bc-a15c-4122de588de3,The Elements of Style,"William Strunk, Jr. & E. B. White",,SKIPPED,,needs_review=true,,,The Elements of Style,"William Strunk, Jr. & E. B. White"
54e1bd7a-21cf-447b-bec2-147eae836464,Tahkemoni: The Book of...,"Martin Cuert, Alharizi",,SKIPPED,,needs_review=true,,,Tahkemoni: The Book of...,"Martin Cuert, Alharizi"
54f1f360-effd-4d38-b6f6-8ebe3414a1a9,Lolita,Vladimir Nabokov,,SKIPPED,,needs_review=true,,,Lolita,Vladimir Nabokov
55002583-2e6e-4fb9-9a89-e86bd0ad9b91,"History of England, Volume III",G. M. Trevelyan,,SKIPPED,,needs_review=true,,,"History of England, Volume III",G. M. Trevelyan
5500db16-94d8-4715-8c94-ada7487f40b0,JUDAEUS,THE BAAL SHEM OF MICHELSTADT,,SKIPPED,,needs_review=true,,,JUDAEUS,THE BAAL SHEM OF MICHELSTADT
5500e46f-3432-4a42-b4e5-15c98cd1fafb,Mystical Poems of Rūmī 2,"Jalāl al-Dīn Rūmī, Translated by A. J. Arberry",,SKIPPED,,needs_review=true,,,Mystical Poems of Rūmī 2,"Jalāl al-Dīn Rūmī, Translated by A. J. Arberry"
550588b8-8906-434d-8969-5a7681a48ee8,Voltaire,Unknown,,SKIPPED,,needs_review=true,,,Voltaire,Unknown
55069de0-ffa3-4989-a4ae-e0d6720071f6,Carel Fabritius: Complete Edition with a catalogue raisonné,Christopher Brown,,SKIPPED,,needs_review=true,,,Carel Fabritius: Complete Edition with a catalogue raisonné,Christopher Brown
550dec65-249a-4501-a30a-ba127cf3e628,מפסגות גליל,Unknown,,SKIPPED,,needs_review=true,,,מפסגות גליל,Unknown
551434ef-b52e-42c8-96fd-db926210287d,ספר במדבר,Unknown,,SKIPPED,,needs_review=true,,,ספר במדבר,Unknown
551bc5ae-504e-420e-b490-b8a279577129,The Walnut Door,John Hersey,,SKIPPED,,needs_review=true,,,The Walnut Door,John Hersey
55293e72-42c5-4912-a1a2-ca0f2f722939,Neuägyptische Grammatik,Adolf Erman,,SKIPPED,,needs_review=true,,,Neuägyptische Grammatik,Adolf Erman
55317b1d-8528-4dd8-9309-0eb5ae418c6c,The Shape of Light,Suhrawardi,,SKIPPED,,needs_review=true,,,The Shape of Light,Suhrawardi
55346a3a-4fe7-4d1f-a6df-0a99a608d700,THE EMPEROR IN THE ROMAN WORLD,Fergus Millar,,SKIPPED,,needs_review=true,,,THE EMPEROR IN THE ROMAN WORLD,Fergus Millar
5555de14-7d48-4a56-b0ea-4d4285405322,Shakespeare,Shakespeare,,SKIPPED,,needs_review=true,,,Shakespeare,Shakespeare
5558469f-9e56-4fab-a93c-812a26fde0df,INTER FACES,Yan Wu,,SKIPPED,,needs_review=true,,,INTER FACES,Yan Wu
555c5f37-4903-4294-af94-28680aceb0c1,Vies XI,Plutarque,,SKIPPED,,needs_review=true,,,Vies XI,Plutarque
55a16c0c-a74a-479f-9e76-be3b2ca96d80,Greek Manuscripts,Unknown,,SKIPPED,,needs_review=true,,,Greek Manuscripts,Unknown
55b8f252-8fd5-4934-a774-6f2657196532,Medieval Ketubot from Sefarad,José Luis Lacave,,SKIPPED,,needs_review=true,,,Medieval Ketubot from Sefarad,José Luis Lacave
55cab918-f462-4ff5-b9c7-f7e19693b440,Analysis of Tonal Music: A Schenkerian Approach,"Allen Cadwallader, David Gagné",,SKIPPED,,needs_review=true,,,Analysis of Tonal Music: A Schenkerian Approach,"Allen Cadwallader, David Gagné"
55cad0c5-2d65-4edb-8c04-99f0fb76f5ec,Mozart Briefe,Unknown,,SKIPPED,,needs_review=true,,,Mozart Briefe,Unknown
55d0a0db-c3bd-4826-a37c-25e863fd7342,ENGLISH-ARABIC DICTIONARY,H.N. Wortabet and Harvey Porter,,SKIPPED,,needs_review=true,,,ENGLISH-ARABIC DICTIONARY,H.N. Wortabet and Harvey Porter
55d43c49-4452-4c19-b125-861199a49e17,FOURTH ANNUAL FOUNDERS DINNER,AMERICAN FRIENDS OF YESHIVOT BNEI AKIVA,,SKIPPED,,needs_review=true,,,FOURTH ANNUAL FOUNDERS DINNER,AMERICAN FRIENDS OF YESHIVOT BNEI AKIVA
55dc0af8-c9d8-4059-8270-4bd59ff734b4,Sophocles: A Study of Heroic Humanism,Cedric H. Whitman,,SKIPPED,,needs_review=true,,,Sophocles: A Study of Heroic Humanism,Cedric H. Whitman
55ee4ace-a04e-4c4e-9d78-a9dbb2c0c0fc,The Origins of Totalitarianism,Hannah Arendt,,SKIPPED,,needs_review=true,,,The Origins of Totalitarianism,Hannah Arendt
55ef144b-0bbd-43f6-8bd3-22b76ee900ac,ALS WAR'S EIN STUCK VON MIR,Carl Zuckmayer,,SKIPPED,,needs_review=true,,,ALS WAR'S EIN STUCK VON MIR,Carl Zuckmayer
55f52e5c-b455-4b01-9306-def941aefc85,LAROUSSE ENCYCLOPEDIA OF Renaissance and Baroque Art,GENERAL EDITOR RENÉ HUYGHE,,SKIPPED,,needs_review=true,,,LAROUSSE ENCYCLOPEDIA OF Renaissance and Baroque Art,GENERAL EDITOR RENÉ HUYGHE
55fe916c-f05f-41a4-b982-1eb744355568,Finger Rings FROM ANCIENT EGYPT TO THE PRESENT DAY,GERALD TAYLOR AND DIANA SCARISBRICK,,SKIPPED,,needs_review=true,,,Finger Rings FROM ANCIENT EGYPT TO THE PRESENT DAY,GERALD TAYLOR AND DIANA SCARISBRICK
55ff1d35-c5ae-4c5f-a96f-01a5793c869d,Menasseh ben Israel and his World,"Yosef Kaplan, Henry Mechoulan, Richard H. Popkin",,SKIPPED,,needs_review=true,,,Menasseh ben Israel and his World,"Yosef Kaplan, Henry Mechoulan, Richard H. Popkin"
560c100f-ee39-4157-a5e6-6714b19b7d84,Lincoln at GETTYSBURG,GARRY WILLS,,SKIPPED,,needs_review=true,,,Lincoln at GETTYSBURG,GARRY WILLS
5623b285-f4e5-4de1-89f8-c57dd8d35a0b,TORAH-JUDAISM AND THE STATE OF ISRAEL,URIEL ZIMMER,,SKIPPED,,needs_review=true,,,TORAH-JUDAISM AND THE STATE OF ISRAEL,URIEL ZIMMER
5624717a-78e1-41c6-8dcb-b5a7bf2efca7,ale,SHES,,SKIPPED,,needs_review=true,,,ale,SHES
56440492-c0f2-4857-a261-4100f1e465d6,The Sound Pattern of English,"Noam Chomsky, Morris Halle",,SKIPPED,,needs_review=true,,,The Sound Pattern of English,"Noam Chomsky, Morris Halle"
565d583c-882f-4dfe-9d20-79377390c39d,THE JEWISH WORLD,Unknown,,SKIPPED,,needs_review=true,,,THE JEWISH WORLD,Unknown
5668fb9a-b5f3-4498-85f9-1c35f50e2683,Discourse on Method,Rene Descartes,,SKIPPED,,needs_review=true,,,Discourse on Method,Rene Descartes
5677d633-2d98-4e0d-ad9f-eb48732cd053,Ein Jüdisches Lesebuch,Nahum Norbert Glatzer und Ludwig Strauss,,SKIPPED,,needs_review=true,,,Ein Jüdisches Lesebuch,Nahum Norbert Glatzer und Ludwig Strauss
5678bc56-a4ce-496c-a101-2cd2f78b27ff,מאמרי חכמה,חיים זעליג סלאנימסקי,,SKIPPED,,needs_review=true,,,מאמרי חכמה,חיים זעליג סלאנימסקי
567a1e3c-df84-43a3-8efb-4c16ca6f321b,Schir Zion Gesänge für den israelitischen Gollesdienst,"Salomon Sulzer, Joseph Sulzer",,SKIPPED,,needs_review=true,,,Schir Zion Gesänge für den israelitischen Gollesdienst,"Salomon Sulzer, Joseph Sulzer"
567c5279-8534-4a39-bdce-68bc63128446,The World's Great Chess Games,Reuben Fine,,SKIPPED,,needs_review=true,,,The World's Great Chess Games,Reuben Fine
568c27ea-55e6-498d-abca-1398e9702503,THE MEDIATORS,Henry David Gray,,SKIPPED,,needs_review=true,,,THE MEDIATORS,Henry David Gray
56923098-5662-4952-ab10-3e68bab77ab3,Theft in Athenian Law,David Cohen,,SKIPPED,,needs_review=true,,,Theft in Athenian Law,David Cohen
5693621b-3686-4b79-ba38-47b7098a5661,Fairy Tales,Hans Christian Andersen,,SKIPPED,,needs_review=true,,,Fairy Tales,Hans Christian Andersen
5694f873-d781-4012-afce-edf54da7459f,How Greek Science Passed to the Arabs,De Lacy O'Leary,,SKIPPED,,needs_review=true,,,How Greek Science Passed to the Arabs,De Lacy O'Leary
56bee1fb-79cc-43de-9bd3-0f7287574e44,Taber's Cyclopedic Medical Dictionary,Unknown,,SKIPPED,,needs_review=true,,,Taber's Cyclopedic Medical Dictionary,Unknown
56ca9944-8ca1-4a07-a3fd-eaafb745216f,THE LAW AND LEGAL THEORY OF THE GREEKS,J. WALTER JONES,,SKIPPED,,needs_review=true,,,THE LAW AND LEGAL THEORY OF THE GREEKS,J. WALTER JONES
56d2230c-05ac-4481-96e2-b11405e05a31,ELSŐ FELVONÁS,Unknown,,SKIPPED,,needs_review=true,,,ELSŐ FELVONÁS,Unknown
56d23715-eaac-4a66-b4fb-9cff829f44f3,A SANSKRIT GRAMMAR FOR STUDENTS,ARTHUR A. MACDONELL,,SKIPPED,,needs_review=true,,,A SANSKRIT GRAMMAR FOR STUDENTS,ARTHUR A. MACDONELL
56eb2d04-93a5-4ca8-845a-11946251ca0d,The Joys of Yiddish,Leo Rosten,,SKIPPED,,needs_review=true,,,The Joys of Yiddish,Leo Rosten
56f0c3b6-b6f7-4e39-ac1c-c3c48e5b393d,ETHICAL STUDIES,F. H. Bradley,,SKIPPED,,needs_review=true,,,ETHICAL STUDIES,F. H. Bradley
56f72ebd-a26c-453c-a324-2b93c97c5b8d,The Englishness of English Art,Nikolaus Pevsner,,SKIPPED,,needs_review=true,,,The Englishness of English Art,Nikolaus Pevsner
57065077-c9ff-4f76-ae1c-5bdd81459937,The Odyssey of Homer,W. B. Stanford,,SKIPPED,,needs_review=true,,,The Odyssey of Homer,W. B. Stanford
571f5335-6a97-47f1-aa34-7c7f18d3d6b3,capolavori di Faberge,Unknown,,SKIPPED,,needs_review=true,,,capolavori di Faberge,Unknown
5720263a-494d-45fb-b59c-4e064e87e373,קבלת שבת Gebete und Gesänge zum Eingang des Sabbath,D. NOWAKOWSKY,,SKIPPED,,needs_review=true,,,קבלת שבת Gebete und Gesänge zum Eingang des Sabbath,D. NOWAKOWSKY
572aff5d-04c8-4dee-b120-ecd6e15c2ef6,A SANSKRIT PRIMER,Unknown,,SKIPPED,,needs_review=true,,,A SANSKRIT PRIMER,Unknown
573b31a6-a9ce-4d96-924f-3561f65d0fde,The Garments of Torah,Michael Fishbane,,SKIPPED,,needs_review=true,,,The Garments of Torah,Michael Fishbane
573dbba6-0da2-426e-8014-64e92d490993,Introduction to Reference Sources in the Health Sciences,Unknown,,SKIPPED,,needs_review=true,,,Introduction to Reference Sources in the Health Sciences,Unknown
57473829-dc5b-476a-8029-603fce90210e,Overture to The Bartered Bride,Smetana,,SKIPPED,,needs_review=true,,,Overture to The Bartered Bride,Smetana
57554d90-0fc4-4247-bf27-f8cb28fa904a,A Tentative Bibliography of Geniza Documents,Shaul Shaked,,SKIPPED,,needs_review=true,,,A Tentative Bibliography of Geniza Documents,Shaul Shaked
575d606b-e1ee-427c-8024-2a2429356e73,An Albanian Historical Grammar,Stuart E. Mann,,SKIPPED,,needs_review=true,,,An Albanian Historical Grammar,Stuart E. Mann
575f23fb-3f2e-48e4-8cd5-37ee2f409163,The Egoist,George Meredith,,SKIPPED,,needs_review=true,,,The Egoist,George Meredith
57681b86-aeea-4abb-afc1-0c68709d34a2,The New Politicians of Fifth-Century Athens,W. Robert Connor,,SKIPPED,,needs_review=true,,,The New Politicians of Fifth-Century Athens,W. Robert Connor
57687092-a385-412c-9f3d-95bcd5c04edd,The Decline and Fall of the Roman Empire,Edward Gibbon,,SKIPPED,,needs_review=true,,,The Decline and Fall of the Roman Empire,Edward Gibbon
576cb9e1-eb26-46d1-9985-11f0fd9fb44c,ALEXANDRI ANABASIS,FLAVIVS ARRIANVS,,SKIPPED,,needs_review=true,,,ALEXANDRI ANABASIS,FLAVIVS ARRIANVS
576dbc4f-16a4-4c4c-9b76-b8c76f596516,HISTORY BEGINS AT SUMER,Samuel Noah Kramer,,SKIPPED,,needs_review=true,,,HISTORY BEGINS AT SUMER,Samuel Noah Kramer
576f5dc3-ead2-46e9-aa8c-b58a7059260e,Etymologisches Wörterbuch der rumänischen Sprache,Sextil Puşcariu,,SKIPPED,,needs_review=true,,,Etymologisches Wörterbuch der rumänischen Sprache,Sextil Puşcariu
57712ac3-4b57-4cc6-978d-c258ab92e674,The Doré Illustrations for Dante's Divine Comedy,Gustave Dore,,SKIPPED,,needs_review=true,,,The Doré Illustrations for Dante's Divine Comedy,Gustave Dore
5793dfb2-a2de-4eee-8f5f-82883b1bc9ab,Authority and the Sacred,Peter Brown,,SKIPPED,,needs_review=true,,,Authority and the Sacred,Peter Brown
57981634-2723-449a-972e-1f385414dd30,Selected Works,Karl Marx,,SKIPPED,,needs_review=true,,,Selected Works,Karl Marx
57a8d29e-196b-4428-a900-d65d64d792f4,TORAH TESTIFIES,Unknown,,SKIPPED,,needs_review=true,,,TORAH TESTIFIES,Unknown
57abb3d6-9d1d-42f2-b2de-df0283746fbf,SIDCOT SCHOOL REGISTER OF OLD SCHOLARS,Unknown,,SKIPPED,,needs_review=true,,,SIDCOT SCHOOL REGISTER OF OLD SCHOLARS,Unknown
57b56ae8-3277-40c7-b843-6cdfbac3afc6,The Histories IV,"Polybius, Translated by W. R. Paton",,SKIPPED,,needs_review=true,,,The Histories IV,"Polybius, Translated by W. R. Paton"
57b8234d-0037-4d7c-ba07-bde2838ac7df,AFTER BABEL,GEORGE STEINER,,SKIPPED,,needs_review=true,,,AFTER BABEL,GEORGE STEINER
57b92d15-2a57-4ab7-9d8b-ff4badb73faf,Dicit Rabbi Moyses,Görge K. Hasselhoff,,SKIPPED,,needs_review=true,,,Dicit Rabbi Moyses,Görge K. Hasselhoff
57bff543-6c0a-4a49-abd7-3b2335c5f4a8,"Created World, Revealed Word",Hava Tirosh-Samuelson,,SKIPPED,,needs_review=true,,,"Created World, Revealed Word",Hava Tirosh-Samuelson
57c009e2-a691-419e-9ad6-cdaf90e423c1,Kapellmeister Kreisler,E. T. A. Hoffmann,,SKIPPED,,needs_review=true,,,Kapellmeister Kreisler,E. T. A. Hoffmann
57f21092-48a5-4c00-bfa3-c9ded1e1561b,זמירות ישראל,S. NAUMBOURG,,SKIPPED,,needs_review=true,,,זמירות ישראל,S. NAUMBOURG
57fceaeb-49c1-4893-a5e3-78f87b9906a4,Whose Land?,James Parkes,,SKIPPED,,needs_review=true,,,Whose Land?,James Parkes
57feffb7-7187-4608-a12e-738a5e8747c1,Selected Short Stories,Anton Chekhov,,SKIPPED,,needs_review=true,,,Selected Short Stories,Anton Chekhov
582366ec-da68-4168-8dc2-78107d91feab,SHARPE'S HONOR,BERNARD CORNWELL,,SKIPPED,,needs_review=true,,,SHARPE'S HONOR,BERNARD CORNWELL
58269dc2-fa2d-4007-9bc5-45824c81616f,Spinoza,Stuart Hampshire,,SKIPPED,,needs_review=true,,,Spinoza,Stuart Hampshire
582734db-fcb2-4a1a-a19f-da1b7093dec6,Mordecai M. Kaplan Jubilee Volume,Mordecai M. Kaplan,,SKIPPED,,needs_review=true,,,Mordecai M. Kaplan Jubilee Volume,Mordecai M. Kaplan
5851a7c9-0d4d-4788-8db7-0945269590b5,The Symposium on Love or the Banquet,"Plato, translated by Percy B. Shelley",,SKIPPED,,needs_review=true,,,The Symposium on Love or the Banquet,"Plato, translated by Percy B. Shelley"
585e70e3-28a9-402b-af3a-086efb58357b,Offenbarung,Hirsch,,SKIPPED,,needs_review=true,,,Offenbarung,Hirsch
58678760-7edb-4606-8226-71f7e45fa77e,The Return of the Native,Thomas Hardy,,SKIPPED,,needs_review=true,,,The Return of the Native,Thomas Hardy
586afdf6-5926-4994-b4a1-3341e0554fa2,On Liberty,Pascal; Mill,,SKIPPED,,needs_review=true,,,On Liberty,Pascal; Mill
5876681a-b405-46f0-8610-029e065413a2,Houses I Called Home,Philipp Goldmann,,SKIPPED,,needs_review=true,,,Houses I Called Home,Philipp Goldmann
58872b0a-faf6-48a2-b767-484d0238667a,The Cambridge Companion to German Idealism,Karl Ameriks,,SKIPPED,,needs_review=true,,,The Cambridge Companion to German Idealism,Karl Ameriks
588bd035-2859-4491-a23f-519061c6d7f1,Great Singers on Great Singing,Jerome Hines,,SKIPPED,,needs_review=true,,,Great Singers on Great Singing,Jerome Hines
58b2f502-38c5-4ad4-a8b8-6bf0386d6e13,THE EXPULSION OF THE JEWS FROM SPAIN,HAIM BEINART,,SKIPPED,,needs_review=true,,,THE EXPULSION OF THE JEWS FROM SPAIN,HAIM BEINART
58c141c9-0f1d-412b-9050-614c466d1937,Typee: A Romance of the South Seas,Herman Melville,,SKIPPED,,needs_review=true,,,Typee: A Romance of the South Seas,Herman Melville
58d0c3b7-a66e-4cbe-b556-d5c1f3b810b8,A Short History of English Literature,B. Ifor Evans,,SKIPPED,,needs_review=true,,,A Short History of English Literature,B. Ifor Evans
58d68680-3511-4215-a62f-b769ba97861c,The Cambridge Companion to Hume,David Fate Norton,,SKIPPED,,needs_review=true,,,The Cambridge Companion to Hume,David Fate Norton
58dccae8-4261-40f8-95f9-0a3b0950c9ca,The Cambridge Companion to Berkeley,Kenneth P. Winkler,,SKIPPED,,needs_review=true,,,The Cambridge Companion to Berkeley,Kenneth P. Winkler
58de388f-215c-4e0d-b8e8-7fa03353438d,Moralia IV,Plutarchus,,SKIPPED,,needs_review=true,,,Moralia IV,Plutarchus
58e08874-1526-4736-b3c2-efe1c10a18cb,The Derveni Papyrus,Gábor Betegh,,SKIPPED,,needs_review=true,,,The Derveni Papyrus,Gábor Betegh
58eaed00-521d-4c45-8379-1cd0d26449c6,A Chinese-English Dictionary,RAYMO,,SKIPPED,,needs_review=true,,,A Chinese-English Dictionary,RAYMO
58f8edcd-184b-45ae-b462-ff8e0c487154,The Erythrae Decree,Leo Ingemann Highby,,SKIPPED,,needs_review=true,,,The Erythrae Decree,Leo Ingemann Highby
58ff2228-b22f-47f9-862a-7a90877c41ac,CRISIS AND LEADERSHIP: EPISTLES OF MAIMONIDES,"ABRAHAM HALKIN, DAVID HARTMAN",,SKIPPED,,needs_review=true,,,CRISIS AND LEADERSHIP: EPISTLES OF MAIMONIDES,"ABRAHAM HALKIN, DAVID HARTMAN"
5904e92c-ac82-4f0d-b00e-081e1c5846a1,fallsgles,Unknown,,SKIPPED,,needs_review=true,,,fallsgles,Unknown
5916e2a3-57ad-418b-b2cf-27a160e72a78,A CHINESE-ENGLISH DICTIONARY,Unknown,,SKIPPED,,needs_review=true,,,A CHINESE-ENGLISH DICTIONARY,Unknown
592ac389-2a70-4d14-8640-3cb1955aa86d,Prophetic,"Abraham Joshua Heschel, Edward K Kydlan",,SKIPPED,,needs_review=true,,,Prophetic,"Abraham Joshua Heschel, Edward K Kydlan"
5930662e-f172-4b83-8394-94c1b76dd22f,זמירות ישראל,S. NAUMBOURG,,SKIPPED,,needs_review=true,,,זמירות ישראל,S. NAUMBOURG
59382ee0-58e5-4dfe-b782-785c59748083,Daily Exercises For the Violoncello,Friedrich Grutzmacher,,SKIPPED,,needs_review=true,,,Daily Exercises For the Violoncello,Friedrich Grutzmacher
593c21ce-f971-4ecb-b84f-da93f58f7616,UNITED STATES SINCE 1865,John A. Krout,,SKIPPED,,needs_review=true,,,UNITED STATES SINCE 1865,John A. Krout
595396d1-079a-4fdd-ab6d-99fdd69121fb,Schire Beth Adonai oder Tempelgesänge,H. Weintraub,,SKIPPED,,needs_review=true,,,Schire Beth Adonai oder Tempelgesänge,H. Weintraub
595acf3f-1cac-48d3-ae4f-f51302ff4161,Italia: Studi e Ricerche Sulla Storia La Cultura E La Letteratura Degli Ebrei D'Italia,"Robert Bonfil, Umberto (Moshe David) Cassuto",,SKIPPED,,needs_review=true,,,Italia: Studi e Ricerche Sulla Storia La Cultura E La Letteratura Degli Ebrei D'Italia,"Robert Bonfil, Umberto (Moshe David) Cassuto"
596a3adf-c6e8-4534-bbf2-efc6c835c303,The Emergence of Jewish Artists,Unknown,,SKIPPED,,needs_review=true,,,The Emergence of Jewish Artists,Unknown
5971a4da-5f25-4a51-afa9-0ebaa977bb36,st. margaretha,Unknown,,SKIPPED,,needs_review=true,,,st. margaretha,Unknown
597d6680-5b28-4a5b-b74c-50ab79108f1f,CITIZENS,SIMON SCHAMA,,SKIPPED,,needs_review=true,,,CITIZENS,SIMON SCHAMA
598cc58a-d1ad-49c5-ba3d-822c453d2618,Science Across Cultures: The History of Non-Western Science,Helaine Selin,,SKIPPED,,needs_review=true,,,Science Across Cultures: The History of Non-Western Science,Helaine Selin
59a0be35-c9b6-4cce-8bcd-689407465674,Burial and ancient society,Ian Morris,,SKIPPED,,needs_review=true,,,Burial and ancient society,Ian Morris
59c979e9-089c-4d71-840f-8c0f7f8bd34f,Un Coup de dés,Stéphane Mallarmé,,SKIPPED,,needs_review=true,,,Un Coup de dés,Stéphane Mallarmé
59cc0119-9d7a-4e73-ac91-6ad572279d0e,LETTRES A SON FILS LUCIEN,CAMILLE PISSARRO,,SKIPPED,,needs_review=true,,,LETTRES A SON FILS LUCIEN,CAMILLE PISSARRO
59ce441b-5285-43f6-a4b5-39b7d9ec6910,THE BIG BOOK OF JEWISH HUMOR,WILLIAM NOVAK & MOSHE WALDOKS,,SKIPPED,,needs_review=true,,,THE BIG BOOK OF JEWISH HUMOR,WILLIAM NOVAK & MOSHE WALDOKS
59db6ecb-7129-4cff-935d-6dc027f20fc1,Sisi,Disteley,,SKIPPED,,needs_review=true,,,Sisi,Disteley
59ddb208-eaf1-4de2-b837-0afb2ee44edd,Romanisches Etymologisches Wörterbuch,W. Meyer-Lübke,,SKIPPED,,needs_review=true,,,Romanisches Etymologisches Wörterbuch,W. Meyer-Lübke
59dfc302-d41b-4b24-ac58-b6b4603594a1,XOLICIJ,adul LEA,,SKIPPED,,needs_review=true,,,XOLICIJ,adul LEA
59e1f17b-2c24-4672-9a11-995ac461508d,GOD AND EVIL,DAVID BIRNBAUM,,SKIPPED,,needs_review=true,,,GOD AND EVIL,DAVID BIRNBAUM
59f935fe-bd03-4113-8011-dd587c305c81,Logis in Einem Landhaus,W.G. Sebald,,SKIPPED,,needs_review=true,,,Logis in Einem Landhaus,W.G. Sebald
5a059a69-d0b6-47ec-90a4-376d4f99bc54,Republic,"Plato, translated by G.M.A. Grube, revised by C.D.C. Reeve",,SKIPPED,,needs_review=true,,,Republic,"Plato, translated by G.M.A. Grube, revised by C.D.C. Reeve"
5a22d4e2-5f18-40bc-b2ea-601618151e26,Spanish Simplified,Hugo,,SKIPPED,,needs_review=true,,,Spanish Simplified,Hugo
5a27e4b2-f84b-4823-8814-087e209fa911,The SINO-JUDAIC BIBLIOGRAPHIES of RUDOLF LOEWENTHAL,MICHAEL POLLAK,,SKIPPED,,needs_review=true,,,The SINO-JUDAIC BIBLIOGRAPHIES of RUDOLF LOEWENTHAL,MICHAEL POLLAK
5a2f6d55-f644-489c-ade9-859382c13514,The Sculpture of Donatello,By H. W. JANSON,,SKIPPED,,needs_review=true,,,The Sculpture of Donatello,By H. W. JANSON
5a36e29f-a595-4fcc-a61a-af4d5877636e,HOREB: Jewish Laws and Observances,Samson Raphael Hirsch,,SKIPPED,,needs_review=true,,,HOREB: Jewish Laws and Observances,Samson Raphael Hirsch
5a4f0052-3cb8-424d-818f-f9f2b0cb849e,Saturday THE RABBI WENT HUNGRY,Harry Kemelman,,SKIPPED,,needs_review=true,,,Saturday THE RABBI WENT HUNGRY,Harry Kemelman
5a615913-28e5-4ef8-b4a8-c262a0428206,Griechische Geschichte von den Anfängen bis in die Römische Kaiserzeit,Hermann Bengtson,,SKIPPED,,needs_review=true,,,Griechische Geschichte von den Anfängen bis in die Römische Kaiserzeit,Hermann Bengtson
5a6b60a5-b82a-4f9d-ad80-a3c6fb6ffd1f,A History of Political Theories: Ancient and Medieval,William Archibald Dunning,,SKIPPED,,needs_review=true,,,A History of Political Theories: Ancient and Medieval,William Archibald Dunning
5a6e7df2-599f-4c9d-acba-6b00b4c8836b,The Flammarion Book of Astronomy,Camille Flammarion,,SKIPPED,,needs_review=true,,,The Flammarion Book of Astronomy,Camille Flammarion
5a8b887f-becb-45cd-8712-0c08a4d0dc93,The Pocket Book of Ogden Nash,Ogden Nash,,SKIPPED,,needs_review=true,,,The Pocket Book of Ogden Nash,Ogden Nash
5a921eb7-093d-4b9e-9d99-3d29aae47068,Lumières sur la Paracha Volume: Devarim,Rav Emmanuel Bensimon,,SKIPPED,,needs_review=true,,,Lumières sur la Paracha Volume: Devarim,Rav Emmanuel Bensimon
5a967950-c6ba-437c-a4ca-3d580425df0a,Hesiod: Works and Days,M.L. West,,SKIPPED,,needs_review=true,,,Hesiod: Works and Days,M.L. West
5aa9631d-16d1-4a2f-ac57-baa7e0e28578,Atharva-Veda-Samhita,"William Dwight Whitney, Charles Rockwell Lanman",,SKIPPED,,needs_review=true,,,Atharva-Veda-Samhita,"William Dwight Whitney, Charles Rockwell Lanman"
5aab4a01-c492-44fe-a494-1e3648e79a2a,Discontinuity in Greek Civilization,Rhys Carpenter,,SKIPPED,,needs_review=true,,,Discontinuity in Greek Civilization,Rhys Carpenter
5ab7e9d1-f2cb-451f-96eb-4868720972b1,"Vies VI: Pyrrhos - Marius, Lysandre - Sylla",Plutarque,,SKIPPED,,needs_review=true,,,"Vies VI: Pyrrhos - Marius, Lysandre - Sylla",Plutarque
5ac47829-01e2-4050-b633-e9ecbc99d91a,THE BIBLE AS READ AND PREACHED IN THE OLD SYNAGOGUE,Unknown,,SKIPPED,,needs_review=true,,,THE BIBLE AS READ AND PREACHED IN THE OLD SYNAGOGUE,Unknown
5acde8f9-540c-4955-a029-84f3e236d6f1,The San Francisco Underground Gourmet,R. B. Read,,SKIPPED,,needs_review=true,,,The San Francisco Underground Gourmet,R. B. Read
5acf8726-71ad-435f-bf06-36eeed940359,Paris,Unknown,,SKIPPED,,needs_review=true,,,Paris,Unknown
5add7dfc-507e-4b5a-8b4b-77e7dc93fae2,A Guide to the Principal Coins of the Greeks,Barclay V. Head,,SKIPPED,,needs_review=true,,,A Guide to the Principal Coins of the Greeks,Barclay V. Head
5aec3c79-6d48-4991-83da-db3a6d11d46c,ANAXAGORAS AND THE BIRTH OF PHYSICS,Gershenson Greenberg,,SKIPPED,,needs_review=true,,,ANAXAGORAS AND THE BIRTH OF PHYSICS,Gershenson Greenberg
5af75ac3-509f-4262-83ea-4a8e23c01a34,"Records of Shelley, Byron, and the Author",Edward John Trelawny,,SKIPPED,,needs_review=true,,,"Records of Shelley, Byron, and the Author",Edward John Trelawny
5b06aa70-7618-4295-9745-8fd069a90f99,The Philosophy Of The Church Fathers,Harry A. Wolfson,,SKIPPED,,needs_review=true,,,The Philosophy Of The Church Fathers,Harry A. Wolfson
5b090c1b-8619-4fcd-8418-94010f556fe8,NONII MARCELLI DE CONPENDIOSA DOCTRINA,Wallace M. Lindsay,,SKIPPED,,needs_review=true,,,NONII MARCELLI DE CONPENDIOSA DOCTRINA,Wallace M. Lindsay
5b0c0a57-de9c-4641-8d9b-fb94e8859ccf,Faust,Charles Gounod,,SKIPPED,,needs_review=true,,,Faust,Charles Gounod
5b15454b-7151-4447-8747-7a6fb59a34a2,Die Flora Der Juden IV,Immanuel Löw,,SKIPPED,,needs_review=true,,,Die Flora Der Juden IV,Immanuel Löw
5b1716b0-8170-4812-8f3f-341d17c184ee,A SHORT HISTORY OF MUSIC,ALFRED EINSTEIN,,SKIPPED,,needs_review=true,,,A SHORT HISTORY OF MUSIC,ALFRED EINSTEIN
5b4171bb-4709-4ab2-b729-e82486792af2,LUCCA town of art,Unknown,,SKIPPED,,needs_review=true,,,LUCCA town of art,Unknown
5b434c4f-2733-48aa-8f31-4f6c797bf1ca,DEMOSTHENES AND AESCHINES,Demosthenes and Aeschines,,SKIPPED,,needs_review=true,,,DEMOSTHENES AND AESCHINES,Demosthenes and Aeschines
5b658bbf-22f6-4e1a-b865-ae4f079236d9,Euripides: Three Complete Greek Tragedies,David Grene and Richmond Lattimore (eds.),,SKIPPED,,needs_review=true,,,Euripides: Three Complete Greek Tragedies,David Grene and Richmond Lattimore (eds.)
5b742531-b81b-40fa-a474-3b17491331fc,Hebrew: The Eternal Language,William Chomsky,,SKIPPED,,needs_review=true,,,Hebrew: The Eternal Language,William Chomsky
5b75d855-cf14-4440-aa6b-b17c090a6dd7,American Journal of Ancient History,"Noel Robertson, Andrew Chugg, Sarolta A. Takács",,SKIPPED,,needs_review=true,,,American Journal of Ancient History,"Noel Robertson, Andrew Chugg, Sarolta A. Takács"
5b9e5075-7eaa-4c2a-ac55-10a9a01f0f33,Spreading the Word,Unknown,,SKIPPED,,needs_review=true,,,Spreading the Word,Unknown
5ba4144b-459b-41b9-8d66-f9187467db52,Chinese-English Dictionary,Unknown,,SKIPPED,,needs_review=true,,,Chinese-English Dictionary,Unknown
5ba44370-bb09-4eee-93b0-0cbb6a16cdc9,FROM A LOGICAL POINT OF VIEW,WILLARD VAN ORMAN QUINE,,SKIPPED,,needs_review=true,,,FROM A LOGICAL POINT OF VIEW,WILLARD VAN ORMAN QUINE
5bbd4da5-08e1-40a9-9bf0-30522fbece48,N.K.J,Unknown,,SKIPPED,,needs_review=true,,,N.K.J,Unknown
5bbdd4ca-7e20-408d-8276-f163500be96d,ONE,Unknown,,SKIPPED,,needs_review=true,,,ONE,Unknown
5bc792e0-13c1-469b-a6ee-429dde1cf9a3,הרב דד. חויב באה,Unknown,,SKIPPED,,needs_review=true,,,הרב דד. חויב באה,Unknown
5bda6cce-5cc3-49af-af2d-4569fd4a95fa,SOCRATES AND THE STATE,Richard Kraut,,SKIPPED,,needs_review=true,,,SOCRATES AND THE STATE,Richard Kraut
5bdf51e3-0d9d-4a46-b34d-a378379055da,The Art of Listening,JM,,SKIPPED,,needs_review=true,,,The Art of Listening,JM
5c064d23-c6e0-42a6-8775-7225d9d72df1,AALL Directory and Handbook,American Association of Law Libraries,,SKIPPED,,needs_review=true,,,AALL Directory and Handbook,American Association of Law Libraries
5c09410f-d5e6-47f2-9d2b-2533943aeb05,England,Nikos Kazantzakis,,SKIPPED,,needs_review=true,,,England,Nikos Kazantzakis
5c099008-6272-41b0-a3b6-d8d39c7e0f0e,ירושלים,Unknown,,SKIPPED,,needs_review=true,,,ירושלים,Unknown
5c1093ce-3c18-47c9-87b6-d69999321f01,The Oxford English-Russian Dictionary,AA JA,,SKIPPED,,needs_review=true,,,The Oxford English-Russian Dictionary,AA JA
5c16db3c-4e97-4c98-86a8-c4101cda4029,ואלה שמות: מחקרים באוצר השמות היהודיים,Unknown,,SKIPPED,,needs_review=true,,,ואלה שמות: מחקרים באוצר השמות היהודיים,Unknown
5c31d7f6-45fd-48e7-af7a-de5b60eed93c,The Mediaeval Artist at Work,Virginia Wylie Egbert,,SKIPPED,,needs_review=true,,,The Mediaeval Artist at Work,Virginia Wylie Egbert
5c495958-8991-4dcf-8804-0a92f2457718,Europe in the Sixteenth Century,"H.G. Koenigsberger, George L. Mosse, G. Q. Bowler",,SKIPPED,,needs_review=true,,,Europe in the Sixteenth Century,"H.G. Koenigsberger, George L. Mosse, G. Q. Bowler"
5c4d580b-261e-473a-8a72-e700be19fb61,The Zincali; An Account of The Gypsies of Spain,George Borrow,,SKIPPED,,needs_review=true,,,The Zincali; An Account of The Gypsies of Spain,George Borrow
5c528bac-f6d7-4092-9cdb-bccc4f99a53d,The Meccan Revelations,Ibn Al 'Arabi,,SKIPPED,,needs_review=true,,,The Meccan Revelations,Ibn Al 'Arabi
5c550775-006f-4581-a0b0-e8fa735e88fa,The Cambridge Companion to Kierkegaard,"Alastair Hannay, Gordon D. Marino",,SKIPPED,,needs_review=true,,,The Cambridge Companion to Kierkegaard,"Alastair Hannay, Gordon D. Marino"
5c5525a1-cdce-4243-a298-ac751189b267,The Way of Response,"Martin Buer, Edited by Nahum N. Glatzer",,SKIPPED,,needs_review=true,,,The Way of Response,"Martin Buer, Edited by Nahum N. Glatzer"
5c683ced-b00c-4692-8c8a-e108d6ef763d,Michelangelo: The Sistine Chapel Ceiling,"Charles Seymour, Jr.",,SKIPPED,,needs_review=true,,,Michelangelo: The Sistine Chapel Ceiling,"Charles Seymour, Jr."
5c735082-1221-4e4f-9cdd-bea58726df83,The Growth of the American Republic,Samuel Eliot Morison and Henry Steele Commager,,SKIPPED,,needs_review=true,,,The Growth of the American Republic,Samuel Eliot Morison and Henry Steele Commager
5c80ddd3-9db3-4390-90c7-535885426bb7,Gesenius' Hebrew Grammar,"Gesenius, Kautzsch, Cowley, Euting, Lidzbarski",,SKIPPED,,needs_review=true,,,Gesenius' Hebrew Grammar,"Gesenius, Kautzsch, Cowley, Euting, Lidzbarski"
5c8165d8-637a-4382-be51-f83170478de1,חכמה ומוסר / CHOCHMO U'MUSSAR: An Original Approach to Sidrah Interpretation,RAV DR. SALOMON BREUER,,SKIPPED,,needs_review=true,,,חכמה ומוסר / CHOCHMO U'MUSSAR: An Original Approach to Sidrah Interpretation,RAV DR. SALOMON BREUER
5c82dc01-2769-4d15-ba84-dbef4d321e5e,Поэмы,M.IO. Лермонтов,,SKIPPED,,needs_review=true,,,Поэмы,M.IO. Лермонтов
5c93031e-d7c1-432e-a7a0-58b166a0855b,Eine kleine Nachtmusik KV 525,Mozart,,SKIPPED,,needs_review=true,,,Eine kleine Nachtmusik KV 525,Mozart
5c9efe0b-205b-4246-a38a-38aa2298f00c,Selections from Homer's Iliad,Benner,,SKIPPED,,needs_review=true,,,Selections from Homer's Iliad,Benner
5cba7376-9f7a-44cc-a9a9-62dd4107cbcc,TEACH YOURSELF,Unknown,,SKIPPED,,needs_review=true,,,TEACH YOURSELF,Unknown
5cbd3a63-ea13-46d6-89d2-6fcaa87f2cf2,Fascinating Torah Prophecies Currently Unfolding,Rabbi Nisan Aryeh Novick,,SKIPPED,,needs_review=true,,,Fascinating Torah Prophecies Currently Unfolding,Rabbi Nisan Aryeh Novick
5cbe066b-b591-4779-8059-6e3803992036,KOL RINAH UTFILAH,Reverend Samuel E. Manchester,,SKIPPED,,needs_review=true,,,KOL RINAH UTFILAH,Reverend Samuel E. Manchester
5cc5ae9f-08d0-4f03-a5e7-d047cff044f4,My Strange Quest For Mensonge,Malcolm Bradbury,,SKIPPED,,needs_review=true,,,My Strange Quest For Mensonge,Malcolm Bradbury
5cdb4038-5cde-4293-b007-ffac2d6d6141,L'Éducation Sentimentale,Gustave Flaubert,,SKIPPED,,needs_review=true,,,L'Éducation Sentimentale,Gustave Flaubert
5cdb7c58-f38f-4b4d-9dcf-fcc53289440c,Engelsk Dansk / Dansk Engelsk,Unknown,,SKIPPED,,needs_review=true,,,Engelsk Dansk / Dansk Engelsk,Unknown
5ce26c24-077f-4801-b956-2dea31f24950,Logic,Wesley C. Salmon,,SKIPPED,,needs_review=true,,,Logic,Wesley C. Salmon
5ce512b8-7e59-4b3b-9d6c-26cda44defe7,RUSSIAN-JEWISH GIVEN NAMES,BORIS FELDBLYUM,,SKIPPED,,needs_review=true,,,RUSSIAN-JEWISH GIVEN NAMES,BORIS FELDBLYUM
5cf58207-e0c3-441d-bf0d-b643a203e5f3,Secular View of the Bible. The Evidences as to Jesus,Constantine Garthenbach,,SKIPPED,,needs_review=true,,,Secular View of the Bible. The Evidences as to Jesus,Constantine Garthenbach
5cf8a352-690c-4613-af69-aebb292c009a,Ulysses Annotated,Don Gifford with Robert J. Seidman,,SKIPPED,,needs_review=true,,,Ulysses Annotated,Don Gifford with Robert J. Seidman
5cfb231a-6955-4d21-b8c8-621888c2c9ab,The Legends of the Jews,Louis Ginzberg,,SKIPPED,,needs_review=true,,,The Legends of the Jews,Louis Ginzberg
5d0dea8c-821c-47ac-90fd-5bc43925cf64,Cyclops,"Euripides, Richard Seaford",,SKIPPED,,needs_review=true,,,Cyclops,"Euripides, Richard Seaford"
5d232d13-3be9-42d2-82e2-09bbb4d0e28e,Pirkei Avoth,Lehmann-Prins,,SKIPPED,,needs_review=true,,,Pirkei Avoth,Lehmann-Prins
5d30a459-8914-460d-84dd-01daa3aaec90,Il Tabarro,Puccini,,SKIPPED,,needs_review=true,,,Il Tabarro,Puccini
5d411f3d-3f86-4b01-b3a8-ffe18a56e9aa,THEATRE COMPLET,"Molière, Robert Jouanny",,SKIPPED,,needs_review=true,,,THEATRE COMPLET,"Molière, Robert Jouanny"
5d424327-538c-466b-9972-7d3ae5b127ff,Studies in the Early History of Judaism,Unknown,,SKIPPED,,needs_review=true,,,Studies in the Early History of Judaism,Unknown
5d5f001b-9a80-438c-9771-34281c7c0ad7,Problèmes de la guerre en Grèce ancienne,Jean-Pierre Vernant,,SKIPPED,,needs_review=true,,,Problèmes de la guerre en Grèce ancienne,Jean-Pierre Vernant
5d5f0703-d9a5-4838-8ae9-37b5165a4710,THE MIDDLE AGES IN THE ATHENIAN AGORA,Unknown,,SKIPPED,,needs_review=true,,,THE MIDDLE AGES IN THE ATHENIAN AGORA,Unknown
5d6074e5-2b9d-4858-8d39-d99ccabd087f,Turner's Rivers of Europe,Unknown,,SKIPPED,,needs_review=true,,,Turner's Rivers of Europe,Unknown
5d6b805b-4984-4923-b7e4-382efca2d26f,CATALOGUE OF BOOKS,"U. BUчNFEU18 squar, GMFULTFU",,SKIPPED,,needs_review=true,,,CATALOGUE OF BOOKS,"U. BUчNFEU18 squar, GMFULTFU"
5d75327c-3407-4c94-87f7-c0c884a3e696,ALLEGORY,JON WHITMAN,,SKIPPED,,needs_review=true,,,ALLEGORY,JON WHITMAN
5d7904b7-5a56-41f0-90ae-e941cfa50587,Magic Spells and Formulae: Aramaic Incantations of Late Antiquity,Joseph Naveh and Shaul Shaked,,SKIPPED,,needs_review=true,,,Magic Spells and Formulae: Aramaic Incantations of Late Antiquity,Joseph Naveh and Shaul Shaked
5d80116b-25ed-4e02-9085-3e1c6a99b194,Renoir my father,Unknown,,SKIPPED,,needs_review=true,,,Renoir my father,Unknown
5d998db7-4051-410b-85b4-a75ebe09c241,אונזער תורה,פיני בעל־לשון,,SKIPPED,,needs_review=true,,,אונזער תורה,פיני בעל־לשון
5dbbd91d-d8e7-4430-b579-81a69432108d,Musica Judaica,American Society for Jewish Music,,SKIPPED,,needs_review=true,,,Musica Judaica,American Society for Jewish Music
5dd14da1-ee1e-4261-b08c-a69ffcf0894a,Così fan tutte,Mozart,,SKIPPED,,needs_review=true,,,Così fan tutte,Mozart
5dec47f3-0f3f-47b7-8b61-7a569e30d7ea,FRIDAY THE RABBI SLEPT LATE,HARRY KEMELMAN,,SKIPPED,,needs_review=true,,,FRIDAY THE RABBI SLEPT LATE,HARRY KEMELMAN
5df35c0d-e619-45b3-a634-f21fffb55d94,DIE DRITTE WALPURGISNACHT,KARL KRAUS,,SKIPPED,,needs_review=true,,,DIE DRITTE WALPURGISNACHT,KARL KRAUS
5e0869ba-e5c9-4248-bcf5-1fbb067fe6af,עולם המוסיקה,משה גורלי,,SKIPPED,,needs_review=true,,,עולם המוסיקה,משה גורלי
5e28db03-5103-4e50-9bb6-3a0148e1ca12,Concise Atlas of Europe,Unknown,,SKIPPED,,needs_review=true,,,Concise Atlas of Europe,Unknown
5e2b939f-cb59-425a-8f7b-7aeae4d81e6d,A SOCIAL and RELIGIOUS HISTORY OF THE JEWS,SALO WITTMAYER BARON,,SKIPPED,,needs_review=true,,,A SOCIAL and RELIGIOUS HISTORY OF THE JEWS,SALO WITTMAYER BARON
5e39571e-763e-438d-aafe-727bd4de0c08,The Plays and Fragments,R. C. Jebb,,SKIPPED,,needs_review=true,,,The Plays and Fragments,R. C. Jebb
5e4a5f18-b2eb-40bf-8e7c-af6def34962e,STUDIES IN JEWISH BABYLONIAN ARAMAIC,"HUGH THURSTON, MORRIS",,SKIPPED,,needs_review=true,,,STUDIES IN JEWISH BABYLONIAN ARAMAIC,"HUGH THURSTON, MORRIS"
5e7425a1-bc57-49ff-b776-0cf4ad99e5e5,The Holocaust Diaries Sisters Storm in the,Anna Eilenberg,,SKIPPED,,needs_review=true,,,The Holocaust Diaries Sisters Storm in the,Anna Eilenberg
5e85c8ef-3f4c-48bc-979e-ea1ca979b9b5,CONFRONTING OMNICIDE,edited by Daniel Landes,,SKIPPED,,needs_review=true,,,CONFRONTING OMNICIDE,edited by Daniel Landes
5e8947a1-ec1d-43d6-8e15-681554737f03,The Heroic Deeds of Gargantua & Pantagruel,Rabelais,,SKIPPED,,needs_review=true,,,The Heroic Deeds of Gargantua & Pantagruel,Rabelais
5e96f824-43e4-4111-9520-421fb119f7f9,NO,Unknown,,SKIPPED,,needs_review=true,,,NO,Unknown
5ea8353b-7a12-4bf6-a57a-1ee3d1c08907,אידישע געשיכטע,"אברהם אבנו בה היא עצמעע צייט, פּ. ויערניק",,SKIPPED,,needs_review=true,,,אידישע געשיכטע,"אברהם אבנו בה היא עצמעע צייט, פּ. ויערניק"
605d4390-3154-4461-ad1d-7a9b9aacdb7d,The Decline and Fall of the Roman Empire,Edward Gibbon,,SKIPPED,,needs_review=true,,,The Decline and Fall of the Roman Empire,Edward Gibbon
60669482-8cd3-4237-bbcf-d275fcf49523,נטון,DEURBER,,SKIPPED,,needs_review=true,,,נטון,DEURBER
60ef6657-b0b3-4d90-b040-76df93d40232,"דרשות, רעדעס און לעקטשורס",Unknown,,SKIPPED,,needs_review=true,,,"דרשות, רעדעס און לעקטשורס",Unknown
614620a6-6a51-4f9a-bb3d-a835a592a8e2,The gateway to Jewish song,Judith Kaplan Eisenstein,,SKIPPED,,"status=""failed""",,,The gateway to Jewish song,Judith Kaplan Eisenstein
6173b8d7-8f69-4d49-ab21-6c1d34dcd34f,"Encyclopaedia of the History of Science, Technology, and Medicine in Non-Western Cultures",Helaine Selin (Editor),,SKIPPED,,needs_review=true,,,"Encyclopaedia of the History of Science, Technology, and Medicine in Non-Western Cultures",Helaine Selin (Editor)
618df56a-6601-4e6f-a4b5-117b249b5a1a,קדוש בקדושת שביעית,GRACE GOLDIN,,SKIPPED,,needs_review=true,,,קדוש בקדושת שביעית,GRACE GOLDIN
61c338f1-7f8f-402d-ad6b-765458fdc66e,Shire Tefilah,Elieser Gerovitsch,,SKIPPED,,"status=""needs_review""",,,Shire Tefilah,Elieser Gerovitsch
61d37fb8-76c9-4a52-996d-306c53b195e6,Selected Works,Karl Marx,,SKIPPED,,needs_review=true,,,Selected Works,Karl Marx
6201acfb-7e41-4ac7-a921-ab982ae68988,ΙΣΤΟΡΗΝ Ε,Unknown,,SKIPPED,,needs_review=true,,,ΙΣΤΟΡΗΝ Ε,Unknown
621d9349-0a7e-4bd9-a0a9-5e3dba67b1ea,Cancionero sofe: The Music of Yossele Rosenblatt,Henry Rosenblatt,,SKIPPED,,needs_review=true,,,Cancionero sofe: The Music of Yossele Rosenblatt,Henry Rosenblatt
622f8382-f245-4b82-8127-f808d9648436,Reclaiming the Rural,Kim Donehower; Charlotte Hogg; Eileen E Schell,,SKIPPED,,"status=""failed""",,,Reclaiming the Rural,Kim Donehower; Charlotte Hogg; Eileen E Schell
62581a42-3731-4bf3-bc78-2e4b56a7dd96,"Wochentage, Sabbath, Festtage; nebst drei Anhängen",Unknown,,SKIPPED,,"status=""needs_review""",,,"Wochentage, Sabbath, Festtage; nebst drei Anhängen",Unknown
63fafc1a-98a0-4bc3-a7a3-1b20d02ebb85,Opera Philosophica,M. T. Ciceronis,,SKIPPED,,needs_review=true,,,Opera Philosophica,M. T. Ciceronis
64a79e4e-b962-485f-a73d-a37dc67c865e,דוש בקדושת שביעית,נוברמת הגולן,,SKIPPED,,needs_review=true,,,דוש בקדושת שביעית,נוברמת הגולן
64f79824-fe5d-4012-be14-7ef6e84eb323,טקסטים קלאסיים קלים מתוך - אלפחירי,פרופ' לצרוס יפה,,SKIPPED,,needs_review=true,,,טקסטים קלאסיים קלים מתוך - אלפחירי,פרופ' לצרוס יפה
652a5b73-6d9c-41db-96f6-ae9620f99d43,LANT KENKYUSI,Unknown,,SKIPPED,,needs_review=true,,,LANT KENKYUSI,Unknown
65c882ae-a2aa-4530-9041-cb7e563d35c7,Quarterly Journal of the Music Library Association,Unknown,,SKIPPED,,needs_review=true,,,Quarterly Journal of the Music Library Association,Unknown
66333527-af9d-4381-870f-18dff6717f35,DK Eyewitness The Netherlands,DK Eyewitness,,SKIPPED,,"status=""needs_review""",,,DK Eyewitness The Netherlands,DK Eyewitness
666a4c3e-1021-4835-a6cc-142c9aaca747,הגולן,Unknown,,SKIPPED,,needs_review=true,,,הגולן,Unknown
66aacee2-0d61-4da0-b12d-79f524f38033,Textures of Materials : ICOTOM 14,Paul van Houtte; Leo Kestens,,SKIPPED,,"status=""needs_review""",,,Textures of Materials : ICOTOM 14,Paul van Houtte; Leo Kestens
66c14026-1b79-4657-9044-93ff4c93dd6e,הגולן,Unknown,,SKIPPED,,needs_review=true,,,הגולן,Unknown
66cd5f2a-a84a-4c40-a133-2a869b094104,"Participatory Rural Appraisal, Abstracts of Sources",Sheelagh Stewart,,SKIPPED,,"status=""failed""",,,"Participatory Rural Appraisal, Abstracts of Sources",Sheelagh Stewart
6703a7c0-3c89-4d0a-83f4-a720d830403e,"Tales for Latin Prose Composition, Arranged with Notes and Vocabulary",George Henry Wells,,SKIPPED,,"status=""needs_review""",,,"Tales for Latin Prose Composition, Arranged with Notes and Vocabulary",George Henry Wells
675f66fe-a6ec-4225-8e8b-268beeb59b64,молитвы на разные случаи,Unknown,,SKIPPED,,needs_review=true,,,молитвы на разные случаи,Unknown
67907ba4-921e-4f07-a117-d8ddb301ac6f,Sefer Devar Ester,David Kahana,,SKIPPED,,"status=""failed""",,,Sefer Devar Ester,David Kahana
67c46ec9-4c7a-4dc3-ac54-da8defdc3be7,"SB 574, Rape Criminal Reform",California. Legislature. Senate. Committee on Judiciary. Subcommittee on Violent Crime,,SKIPPED,,"status=""failed""",,,"SB 574, Rape Criminal Reform",California. Legislature. Senate. Committee on Judiciary. Subcommittee on Violent Crime
68110ae3-ef76-424c-9d2d-1ec49c24a22e,Marele Dicționar de Greșeli de Dactilografie în Limba Română. Omisiune a unei singure litere – III.11 T-Z,Cornéliu Tocan,,SKIPPED,,"status=""failed""",,,Marele Dicționar de Greșeli de Dactilografie în Limba Română. Omisiune a unei singure litere – III.11 T-Z,Cornéliu Tocan
6886af6c-3ac8-4852-a8c4-eb9b6addb134,Ill Seen Ill Said,Samuel Beckett,,SKIPPED,,"status=""failed""",,,Ill Seen Ill Said,Samuel Beckett
696c1f20-8a32-429e-b4a8-e019c988dc10,תְּפִלּוֹת לְכָל הַשָּׁנָד / Gebetbuch für das ganze Jahr,Unknown,,SKIPPED,,needs_review=true,,,תְּפִלּוֹת לְכָל הַשָּׁנָד / Gebetbuch für das ganze Jahr,Unknown
696c9bd5-6bc9-400b-b831-23f356d99cb3,כלים בשימוש האדם הקדמון,פליקס בוריאן ואריך פרידמן,,SKIPPED,,needs_review=true,,,כלים בשימוש האדם הקדמון,פליקס בוריאן ואריך פרידמן
699bd9a0-237f-48a6-954d-bcc204d44e15,Quellenbuch zur jüdischen Geschichte und Literatur,Julius Höxter,,SKIPPED,,"status=""needs_review""",,,Quellenbuch zur jüdischen Geschichte und Literatur,Julius Höxter
69bc73bf-c473-4958-af05-af4a337d12e0,Home Mortgage Lending and Solar Energy,David Barrett; Peter Epstein; Charles Monroe Haar,,SKIPPED,,"status=""needs_review""",,,Home Mortgage Lending and Solar Energy,David Barrett; Peter Epstein; Charles Monroe Haar
6a8f8281-7bc8-4eaa-a99e-4546e20aae7f,כל האמת על אלילי הפופ,עם רפפור,,SKIPPED,,needs_review=true,,,כל האמת על אלילי הפופ,עם רפפור
6abb07e6-ea36-49c4-afcc-376baebc7070,Kommentar zu den Psalmen: Zweiter Teil,Unknown,,SKIPPED,,needs_review=true,,,Kommentar zu den Psalmen: Zweiter Teil,Unknown
6abb9a72-9a95-4df6-b0a4-108048003bbd,Music in the Western World,Piero Weiss and Richard Taruskin,,SKIPPED,,needs_review=true,,,Music in the Western World,Piero Weiss and Richard Taruskin
6ac12d6f-2169-4f23-9664-148b81cc53b5,The Doctor's Dilemma,Bernard Shaw,,SKIPPED,,needs_review=true,,,The Doctor's Dilemma,Bernard Shaw
6ac5cf9a-75e7-4564-9d82-f38f0fc55111,TWELVE STEPS and TWELVE TRADITIONS,Alcoholics Anonymous,,SKIPPED,,needs_review=true,,,TWELVE STEPS and TWELVE TRADITIONS,Alcoholics Anonymous
6aec9c27-d5b1-49ac-a5fb-033aa6c91ec6,Selected Poetry of W.H. Auden,W.H. Auden,,SKIPPED,,needs_review=true,,,Selected Poetry of W.H. Auden,W.H. Auden
6af44c92-0559-42df-975f-50128d4dc166,Storia della Tradizione e Critica del Testo,Giorgio Pasquali,,SKIPPED,,needs_review=true,,,Storia della Tradizione e Critica del Testo,Giorgio Pasquali
6b01a20a-459e-4e31-b08d-7f70b53515cf,At the Dawn of Civilization: The World History of the Jewish People,Unknown,,SKIPPED,,needs_review=true,,,At the Dawn of Civilization: The World History of the Jewish People,Unknown
6b01dc5e-d7a1-436d-bc51-3a1d6d9c1280,Fontainebleau,N.K.J,,SKIPPED,,needs_review=true,,,Fontainebleau,N.K.J
6b10c6f2-bc90-4302-80ac-456e95a2d966,תורה נביאים וכתובים,יהואש,,SKIPPED,,needs_review=true,,,תורה נביאים וכתובים,יהואש
6b112f3c-250a-494b-85cb-aa9f8f2e7581,The Cambridge Ancient History,Unknown,,SKIPPED,,needs_review=true,,,The Cambridge Ancient History,Unknown
6b349549-c34d-4ef5-85f5-8466d43ab5c6,Taschenwörterbuch der englischen und deutschen Sprache,Edmund Klatt,,SKIPPED,,needs_review=true,,,Taschenwörterbuch der englischen und deutschen Sprache,Edmund Klatt
6b40ca44-40d7-4c9e-8c9e-3b1e95c22608,From Marshall to Keynes,Eprime Eshag,,SKIPPED,,needs_review=true,,,From Marshall to Keynes,Eprime Eshag
6b5786f8-294a-4995-bc6d-a85ef088561f,CHRISTIAN LIBERTY,MARTIN LUTHER,,SKIPPED,,needs_review=true,,,CHRISTIAN LIBERTY,MARTIN LUTHER
6b78e4c0-da97-4412-a8f0-6653572332c1,Pirke Abot,Unknown,,SKIPPED,,needs_review=true,,,Pirke Abot,Unknown
6b7a0adf-ccb2-4a56-943c-6cb592629060,Gedanke Und Tat,Hugo Montgomery,,SKIPPED,,needs_review=true,,,Gedanke Und Tat,Hugo Montgomery
6b826727-e685-4296-94be-cb53c82101b2,TWO TREATISES OF GOVERNMENT,JOHN LOCKE,,SKIPPED,,needs_review=true,,,TWO TREATISES OF GOVERNMENT,JOHN LOCKE
6b82fc3c-22db-4639-baa2-d8e801b086ce,Herr Puntila und sein Knecht Matti,Bertolt Brecht,,SKIPPED,,needs_review=true,,,Herr Puntila und sein Knecht Matti,Bertolt Brecht
6b8851d9-6ef6-4ece-bca9-36e84b768797,The Oxford History of MEDIEVAL EUROPE,Edited by George Holmes,,SKIPPED,,needs_review=true,,,The Oxford History of MEDIEVAL EUROPE,Edited by George Holmes
6b92725d-7bea-4586-a0c8-819c467135c5,THE WORLD OF LAWS & THE WORLD OF CHANCE,JAMES R. NEWMAN,,SKIPPED,,needs_review=true,,,THE WORLD OF LAWS & THE WORLD OF CHANCE,JAMES R. NEWMAN
6b951e31-de57-4173-9da2-2354b34ca905,ECHOES OF GLORY,BEREL WEN,,SKIPPED,,needs_review=true,,,ECHOES OF GLORY,BEREL WEN
6b95b383-17b1-4037-aef1-1ad4a564a543,"תפלה בעד שלום המלך והמלכה יר""ה",Unknown,,SKIPPED,,needs_review=true,,,"תפלה בעד שלום המלך והמלכה יר""ה",Unknown
6b9b6499-b1b7-4b16-a071-1a2594d87e1d,Sefer Ha-'Iqqarim,Joseph Albo,,SKIPPED,,needs_review=true,,,Sefer Ha-'Iqqarim,Joseph Albo
6ba52f14-7e37-4b00-954f-22f53ee2da51,Etymologisches Wörterbuch der Deutschen Sprache,Friedrich Kluge,,SKIPPED,,needs_review=true,,,Etymologisches Wörterbuch der Deutschen Sprache,Friedrich Kluge
6ba97bc7-acb7-4eb5-93d4-29c07eba85fd,בצדקה תכונני,מלככי וגלוכי כלס הספרדיס,,SKIPPED,,needs_review=true,,,בצדקה תכונני,מלככי וגלוכי כלס הספרדיס
6baac185-1ae7-40e3-ba0a-03f4b5363333,The Illustrated History of the Jews,Unknown,,SKIPPED,,needs_review=true,,,The Illustrated History of the Jews,Unknown
6bad5f18-a667-426e-864a-54a4d869ea85,YEAR COURSE,"PATRICIA ANNE DAVIS, DONALD V. OPRENDEK",,SKIPPED,,needs_review=true,,,YEAR COURSE,"PATRICIA ANNE DAVIS, DONALD V. OPRENDEK"
6bb32e5e-6c75-44a6-a6b5-f5a7d282039b,Opuscula Academica,Iohannis Vahleni,,SKIPPED,,needs_review=true,,,Opuscula Academica,Iohannis Vahleni
6bd4cbba-b869-495a-9687-df655cf1e390,THE ALPHABET OF CREATION,Ben Shahn,,SKIPPED,,needs_review=true,,,THE ALPHABET OF CREATION,Ben Shahn
6bd5a157-0ae3-4bc3-99ff-0137b4cad60e,PROMETHEUS VINCTUS,AESCHYLUS,,SKIPPED,,needs_review=true,,,PROMETHEUS VINCTUS,AESCHYLUS
6be30e79-6e8c-407f-970e-e6973194317b,A Greek Grammar,William W. Goodwin,,SKIPPED,,needs_review=true,,,A Greek Grammar,William W. Goodwin
6bee6eb5-3bc0-4951-bb92-0ed58d3660cc,The Nico Castel Ladino Song Book,"Nico Castel, arranged by Richard J. Neumann",,SKIPPED,,needs_review=true,,,The Nico Castel Ladino Song Book,"Nico Castel, arranged by Richard J. Neumann"
6befae96-89db-4176-b017-e79656a67f56,"Astronomical Tables of the Sun, Moon, and Planets",Jean Meeus,,SKIPPED,,needs_review=true,,,"Astronomical Tables of the Sun, Moon, and Planets",Jean Meeus
6bf2294f-319c-4414-8efa-1dc44a3d42b1,"Old Persian: Grammar, Texts, Lexicon",Roland G. Kent,,SKIPPED,,needs_review=true,,,"Old Persian: Grammar, Texts, Lexicon",Roland G. Kent
6c130e54-fb7f-4508-a739-7a5bbec5854a,The Sabbath Service: The Complete Musical Liturgy,Hazzan Israel Alter,,SKIPPED,,needs_review=true,,,The Sabbath Service: The Complete Musical Liturgy,Hazzan Israel Alter
6c14fa93-33b8-40a5-8c24-a746eed3cdb2,The God That Failed,"André Gide, Richard Wright, Arthur Koestler, Stephen Spender, Ignazio Silone, Louis Fischer",,SKIPPED,,needs_review=true,,,The God That Failed,"André Gide, Richard Wright, Arthur Koestler, Stephen Spender, Ignazio Silone, Louis Fischer"
6c2e2a9b-58ed-4c45-8cbc-026b6c8d38af,Dignitatis contentio,Kurt Raaflaub,,SKIPPED,,needs_review=true,,,Dignitatis contentio,Kurt Raaflaub
6c30c9f9-3fad-4687-8896-c18681a17d67,Under the Net,Iris Murdoch,,SKIPPED,,needs_review=true,,,Under the Net,Iris Murdoch
6c46414a-55e1-4b7d-bdcd-f32396e49bb5,GRIECHISCHE KULTURGESCHICHTE,BURCKHARDT,,SKIPPED,,needs_review=true,,,GRIECHISCHE KULTURGESCHICHTE,BURCKHARDT
6c532860-8b3d-447e-aa87-c161094d9612,Preserved Evidence,Anna Eilenberg-Eibeshitz,,SKIPPED,,"status=""needs_review""",,,Preserved Evidence,Anna Eilenberg-Eibeshitz
6c6a18d6-98f8-4e4f-83cc-561bf5bcbb27,A History of Sicily,M. I. Finley,,SKIPPED,,needs_review=true,,,A History of Sicily,M. I. Finley
6c71ab56-7f2e-4379-a456-1401742d1900,The Spirit of Medieval Philosophy,Etienne Gilson,,SKIPPED,,needs_review=true,,,The Spirit of Medieval Philosophy,Etienne Gilson
6c78338f-ecb7-41b9-b3f2-0d0aeb190180,A Way in the World,V. S. Naipaul,,SKIPPED,,needs_review=true,,,A Way in the World,V. S. Naipaul
6c789d7a-bac8-4dc3-bfae-e84b8e055d5a,The Nicomachean Ethics,Aristotle,,SKIPPED,,needs_review=true,,,The Nicomachean Ethics,Aristotle
6c954138-b90f-412c-9214-1882a2c6b550,The Monastery of St. Catherine,Unknown,,SKIPPED,,needs_review=true,,,The Monastery of St. Catherine,Unknown
6c95a14c-ae14-43e5-b161-01b67931de41,The Journal of the Association for Jewish Studies,Unknown,,SKIPPED,,needs_review=true,,,The Journal of the Association for Jewish Studies,Unknown
6ca14ef3-ea66-4557-afdc-f8382560c1c7,Kobbé's Opera Book,The Earl of Harewood,,SKIPPED,,needs_review=true,,,Kobbé's Opera Book,The Earl of Harewood
6cc98381-2671-43eb-8f3f-e635d91c204f,The Varieties of History,Fritz Stern,,SKIPPED,,needs_review=true,,,The Varieties of History,Fritz Stern
6cca5dd6-4378-4292-9181-05d1fe6559c2,Pharsalia Book I,Lucan,,SKIPPED,,needs_review=true,,,Pharsalia Book I,Lucan
6ce99db6-4d49-4318-b919-5cb0d410c627,Of Mind and Other Matters,Nelson Goodman,,SKIPPED,,needs_review=true,,,Of Mind and Other Matters,Nelson Goodman
6d00e5a2-e63c-4886-953c-3b1bdd79b378,JHK'S,Unknown,,SKIPPED,,needs_review=true,,,JHK'S,Unknown
6d102558-4011-4ae4-bb7c-2a6305113085,The Quarterly Journal of the Music Library Association,Unknown,,SKIPPED,,needs_review=true,,,The Quarterly Journal of the Music Library Association,Unknown
6d194031-4cdc-4e0a-80b5-18e570529d6d,HISTORY AND SILENCE PURGE AND REHABILITATION OF MEMORY IN LATE ANTIQUITY VRBIS AETERNAE VISTIGIA,CHARLES W. HEDRICK JR.,,SKIPPED,,needs_review=true,,,HISTORY AND SILENCE PURGE AND REHABILITATION OF MEMORY IN LATE ANTIQUITY VRBIS AETERNAE VISTIGIA,CHARLES W. HEDRICK JR.
6d1d3dab-c98c-453f-b19d-8b59d11bc7b8,Sanctuary,Ann Crittenden,,SKIPPED,,needs_review=true,,,Sanctuary,Ann Crittenden
6d1ed251-ac6a-4cc8-a48a-57a09c7a9aa5,A HERO OF OUR TIME,MIKHAIL LERMONTOY,,SKIPPED,,needs_review=true,,,A HERO OF OUR TIME,MIKHAIL LERMONTOY
6d3071da-bd18-4658-bf58-989042cb0f0f,Philosophische Schriften,L. Annaeus Seneca,,SKIPPED,,needs_review=true,,,Philosophische Schriften,L. Annaeus Seneca
6d347a8f-bcf1-47a8-ad6c-b3da208bd6e6,Athenaei Naucratitae Dipnosophistarvm Libri XV,Georgivs Kaibel,,SKIPPED,,needs_review=true,,,Athenaei Naucratitae Dipnosophistarvm Libri XV,Georgivs Kaibel
6d3a39bd-5040-4b87-a6fa-fcb01959097d,WELTGESCHICHTE IM ÜBERBLICK,KARL MEYER,,SKIPPED,,needs_review=true,,,WELTGESCHICHTE IM ÜBERBLICK,KARL MEYER
6d3d4b51-f8fa-4bef-ad3b-53e0317ae993,Gesetz und Billigkeit im Attischen Prozess,Harald Meyer-Laurin,,SKIPPED,,needs_review=true,,,Gesetz und Billigkeit im Attischen Prozess,Harald Meyer-Laurin
6d429e3b-0864-45a9-92d7-5557a5ae129f,THE GREEKS AND THE IRRATIONAL,BY E. R. DODDS,,SKIPPED,,needs_review=true,,,THE GREEKS AND THE IRRATIONAL,BY E. R. DODDS
6d863fe7-79e6-4a24-89f6-f097c0184d53,The Compact Edition of the Oxford English Dictionary,Unknown,,SKIPPED,,needs_review=true,,,The Compact Edition of the Oxford English Dictionary,Unknown
6d8851e3-be25-443d-8938-4e23dda2e8e4,HEPHAR FANTASY,ÕEAMKC B. KPEC,,SKIPPED,,needs_review=true,,,HEPHAR FANTASY,ÕEAMKC B. KPEC
6d8e075c-3ea1-487c-ab99-1564d2e8829c,What the Moon Brought,Sadie Rose Weilerstein,,SKIPPED,,needs_review=true,,,What the Moon Brought,Sadie Rose Weilerstein
6d8e34cb-2938-4fa5-bc27-eec62d8904da,Essays in Jewish Intellectual History,"Altmann, Scholem, Drews, Buckler, Chiflet, Kenny, Morrison, Coates, Morgenstern, Carrere",,SKIPPED,,needs_review=true,,,Essays in Jewish Intellectual History,"Altmann, Scholem, Drews, Buckler, Chiflet, Kenny, Morrison, Coates, Morgenstern, Carrere"
6d93fe82-0379-4658-85a6-272a802035d9,French Prints in the Era of Impressionism and Symbolism,Unknown,,SKIPPED,,needs_review=true,,,French Prints in the Era of Impressionism and Symbolism,Unknown
6da048a0-7fef-4d38-974c-396840e3bd96,Michelin PARIS and principal sights near by,Michelin,,SKIPPED,,needs_review=true,,,Michelin PARIS and principal sights near by,Michelin
6da40f56-5ee9-487e-89c2-aa512adbecf8,The Cambridge Companion to Abelard,Jeffrey E. Brower and Kevin Guilfoy,,SKIPPED,,needs_review=true,,,The Cambridge Companion to Abelard,Jeffrey E. Brower and Kevin Guilfoy
6da9fe90-e7d7-4947-ba7a-57bfd5eb5405,De Anima,"Aristotle, edited by Sir David Ross",,SKIPPED,,needs_review=true,,,De Anima,"Aristotle, edited by Sir David Ross"
6db02349-9b47-4d95-b149-8ecbf0de4ba6,THE USES OF TRADITION,EDITED BY JACK WERTHEIMER,,SKIPPED,,needs_review=true,,,THE USES OF TRADITION,EDITED BY JACK WERTHEIMER
6dbc5f96-7f7f-4b3a-878b-e40231d43471,Reference Grammar of Amharic,Wolf Leslau,,SKIPPED,,needs_review=true,,,Reference Grammar of Amharic,Wolf Leslau
6dcea338-f083-4fcc-b505-5b8db18e503b,COBPAHME COHHHHHHH TOM BOCьмой II0BECTH L PACCRA3,A. II. HEX0B,,SKIPPED,,needs_review=true,,,COBPAHME COHHHHHHH TOM BOCьмой II0BECTH L PACCRA3,A. II. HEX0B
6ddbe4da-4528-4c67-97a8-8f4bd386face,Geschichte Der Sozialen Frage Und Des Sozialismus In Der Antiken Welt,Robert Von Pohlmann,,SKIPPED,,needs_review=true,,,Geschichte Der Sozialen Frage Und Des Sozialismus In Der Antiken Welt,Robert Von Pohlmann
6dfe32f6-77b5-483f-8c98-152f2e2d84a6,YEAR BOOK 2001-2002,H.T MACNEILL,,SKIPPED,,needs_review=true,,,YEAR BOOK 2001-2002,H.T MACNEILL
6dfea652-1acd-4c87-a8a7-ec29f62ae51a,L'ÉTRANGER,ALBERT CAMUS,,SKIPPED,,needs_review=true,,,L'ÉTRANGER,ALBERT CAMUS
6e06e160-9385-4c8a-a620-4bb7890fbad5,Pascal User Manual and Report,"Kathleen Jensen, Niklaus Wirth",,SKIPPED,,needs_review=true,,,Pascal User Manual and Report,"Kathleen Jensen, Niklaus Wirth"
6e0b07ee-6946-4a23-8728-4180ead95e1d,Introduction to St. Thomas Aquinas,Anton C. Pegis,,SKIPPED,,needs_review=true,,,Introduction to St. Thomas Aquinas,Anton C. Pegis
6e11cc93-2b9b-475f-9da7-7694c05d5c8a,THE MOON AND SIXPENCE,W. Somerset Maugham,,SKIPPED,,needs_review=true,,,THE MOON AND SIXPENCE,W. Somerset Maugham
6e199ee5-c588-4602-8c1e-f9981f511db2,THE BIBLE DESIGNED TO BE READ AS LIVING LITERATURE,ERNEST SUTHERLAND BATES,,SKIPPED,,needs_review=true,,,THE BIBLE DESIGNED TO BE READ AS LIVING LITERATURE,ERNEST SUTHERLAND BATES
6e2161b8-adcb-44fe-9c77-2781b977c514,Aus dem Leben eines Taugenichts,Joseph von Eichendorff,,SKIPPED,,needs_review=true,,,Aus dem Leben eines Taugenichts,Joseph von Eichendorff
6e2763e4-2532-467e-b439-52e0552ee104,The Rosetta Stone,E.A. Wallis Budge,,SKIPPED,,needs_review=true,,,The Rosetta Stone,E.A. Wallis Budge
6e5c08d2-49d3-474f-a592-cd4848fd1a1d,שת שביעית אוצר בית דין,Unknown,,SKIPPED,,needs_review=true,,,שת שביעית אוצר בית דין,Unknown
6eedec71-1cb4-4084-a4da-6580bdcc7ee8,כשרבה שבתימרתון,מאיר פארברדו,,SKIPPED,,needs_review=true,,,כשרבה שבתימרתון,מאיר פארברדו
6fbfb13a-c683-4da4-b958-b9bedebacf32,AILYEXOB,Unknown,,SKIPPED,,needs_review=true,,,AILYEXOB,Unknown
7045e2ec-33f3-4418-8217-cd936fe940ae,המגיד,אליעזר ליפמאן זילבערמאן,,SKIPPED,,needs_review=true,,,המגיד,אליעזר ליפמאן זילבערמאן
70886654-7768-435d-a1b5-5ec6d5d0c62b,Genesis Chapter 1: (Hebrew) with English and Transliteration Line-By-Line,Seth L. Hunerwadel,,SKIPPED,,"status=""failed""",,,Genesis Chapter 1: (Hebrew) with English and Transliteration Line-By-Line,Seth L. Hunerwadel
71a7c9ae-b47a-4121-8078-2029aad0dab9,יות מובחרו,Unknown,,SKIPPED,,needs_review=true,,,יות מובחרו,Unknown
71d5776b-351f-4bfe-a8ee-54c03f556ab2,АНГЛО-РУССКИЙ СЛОВАРЬ,Unknown,,SKIPPED,,needs_review=true,,,АНГЛО-РУССКИЙ СЛОВАРЬ,Unknown
71e7c4c2-7655-4682-9717-70d36d9a3e73,"The Book of Psalms ""of David the King and Prophet""",Edward Faulkener,,SKIPPED,,"status=""failed""",,,"The Book of Psalms ""of David the King and Prophet""",Edward Faulkener
71f23357-ec6c-4c88-b56e-414b5f40ec39,הקירור,Unknown,,SKIPPED,,needs_review=true,,,הקירור,Unknown
72be324b-cddd-4cf5-975b-5526ae767a12,יישוב ארץ-ישראל בטרם ציונות,ישראל ברטל,,SKIPPED,,needs_review=true,,,יישוב ארץ-ישראל בטרם ציונות,ישראל ברטל
72bfedcd-a1f6-4a06-a882-8c9d8063ff9c,GулгAKOB,M.-A. ГулгAKOB,,SKIPPED,,needs_review=true,,,GулгAKOB,M.-A. ГулгAKOB
73384a29-42fb-49ac-a9ce-ffa2f49a1e5e,The Distributor Specialist,Shimon Eliyahu,,SKIPPED,,"status=""needs_review""",,,The Distributor Specialist,Shimon Eliyahu
741b8d66-276f-4e75-8508-1328d07a571e,Rinat Yehoshua,Joshua Lind,,SKIPPED,,"status=""needs_review""",,,Rinat Yehoshua,Joshua Lind
74a97d73-a200-4810-9c43-7bb6c9de5085,EPATBA KAPAMA30Bыl,Hocmoeboku,,SKIPPED,,needs_review=true,,,EPATBA KAPAMA30Bыl,Hocmoeboku
74c3c21b-6795-4a69-9192-1bc5e443145d,עבודה שבלב,Unknown,,SKIPPED,,needs_review=true,,,עבודה שבלב,Unknown
74c683d9-9be2-4816-a006-653d07725529,WÖRTERBUCH DER AEGYPTISCHEN SPRACHE,ADOLF ERMAN UND HERMANN GRAPOW,,SKIPPED,,needs_review=true,,,WÖRTERBUCH DER AEGYPTISCHEN SPRACHE,ADOLF ERMAN UND HERMANN GRAPOW
7611959c-e178-4081-96bd-3d47ab5d675d,שליט,Unknown,,SKIPPED,,needs_review=true,,,שליט,Unknown
761d2e05-779e-4b78-b8ae-fbd66a56c89e,געאָגראַפֿיע אָדער בעשרייבונג פון דער ערד,אַלכסנדר האַרקאַווי,,SKIPPED,,needs_review=true,,,געאָגראַפֿיע אָדער בעשרייבונג פון דער ערד,אַלכסנדר האַרקאַווי
77ebbfc0-8dc0-4271-bcd5-79dca347d92d,המוסיקה,ז'אק שאייה,,SKIPPED,,needs_review=true,,,המוסיקה,ז'אק שאייה
7871ded4-13b7-4a68-b3eb-f3534d27b4ad,Nollyėmė,Unknown,,SKIPPED,,needs_review=true,,,Nollyėmė,Unknown
78e3078d-d772-4f51-8dba-a8d6b5dd1c81,גבניות מובז,Unknown,,SKIPPED,,needs_review=true,,,גבניות מובז,Unknown
792b7840-8f12-4415-bae0-c997311a9bdf,Musica Judaica,American Society for Jewish Music,,SKIPPED,,needs_review=true,,,Musica Judaica,American Society for Jewish Music
79dd5095-be48-453a-bd1a-d1caf1dc4cbd,CTHXOTBOPEHHA 1828-1841,M.IO. ЛEPMOHTOB,,SKIPPED,,needs_review=true,,,CTHXOTBOPEHHA 1828-1841,M.IO. ЛEPMOHTOB
7a892c1b-b550-4574-8511-c0399563a646,Larkspur Road,Jill Gregory,,SKIPPED,,"status=""needs_review""",,,Larkspur Road,Jill Gregory
7ad60a35-cf4e-48ca-a6a1-8826dc0f1e00,COBPAHME COHHHEHMM,H. T0.ICTOIL,,SKIPPED,,needs_review=true,,,COBPAHME COHHHEHMM,H. T0.ICTOIL
7b060776-f5e4-42b3-bb6b-6c1b124672aa,שביעית,Unknown,,SKIPPED,,needs_review=true,,,שביעית,Unknown
7bae3b71-cf6a-41ef-9fbe-b074c26d9a17,פירוה,Unknown,,SKIPPED,,needs_review=true,,,פירוה,Unknown
7c6f4163-df87-4362-b316-c03173f57a8d,The Greatest Historical Novels of All Time,D. K. Broster; Jane Austen; Leo Tolstoy; Edith Wharton; Guy de Maupassant; Sabine Baring-Gould; Eliza Haywood; Maria Edgeworth; Pierre Choderlos de Laclos; Fanny Burney; Mary Wollstonecraft; Mrs. Olifant; William Makepeace Thackeray; Samuel Richardson; Henry Fielding; Alexandre Dumas; Henry James; Charlotte Brontë; Emily Brontë; Anne Brontë; Thomas Hardy; Nathaniel Hawthorne; Grace Livingston Hill; Catharine Trotter Cockburn; Fanny Fern; Lady Charlotte Bury; Mary Angela Dickens; Robert Williams Buchanan; Georg Ebers; Philip Meadows Taylor; Gilbert Parker; Anthony Trollope; F. Scott Fitzgerald; María Ruiz de Burton; Bernardin de Saint-Pierre; Mary Hays; Louis Hémon; Madame de La Fayette; Lady Sydney Morgan,,SKIPPED,,"status=""failed""",,,The Greatest Historical Novels of All Time,D. K. Broster; Jane Austen; Leo Tolstoy; Edith Wharton; Guy de Maupassant; Sabine Baring-Gould; Eliza Haywood; Maria Edgeworth; Pierre Choderlos de Laclos; Fanny Burney; Mary Wollstonecraft; Mrs. Olifant; William Makepeace Thackeray; Samuel Richardson; Henry Fielding; Alexandre Dumas; Henry James; Charlotte Brontë; Emily Brontë; Anne Brontë; Thomas Hardy; Nathaniel Hawthorne; Grace Livingston Hill; Catharine Trotter Cockburn; Fanny Fern; Lady Charlotte Bury; Mary Angela Dickens; Robert Williams Buchanan; Georg Ebers; Philip Meadows Taylor; Gilbert Parker; Anthony Trollope; F. Scott Fitzgerald; María Ruiz de Burton; Bernardin de Saint-Pierre; Mary Hays; Louis Hémon; Madame de La Fayette; Lady Sydney Morgan
7da46f11-6bdb-4d27-a4cc-df52926ca24b,הדעת עולם הטבע,פירז,,SKIPPED,,needs_review=true,,,הדעת עולם הטבע,פירז
7dc8113d-d6fc-425d-8e89-6faae1640329,KJ's Kitchen,A. Slate,,SKIPPED,,"status=""needs_review""",,,KJ's Kitchen,A. Slate
7f9f9856-1c18-4f56-842b-89f4ac14da5c,Shakespeare,Shakespeare,,SKIPPED,,needs_review=true,,,Shakespeare,Shakespeare
7ffff7da-4825-4019-af87-72658d11c81f,"Les Oeuvres morales et meslées de Plutarque, translatées de grec en françois, reveuës et corrigées en ceste troisième édition...",Plutarque,,SKIPPED,,"status=""needs_review""",,,"Les Oeuvres morales et meslées de Plutarque, translatées de grec en françois, reveuës et corrigées en ceste troisième édition...",Plutarque
804a194c-c410-4d22-90a7-deb25f920c61,Le sonneur de cloches,David Mus,,SKIPPED,,"status=""needs_review""",,,Le sonneur de cloches,David Mus
80536d1c-31b0-492d-8b35-e6ce59dc7e1f,TUFILEJBU,SES,,SKIPPED,,needs_review=true,,,TUFILEJBU,SES
811e632e-5c07-44e3-8ede-9d22e11e1a46,Key Papers in Information Science,Belver C. Griffith,,SKIPPED,,needs_review=true,,,Key Papers in Information Science,Belver C. Griffith
8124315b-b1c0-4909-b86f-001c5aa648a3,JEWISH MYSTICAL ESTIMONIES,LOUIS JACOBS,,SKIPPED,,needs_review=true,,,JEWISH MYSTICAL ESTIMONIES,LOUIS JACOBS
8143ca1e-0426-4e31-915e-1f835f7295c5,THE CAMBRIDGE COMPANION TO THE TALMUD AND RABBINI,"Pierre Duhem, Guy G. Stroumsa, Bernard R",,SKIPPED,,needs_review=true,,,THE CAMBRIDGE COMPANION TO THE TALMUD AND RABBINI,"Pierre Duhem, Guy G. Stroumsa, Bernard R"
81464209-8ffb-4e85-bb46-258991fb7f9d,The ARIZAL: The Life and Times of Rabbi Yitzchak Luria,Unknown,,SKIPPED,,needs_review=true,,,The ARIZAL: The Life and Times of Rabbi Yitzchak Luria,Unknown
8149f586-2bfe-4dbc-b899-4a55098f0faf,The Possessed,Dostoyevsky,,SKIPPED,,needs_review=true,,,The Possessed,Dostoyevsky
81570ed5-cc13-4bd8-a7ab-10608f8ec586,RODIN,Unknown,,SKIPPED,,needs_review=true,,,RODIN,Unknown
815ad94b-b2b2-45a5-8242-040c3a7d005d,Собрание сочинений TOM 3,A. П. Чехов,,SKIPPED,,needs_review=true,,,Собрание сочинений TOM 3,A. П. Чехов
817528ad-c47f-4dae-9f46-bac52789f117,MEGARA,RONALD P. LEGON,,SKIPPED,,needs_review=true,,,MEGARA,RONALD P. LEGON
818a1c62-ed0e-4bf1-b696-722bfc01fd1d,Jewish Musical Traditions,Amnon Shiloah,,SKIPPED,,needs_review=true,,,Jewish Musical Traditions,Amnon Shiloah
819c076a-7efa-4f1f-8eeb-64a1bd91e95c,The Interpretation of Cultures,Clifford Geertz,,SKIPPED,,needs_review=true,,,The Interpretation of Cultures,Clifford Geertz
81a0a357-3a71-4ab7-80b0-bb0e0ded7a88,Evripidis Fabvlae Tomvs II,Gilbertvs Murray,,SKIPPED,,needs_review=true,,,Evripidis Fabvlae Tomvs II,Gilbertvs Murray
81ac700f-71c7-4dff-9de0-2acf996ffca9,Guardian of Jerusalem,Rabbi Yosef Chaim Sonnenfeld,,SKIPPED,,needs_review=true,,,Guardian of Jerusalem,Rabbi Yosef Chaim Sonnenfeld
81db7e40-84dd-46c7-af3e-c79c6e0df853,THE NEW TIBETAN-ENGLISH DICTIONARY OF MODERN TIBETAN,MELVYN C. GOLDSTEIN,,SKIPPED,,needs_review=true,,,THE NEW TIBETAN-ENGLISH DICTIONARY OF MODERN TIBETAN,MELVYN C. GOLDSTEIN
81dcb001-7bcf-49d1-8bf8-aa5fb9e5ece9,Tradition: Journal of Orthodox Jewish Thought,Unknown,,SKIPPED,,needs_review=true,,,Tradition: Journal of Orthodox Jewish Thought,Unknown
81e87e4d-eeb0-455d-a909-f6fea9290c4e,ASTRONOMICAL ALGORITHMS,Jean Meeus,,SKIPPED,,needs_review=true,,,ASTRONOMICAL ALGORITHMS,Jean Meeus
81f7a5f6-348e-4e99-a974-edba1aa843fa,Naked Masks,Luigi Pirandello,,SKIPPED,,needs_review=true,,,Naked Masks,Luigi Pirandello
821499e3-55f4-43f1-9b90-792423a04e62,Honoré de Balzac,Hippolyte Taine,,SKIPPED,,needs_review=true,,,Honoré de Balzac,Hippolyte Taine
821f1c07-a852-4531-b805-10154bc1ebcb,The History of the Jewish People,Moses A. Shulvass,,SKIPPED,,needs_review=true,,,The History of the Jewish People,Moses A. Shulvass
824c7749-c72c-468d-9d8c-407bcf10f656,For the New Intellectual,Ayn Rand,,SKIPPED,,needs_review=true,,,For the New Intellectual,Ayn Rand
825bdb0a-7ab9-4f02-8994-9249de4b213c,De iuris sacri interpretibus Atticis,Philippus Ehrmann,,SKIPPED,,needs_review=true,,,De iuris sacri interpretibus Atticis,Philippus Ehrmann
8268c12f-fcd9-482e-8c67-83fabec3314c,Common Human Needs,C. Towle,,SKIPPED,,needs_review=true,,,Common Human Needs,C. Towle
826f0e83-9895-4cfe-a2ff-7339ff801d9c,Bulle,A,,SKIPPED,,needs_review=true,,,Bulle,A
827216c6-257e-4ad3-a3e9-73a450c2d9ce,An Autobiographical Study,Sigmund Freud,,SKIPPED,,needs_review=true,,,An Autobiographical Study,Sigmund Freud
8273117d-c92d-4e11-b707-29f91d364b64,JUDEN UND JUDENTUM IN DEUTSCHEN BRIEFEN AUS DREI JAHRHUNDERTEN,FRANZ KOBLER,,SKIPPED,,needs_review=true,,,JUDEN UND JUDENTUM IN DEUTSCHEN BRIEFEN AUS DREI JAHRHUNDERTEN,FRANZ KOBLER
82772c76-d77f-4e83-801a-1e6d47295eec,Chaucer's Canterbury Tales,Rm. Lumiansky,,SKIPPED,,needs_review=true,,,Chaucer's Canterbury Tales,Rm. Lumiansky
827cfea7-584a-44a1-999f-d7a535df0eaa,Genesis,E. A. Speiser,,SKIPPED,,needs_review=true,,,Genesis,E. A. Speiser
82940806-3992-42f4-94da-37865a37c279,GALILEO HERETIC,Pietro Redondi,,SKIPPED,,needs_review=true,,,GALILEO HERETIC,Pietro Redondi
82a2558d-430f-424a-a198-7b455bf18943,"The Lion, the Witch & the Wardrobe",C. S. Lewis,,SKIPPED,,needs_review=true,,,"The Lion, the Witch & the Wardrobe",C. S. Lewis
82a3e496-9736-44a2-8cb8-f850facd333f,DEMOSTHENES,PAUL CLOCHE,,SKIPPED,,needs_review=true,,,DEMOSTHENES,PAUL CLOCHE
82af9f34-1807-4cbe-933d-b267945e4d88,Crossroads of Twilight,Robert Jordan,,SKIPPED,,needs_review=true,,,Crossroads of Twilight,Robert Jordan
82afcacc-f846-4477-b553-c4d7433182d5,A QUAKER COUPLE in NAZI GERMANY,Brenda Bailey,,SKIPPED,,needs_review=true,,,A QUAKER COUPLE in NAZI GERMANY,Brenda Bailey
82b7f6e9-46dd-4743-a49a-6813a3cfe554,CHLIEZ,Unknown,,SKIPPED,,needs_review=true,,,CHLIEZ,Unknown
82c5b811-db8c-49f0-9bd4-b9aa40fad037,Corpus Papyrorum Judaicarum,"Victor A. Tcherikover, Alexander Fuks, Menahem Stern, David M. Lewis",,SKIPPED,,needs_review=true,,,Corpus Papyrorum Judaicarum,"Victor A. Tcherikover, Alexander Fuks, Menahem Stern, David M. Lewis"
82d45ef1-8ab1-4662-ac27-683ea95d2c72,KALENDER- GESCHICHTEN,Bertolt Brecht,,SKIPPED,,needs_review=true,,,KALENDER- GESCHICHTEN,Bertolt Brecht
82f564cb-14bf-4bba-96b8-d0515178ff27,Der Traktat Rosch ha-Schanah,Dr. M. Rawicz,,SKIPPED,,needs_review=true,,,Der Traktat Rosch ha-Schanah,Dr. M. Rawicz
82fdb1d3-8ce8-44b1-b268-e01c1be60a3f,THE SWAHILI,DEREK NURSE and THOMAS SPEAR,,SKIPPED,,needs_review=true,,,THE SWAHILI,DEREK NURSE and THOMAS SPEAR
82fee370-2b82-4e1b-8550-f2a29845e180,GREEK AND ROMAN ARCHITECTURE,D.S.ROBERTSON,,SKIPPED,,needs_review=true,,,GREEK AND ROMAN ARCHITECTURE,D.S.ROBERTSON
8300c8e6-0c39-4d8d-a5e4-82de5a08cc7a,HESIODVS OPERA,PAUL MAZON,,SKIPPED,,needs_review=true,,,HESIODVS OPERA,PAUL MAZON
83039dd1-e29c-4b77-b1e9-84388418254c,THE KOSHER CODE,of the Orthodox Jew,,SKIPPED,,needs_review=true,,,THE KOSHER CODE,of the Orthodox Jew
83045288-185f-4ecc-818c-6378b2e2aad3,American Sephardi,Unknown,,SKIPPED,,needs_review=true,,,American Sephardi,Unknown
8307ca7c-f309-4094-a44c-f88ffa8007a6,The Uprooted: A Survivor's Autobiography,Yehoshua Eibeshitz,,SKIPPED,,needs_review=true,,,The Uprooted: A Survivor's Autobiography,Yehoshua Eibeshitz
831b4b71-f225-442d-808d-d92272fb4e6f,Time and Process in Ancient Judaism,HOSHUA ESHITZ,,SKIPPED,,needs_review=true,,,Time and Process in Ancient Judaism,HOSHUA ESHITZ
8322f501-f23e-4398-9dde-add5a3b7e4a5,Logos and Mystical Theology in Philo of Alexandria,David Winston,,SKIPPED,,needs_review=true,,,Logos and Mystical Theology in Philo of Alexandria,David Winston
833af0cf-46ae-4a1e-9365-f94e5156fc89,Goethe's FAUST PARTS I and II,"Alan Hunt, Louis MacNeice",,SKIPPED,,needs_review=true,,,Goethe's FAUST PARTS I and II,"Alan Hunt, Louis MacNeice"
8343c521-5b25-4a21-b1eb-39a2de4e0333,Quarterly Journal of the Music Library Association,Unknown,,SKIPPED,,needs_review=true,,,Quarterly Journal of the Music Library Association,Unknown
83444a3c-9c1d-4f36-bde3-14cdbf860c6b,Pho,Unknown,,SKIPPED,,needs_review=true,,,Pho,Unknown
834db3ee-da71-43e5-b10e-ed05cf8fc04c,Forty-Third Annual Commencement Exercises,Unknown,,SKIPPED,,needs_review=true,,,Forty-Third Annual Commencement Exercises,Unknown
834ec3fa-4b7e-4a5f-a2ff-bbd2db96c7af,"Kill Y, OK!!",BAUERA ENA KESHING,,SKIPPED,,needs_review=true,,,"Kill Y, OK!!",BAUERA ENA KESHING
836f7a7c-9d53-4e0d-905c-d70066a8879f,Cities and City Life,Helen MacGill Hughes,,SKIPPED,,needs_review=true,,,Cities and City Life,Helen MacGill Hughes
83759473-47d2-410f-8d9d-79476b9c013b,ENCYCLOPEDIA OF INDIAN PHILOSOPHIES: Volume IX BUDDHIST PHILOSOPHY FROM 350 TO 600 A.D.,KARL H. POTTER,,SKIPPED,,needs_review=true,,,ENCYCLOPEDIA OF INDIAN PHILOSOPHIES: Volume IX BUDDHIST PHILOSOPHY FROM 350 TO 600 A.D.,KARL H. POTTER
8377f02c-5cfa-4b90-a5a1-88351b7c7760,"ДЕТСТВО, ОТРОЧЕСТВО, ЮНОСТЬ",Л.Н. Толстой,,SKIPPED,,needs_review=true,,,"ДЕТСТВО, ОТРОЧЕСТВО, ЮНОСТЬ",Л.Н. Толстой
837da4c9-92e6-4bcb-87d2-cedb4c50359b,Xenophon's Socrates,Leo Strauss,,SKIPPED,,needs_review=true,,,Xenophon's Socrates,Leo Strauss
8382a667-a6b1-45e7-9eaf-7e381bb7e170,The Canonization of Hebrew Scripture,Sid Z. Leiman,,SKIPPED,,needs_review=true,,,The Canonization of Hebrew Scripture,Sid Z. Leiman
838369b2-8905-4844-92c3-358cb718e394,Alexander Marx Jubilee Volume,Alexander Marx,,SKIPPED,,needs_review=true,,,Alexander Marx Jubilee Volume,Alexander Marx
8385d24d-8d48-4a32-b8c9-a6252d7922f4,THE ONCE AND FUTURE KING,T. H. WHITE,,SKIPPED,,needs_review=true,,,THE ONCE AND FUTURE KING,T. H. WHITE
838fc357-6e68-4f56-add1-e0476d06b722,The Ancient World to 300 AD,Paul J. Alexander,,SKIPPED,,needs_review=true,,,The Ancient World to 300 AD,Paul J. Alexander
8390adef-852e-40c9-b8a9-3c3479f88e91,The Legends of the Jews,Louis Ginzberg,,SKIPPED,,needs_review=true,,,The Legends of the Jews,Louis Ginzberg
83966f69-2699-48f9-8efc-9fe51516ab01,Eisangelia: The Sovereignty of the People's Court in Athens in the Fourth Century B.C. and the Impeachment of Generals and Politicians,Mogens Herman Hansen,,SKIPPED,,needs_review=true,,,Eisangelia: The Sovereignty of the People's Court in Athens in the Fourth Century B.C. and the Impeachment of Generals and Politicians,Mogens Herman Hansen
83a90b54-e79d-481e-a23f-ba0b691df7a5,THE PRECIOUS LEGACY JUDAIC TREASURES,DAVID ALTSHULER,,SKIPPED,,needs_review=true,,,THE PRECIOUS LEGACY JUDAIC TREASURES,DAVID ALTSHULER
83bd4290-ce35-4de8-ae5c-d60adc438561,Suomen harjoituksia 2,Eila Hämäläinen,,SKIPPED,,needs_review=true,,,Suomen harjoituksia 2,Eila Hämäläinen
83c8407c-cb3a-4fe4-8f35-ccec94082efc,עגב,Unknown,,SKIPPED,,needs_review=true,,,עגב,Unknown
83d940d1-9c28-413b-ba84-cabca2b73483,Jüdische Häftlinge im Konzentrationslager Sachsenhausen,Günter Morsch/Susanne zur Mieden,,SKIPPED,,needs_review=true,,,Jüdische Häftlinge im Konzentrationslager Sachsenhausen,Günter Morsch/Susanne zur Mieden
83eb6000-0474-406d-b0dd-e0a138a05c30,Hilary Putnam,Hilary Putnam,,SKIPPED,,needs_review=true,,,Hilary Putnam,Hilary Putnam
83edc494-70da-4d8d-824f-08e2461d6238,The Unbroken Chain,Kevork B. Bardakjian,,SKIPPED,,needs_review=true,,,The Unbroken Chain,Kevork B. Bardakjian
841abcb7-d53b-430a-8301-6f82b87d8466,Panjabi,Unknown,,SKIPPED,,needs_review=true,,,Panjabi,Unknown
8423e054-a274-41bf-bfc9-922a8af69592,A Selection of Greek Historical Inscriptions,Russell Meiggs and David Lewis,,SKIPPED,,needs_review=true,,,A Selection of Greek Historical Inscriptions,Russell Meiggs and David Lewis
8423eefc-274f-44b0-ba97-d92833948f81,The subversive oratory of Andokides,Anna Missiou,,SKIPPED,,needs_review=true,,,The subversive oratory of Andokides,Anna Missiou
8504c1ea-4a36-4a42-9008-ef6ff1e047de,לימוד טעמי המקרא מגילת שיר השירים,יהודה קדרי,,SKIPPED,,needs_review=true,,,לימוד טעמי המקרא מגילת שיר השירים,יהודה קדרי
850b234f-b82d-44b9-b7cc-378c0fb37243,Music of the Sephardic Jews of Curacao,Norman P. Swerling,,SKIPPED,,"status=""failed""",,,Music of the Sephardic Jews of Curacao,Norman P. Swerling
851ba59d-5901-4d77-b625-86225fd74c6a,המכללה העברית,Unknown,,SKIPPED,,needs_review=true,,,המכללה העברית,Unknown
854ebbe5-373e-4993-bab3-4b3014dbdeeb,ONE,Unknown,,SKIPPED,,needs_review=true,,,ONE,Unknown
8595321b-8b6b-47bd-8871-7d48650c05fb,EBPEиCKAA HIMKJOIE JaBHble peraKTоpbI,MIXAK OPEH (HAIEJID) MXAJ3AHI,,SKIPPED,,needs_review=true,,,EBPEиCKAA HIMKJOIE JaBHble peraKTоpbI,MIXAK OPEH (HAIEJID) MXAJ3AHI
85ee614a-1ad7-416b-b922-692dc28a0626,ער מסעות אל,Unknown,,SKIPPED,,needs_review=true,,,ער מסעות אל,Unknown
86822e5b-ec45-4599-ac18-1bf8e84affb5,עדכני,Unknown,,SKIPPED,,needs_review=true,,,עדכני,Unknown
86cb2566-0140-4fd9-b617-50d168eaa767,кHиги свяшЕнного пиСдния BETXOTO_M_HOBOT O_3ABETA KAHOHMчECкИE,Unknown,,SKIPPED,,needs_review=true,,,кHиги свяшЕнного пиСдния BETXOTO_M_HOBOT O_3ABETA KAHOHMчECкИE,Unknown
86dcf331-050c-45f5-bb0f-d0446940404a,El paisaje lingüístico de Sevilla,Lola Pons Rodríguez,,SKIPPED,,"status=""failed""",,,El paisaje lingüístico de Sevilla,Lola Pons Rodríguez
8710df66-680a-463e-b957-b740521e686e,The Jews in Egypt and in Palestine Under the Fāṭimid Caliphs,Jacob Mann,,SKIPPED,,"status=""needs_review""",,,The Jews in Egypt and in Palestine Under the Fāṭimid Caliphs,Jacob Mann
873d1bd4-eb40-4791-b11a-1c92ab3f808e,Fifty years Erasmus prize,Unknown,,SKIPPED,,"status=""needs_review""",,,Fifty years Erasmus prize,Unknown
877b6915-b984-4eac-890e-386387b7de30,Los secretos eternos de la salud,Andreas Moritz,,SKIPPED,,"status=""failed""",,,Los secretos eternos de la salud,Andreas Moritz
8792d371-3f62-4841-b7df-b0ca1172baa2,On the Nature of Things,"Lucretius, translated by Cyril Bailey",,SKIPPED,,needs_review=true,,,On the Nature of Things,"Lucretius, translated by Cyril Bailey"
88728fb6-e135-4de0-834b-af24404f6ecf,The Cambridge History of Classical Literature,Unknown,,SKIPPED,,needs_review=true,,,The Cambridge History of Classical Literature,Unknown
889c5a51-6a4e-4dde-b243-2676d6bf0096,"That unknown country; or, What living men believe concerning punishment after death",That unknown country,,SKIPPED,,"status=""needs_review""",,,"That unknown country; or, What living men believe concerning punishment after death",That unknown country
88b3f93e-68d8-44f2-b26b-f15a87cf02cf,HOUPASA,Gilb,,SKIPPED,,needs_review=true,,,HOUPASA,Gilb
88bd02e5-d0e8-45f9-9f1a-0b8188caaf4c,PAC CRA 3 Bi,A. II. EXOB,,SKIPPED,,needs_review=true,,,PAC CRA 3 Bi,A. II. EXOB
89262e3c-0993-455c-9b77-f038b648d506,Nature Notes,J. A. Stewart,,SKIPPED,,"status=""failed""",,,Nature Notes,J. A. Stewart
89770ff5-d48a-465c-a9f7-10625ac00d00,Reb Yoel,Rabbi Chaim Dalfin,,SKIPPED,,"status=""failed""",,,Reb Yoel,Rabbi Chaim Dalfin
898f0928-7859-4409-acb7-f85f724552e8,Ba,H. Berve,,SKIPPED,,needs_review=true,,,Ba,H. Berve
89cf7600-b46c-4a13-a3f1-02541791e1a3,Textual Transmission in Contemporary Jewish Cultures,Avriel Bar-Levav; Uzi Rebhun,,SKIPPED,,"status=""failed""",,,Textual Transmission in Contemporary Jewish Cultures,Avriel Bar-Levav; Uzi Rebhun
8a138f58-ec0a-4630-87e0-054392a9d764,Albert’S Journey into the Universe,Iam Steward,,SKIPPED,,"status=""failed""",,,Albert’S Journey into the Universe,Iam Steward
8a476bc6-3b8b-41d2-8a67-1a642f01b981,The World of the Florentine Renaissance Artist,MARTIN WACKERNAGEL; TRANSLATED BY ALISON LUCHS,,SKIPPED,,needs_review=true,,,The World of the Florentine Renaissance Artist,MARTIN WACKERNAGEL; TRANSLATED BY ALISON LUCHS
8ab9638f-7366-48cf-ad67-427f509ad62c,Landweig Strauß Land Israel,Unknown,,SKIPPED,,needs_review=true,,,Landweig Strauß Land Israel,Unknown
8ad951ff-1eb6-4799-9c9b-74d2eaacf41c,A Great Voice that Did Not Cease,Michael Chernick,,SKIPPED,,"status=""needs_review""",,,A Great Voice that Did Not Cease,Michael Chernick
8b875d57-33a1-49fb-b8e6-f232fec892da,שנכנעת,Unknown,,SKIPPED,,needs_review=true,,,שנכנעת,Unknown
8be9d116-87a9-407b-9ed0-4741cc8550fb,הדעת קורות עם ישראל,ONG JRCN,,SKIPPED,,needs_review=true,,,הדעת קורות עם ישראל,ONG JRCN
8c26a32e-9000-4cb5-9b2e-a007904ac9ab,Reichskristallnacht in Hannover,Unknown,,SKIPPED,,needs_review=true,,,Reichskristallnacht in Hannover,Unknown
8c2f9ec1-9fe2-42db-837d-f39e490b9016,Irish Dictionary,Unknown,,SKIPPED,,needs_review=true,,,Irish Dictionary,Unknown
8c883faa-d3ae-493f-97f8-1449772e185e,מארוו,Unknown,,SKIPPED,,needs_review=true,,,מארוו,Unknown
8ccaabe3-4f0f-4d90-ba4c-065b3ec695cf,"""Die Ehre des jüdischen Soldaten""",Jacob Rosenthal,,SKIPPED,,"status=""needs_review""",,,"""Die Ehre des jüdischen Soldaten""",Jacob Rosenthal
8d26dfce-3a8f-46ad-ba43-e6afb4fc2032,A BROAD VIEW of SCIENCE and MORAL VALUES,G. E. R. Lloyd,,SKIPPED,,"status=""needs_review""",,,A BROAD VIEW of SCIENCE and MORAL VALUES,G. E. R. Lloyd
8d2820ac-aa60-4b6b-ae3d-076d40ebf0f7,Location Aware Apps for Tourism,Cathal Greaney,,SKIPPED,,"status=""failed""",,,Location Aware Apps for Tourism,Cathal Greaney
8d34f0a3-322c-437c-b93b-0fe28552348e,Debrett's Peerage and Baronetage,Patrick W. Montague-Smith,,SKIPPED,,"status=""needs_review""",,,Debrett's Peerage and Baronetage,Patrick W. Montague-Smith
8d469810-0fe4-4c66-bc62-153f9a882c8d,Impression,Richard R. Brettell; Sterling and Francine Clark Art Institute,,SKIPPED,,"status=""needs_review""",,,Impression,Richard R. Brettell; Sterling and Francine Clark Art Institute
8d67d70c-d82a-4264-9496-3d4b8bd3c520,Broken Chain,"Littman, Stern, Shapiro",,SKIPPED,,needs_review=true,,,Broken Chain,"Littman, Stern, Shapiro"
8db38fcf-0479-4cfd-bef2-4ec60c0a805b,Collins Dictionary Mathematics,E.J. Borowski & J.M. Borwein,,SKIPPED,,needs_review=true,,,Collins Dictionary Mathematics,E.J. Borowski & J.M. Borwein
8dd3d8ca-a3ff-4e09-9145-b84a3e5cdbc4,"Catalog der Hebraica und Judaica aus der L. Rosenthals'schen Bibliothek. [With] Anhang. Bibliographisches Verzeichniss eines grossen Theiles der L. Rosenthal'schen Bibliothek, vom Sammler selbst geschrieben",M. Roest,,SKIPPED,,"status=""failed""",,,"Catalog der Hebraica und Judaica aus der L. Rosenthals'schen Bibliothek. [With] Anhang. Bibliographisches Verzeichniss eines grossen Theiles der L. Rosenthal'schen Bibliothek, vom Sammler selbst geschrieben",M. Roest
8dde1f32-e2be-4c56-a4dd-19f6f5f51f4e,The Cambridge Ancient History,C. T. Seltman,,SKIPPED,,needs_review=true,,,The Cambridge Ancient History,C. T. Seltman
8def69c7-b697-494f-97db-2a8c81115302,The Yizhinik and the Yizhinke,Unknown,,SKIPPED,,needs_review=true,,,The Yizhinik and the Yizhinke,Unknown
8defc2d0-fc71-4825-8513-a2b68b49097c,TANNHÄUSER,Richard Wagner,,SKIPPED,,needs_review=true,,,TANNHÄUSER,Richard Wagner
8e0236bb-aa85-4649-afd3-a49cc5e65920,Wörterbuch der aegyptischen Sprache,Adolf Erman und Hermann Grapow,,SKIPPED,,needs_review=true,,,Wörterbuch der aegyptischen Sprache,Adolf Erman und Hermann Grapow
8e37f66b-c769-4f1b-abb0-ebd06ebf0eef,The Oedipus Cycle,"Sophocles, Dudley Fitts, Robert Fitzgerald",,SKIPPED,,needs_review=true,,,The Oedipus Cycle,"Sophocles, Dudley Fitts, Robert Fitzgerald"
8ea973da-39e8-4353-83ff-22ba0b45de63,הישראלים,N.K.J,,SKIPPED,,needs_review=true,,,הישראלים,N.K.J
8ed35452-81e2-4a41-81e5-c701d47f5b28,TESTEMUNHOS DO JUDAÍSMO EM PORTUGAL / SIGNS OF JUDAISM IN PORTUGAL / עדויות ליהדות בפורטוגל,N.K.J,,SKIPPED,,needs_review=true,,,TESTEMUNHOS DO JUDAÍSMO EM PORTUGAL / SIGNS OF JUDAISM IN PORTUGAL / עדויות ליהדות בפורטוגל,N.K.J
8ed8fe45-8e18-47db-8bd8-0e9d209dc845,VIES XVI,PLUTARQUE,,SKIPPED,,needs_review=true,,,VIES XVI,PLUTARQUE
8ef00e30-b866-43ac-9f04-acf798253d35,Türkçe Öğreniyoruz,Nurettin Koç-Mehmet Hengirmen,,SKIPPED,,needs_review=true,,,Türkçe Öğreniyoruz,Nurettin Koç-Mehmet Hengirmen
8ef58425-c931-4253-97ba-c552b14e3213,She's You,S,,SKIPPED,,needs_review=true,,,She's You,S
8ef96853-699a-446b-a1de-8a7ffc0a676e,Xenophon's Socratic Discourse: An Interpretation of the Oeconomicus,Leo Strauss,,SKIPPED,,needs_review=true,,,Xenophon's Socratic Discourse: An Interpretation of the Oeconomicus,Leo Strauss
8efc2e76-3dc7-4989-8532-83711718dc85,The Book of Beliefs and Opinions,"Saadia Gaon, Samuel Rosenblatt (Translator)",,SKIPPED,,needs_review=true,,,The Book of Beliefs and Opinions,"Saadia Gaon, Samuel Rosenblatt (Translator)"
8efc4620-f477-44c8-953b-2faa88501b0d,The Tales of Beedle the Bard,J.K. Rowling,,SKIPPED,,needs_review=true,,,The Tales of Beedle the Bard,J.K. Rowling
8efd5ca2-bb4a-4dd2-b1da-4bd340035d9d,BIOGRAPHICAL DICTIONARY OF THE MIDDLE EAST,YAACOV SHIMONI,,SKIPPED,,needs_review=true,,,BIOGRAPHICAL DICTIONARY OF THE MIDDLE EAST,YAACOV SHIMONI
8f0a73b3-c4f3-4b0d-b461-85329c789061,The Age of Reason,Jean-Paul Sartre,,SKIPPED,,needs_review=true,,,The Age of Reason,Jean-Paul Sartre
8f12b20e-76df-4d27-9d32-c80cb732c452,Anatomy Lesson,Dorothy Colodny,,SKIPPED,,needs_review=true,,,Anatomy Lesson,Dorothy Colodny
8f141c7a-9c7f-4b13-8721-52d3e1e3ebe4,Geschichte Der Stadt Dortmund,"Gustav Luntowski, Günther Högl, Thomas Schilp, Norbert Reimann",,SKIPPED,,needs_review=true,,,Geschichte Der Stadt Dortmund,"Gustav Luntowski, Günther Högl, Thomas Schilp, Norbert Reimann"
8f2c34a8-7167-458f-90de-b97af675f79d,"Sonata in G minor, Opus 65","XXXX, Pierre Fournier",,SKIPPED,,needs_review=true,,,"Sonata in G minor, Opus 65","XXXX, Pierre Fournier"
8f317c19-deda-46cc-8f17-fc66984d88bf,THE LAW OF ATHENS,A. R. W. HARRISON,,SKIPPED,,needs_review=true,,,THE LAW OF ATHENS,A. R. W. HARRISON
8f3a0f02-872f-4098-8182-d03afd35f1a9,SHARING THE SACRED Religious Contacts and Conflicts in the Holy Land,Arieh Kofsky & Guy G. Stroumsa,,SKIPPED,,needs_review=true,,,SHARING THE SACRED Religious Contacts and Conflicts in the Holy Land,Arieh Kofsky & Guy G. Stroumsa
8f55945e-ba55-4e14-8fa7-ac6f2d709ec8,Prophetic Inspiration After the Prophets,Abraham J. Heschel,,SKIPPED,,needs_review=true,,,Prophetic Inspiration After the Prophets,Abraham J. Heschel
8f5c8260-8e84-4e70-ae37-7b57c635effe,Thukydides Erklärt,J. Classen,,SKIPPED,,needs_review=true,,,Thukydides Erklärt,J. Classen
8f615b47-325f-4396-84ff-d0f2caac0a36,Tahkemoni: The Book of,Martin Alharizi,,SKIPPED,,needs_review=true,,,Tahkemoni: The Book of,Martin Alharizi
8f65509c-86aa-4f5c-a336-ec964b33191a,The Wellspring of Georgian Historiography,Constantine B. Lerner,,SKIPPED,,needs_review=true,,,The Wellspring of Georgian Historiography,Constantine B. Lerner
8f735036-edde-465a-8624-90aacfff35f6,Briefe an einen jungen Dichter,Rainer Maria Rilke,,SKIPPED,,needs_review=true,,,Briefe an einen jungen Dichter,Rainer Maria Rilke
8fa969c5-e7d4-424d-8ef0-bb62e04a9ae4,Modern ENGLISH-YIDDISH YIDDISH-ENGLISH DICTIONARY,Unknown,,SKIPPED,,needs_review=true,,,Modern ENGLISH-YIDDISH YIDDISH-ENGLISH DICTIONARY,Unknown
8fa99305-bd02-4253-86de-05f4d4179be4,SHARPE'S ENEMY,BERNARD CORNWELL,,SKIPPED,,needs_review=true,,,SHARPE'S ENEMY,BERNARD CORNWELL
8fb25e9a-5918-4406-9cb7-991282d65ae2,Gesammelte Schriften IV.,R. Birlihy,,SKIPPED,,needs_review=true,,,Gesammelte Schriften IV.,R. Birlihy
8fb3a7f2-d920-4a02-b1be-69951e9e4000,MUSIC IN THE TALMUD,SHLOMO HOFMAN,,SKIPPED,,needs_review=true,,,MUSIC IN THE TALMUD,SHLOMO HOFMAN
8fb3eb27-b576-418e-b72d-a3de4e46688d,Mimesis,Erich Auerbach,,SKIPPED,,needs_review=true,,,Mimesis,Erich Auerbach
8fbd5d24-7c75-4344-8a19-c1f4d48b15c4,Sefer Yetzirah: The Book of Creation,Aryeh Kaplan,,SKIPPED,,needs_review=true,,,Sefer Yetzirah: The Book of Creation,Aryeh Kaplan
8fc14473-e562-4b71-bcdc-34822f867ed5,Coleridge,EDITED BY STEPHEN POTTER,,SKIPPED,,needs_review=true,,,Coleridge,EDITED BY STEPHEN POTTER
8fed026a-c595-4188-a17e-5dc1aedfcb2a,The Geography of Strabo II,Strabo,,SKIPPED,,needs_review=true,,,The Geography of Strabo II,Strabo
8ff4b734-c5f5-4bea-9dfd-abfbf076d87b,Averroes et l'averroïsme,Ernest Renan,,SKIPPED,,needs_review=true,,,Averroes et l'averroïsme,Ernest Renan
90044d15-26d8-4c11-b6ca-cd6042bfc627,"Sonata in C major, Opus 119",Prokofieff,,SKIPPED,,needs_review=true,,,"Sonata in C major, Opus 119",Prokofieff
9006cd79-9cf0-43db-8c3a-e5f2181365d6,The Art of Loving,Erich Fromm,,SKIPPED,,needs_review=true,,,The Art of Loving,Erich Fromm
901764cb-ccc4-4b3e-9304-292ba0162156,Heinrich Heines Sämtliche Werke/Sechster Band,Heinrich Heine,,SKIPPED,,needs_review=true,,,Heinrich Heines Sämtliche Werke/Sechster Band,Heinrich Heine
901830c2-9358-48fb-82ad-aa4d8e205856,AVER,Philip Goodman,,SKIPPED,,needs_review=true,,,AVER,Philip Goodman
9019cc4b-2df6-42ce-a042-f5b6ea5b75be,The Five Biblical Scrolls,Moshe Altbauer,,SKIPPED,,needs_review=true,,,The Five Biblical Scrolls,Moshe Altbauer
901c21c0-0ce6-4ac2-8e48-f4f542cf4e56,THE IDEA OF A THEATER,Francis Fergusson,,SKIPPED,,needs_review=true,,,THE IDEA OF A THEATER,Francis Fergusson
901cc077-b130-4cc7-874d-a6ea39ffcf31,CHILDREN IN THE HOLOCAUST,Anna Eilenberg-Eibeshitz,,SKIPPED,,needs_review=true,,,CHILDREN IN THE HOLOCAUST,Anna Eilenberg-Eibeshitz
9020f7a7-a75e-4c7f-a3ea-c61106062aa7,EUROPEAN LEGAL TRADITIONS AND ISRAEL,A.M. Rabello,,SKIPPED,,needs_review=true,,,EUROPEAN LEGAL TRADITIONS AND ISRAEL,A.M. Rabello
9028e30d-e721-4c04-b769-0fa34a8a1d84,On the Pragmatics of Social INTERACTION,Jürgen Habermas,,SKIPPED,,needs_review=true,,,On the Pragmatics of Social INTERACTION,Jürgen Habermas
903061f0-85b2-4592-aa5a-4dcd29e0ce82,Italian Fantasies,Israel Zangwill,,SKIPPED,,needs_review=true,,,Italian Fantasies,Israel Zangwill
903f9586-aa2f-4c32-a43b-ce5199966b1a,In Search of Harmony,Don Harrán,,SKIPPED,,needs_review=true,,,In Search of Harmony,Don Harrán
9049b7f4-72ce-463d-89e1-7b54b0c964f9,The Two Noble Kinsmen,Shakespeare,,SKIPPED,,needs_review=true,,,The Two Noble Kinsmen,Shakespeare
904a25a9-02aa-4405-99ef-2d6c7c031fb8,Jewish Liturgy and Its Development,A. Z. Idelsohn,,SKIPPED,,needs_review=true,,,Jewish Liturgy and Its Development,A. Z. Idelsohn
90654683-976d-4223-8200-ae1671efc38b,C L S CICE G F C I,J -----vulvov,,SKIPPED,,needs_review=true,,,C L S CICE G F C I,J -----vulvov
906c5d90-b8af-4051-be89-d6459ccc231f,PENTAGLOT DICTIONARY OF BUDDHIST TERMS,Prof. Dr. Raghu Vira,,SKIPPED,,needs_review=true,,,PENTAGLOT DICTIONARY OF BUDDHIST TERMS,Prof. Dr. Raghu Vira
9076174c-2660-4ee8-a4c0-75e9c24969c5,The Cambridge Companion to Wittgenstein,"Hans Sluga, David G. Stern",,SKIPPED,,needs_review=true,,,The Cambridge Companion to Wittgenstein,"Hans Sluga, David G. Stern"
908316ee-8856-4ad8-a4c3-c897e318e7de,Greek Epic Poetry From Eumelos To Panyassis,G.L. Huxley,,SKIPPED,,needs_review=true,,,Greek Epic Poetry From Eumelos To Panyassis,G.L. Huxley
9083339a-9eba-4285-b88f-b23e727c2743,A Treasury of Tradition,Norman Lamm and Walter S. Wurzburger,,SKIPPED,,needs_review=true,,,A Treasury of Tradition,Norman Lamm and Walter S. Wurzburger
908fe412-a397-470a-b98e-0caaddce74fb,The Adam Book of Arakel of Siwnik',Adam Girk,,SKIPPED,,needs_review=true,,,The Adam Book of Arakel of Siwnik',Adam Girk
90b10e32-4091-434c-b530-51c823a43703,Morphisms and Categories: Comparing and Transforming,Jean Piaget,,SKIPPED,,needs_review=true,,,Morphisms and Categories: Comparing and Transforming,Jean Piaget
90b65b95-6d05-4819-a16d-b668bbbe4d86,Ulrich von Wilamowitz-Moellendorff,Unknown,,SKIPPED,,needs_review=true,,,Ulrich von Wilamowitz-Moellendorff,Unknown
90c57dea-a3ec-4b67-9265-d9bd7950e40a,COLLOQUIAL ROMANIAN,Dennis Deletant,,SKIPPED,,needs_review=true,,,COLLOQUIAL ROMANIAN,Dennis Deletant
90dccc2f-26a8-4e04-83a1-ba8d283e25e0,AN INTRODUCTION TO MATHEMATICAL ANALYSIS,"By FRANK LOXLEY GRIFFIN, Ph.D. Professor of Mathematics, Reed College, Portland, Oregon",,SKIPPED,,needs_review=true,,,AN INTRODUCTION TO MATHEMATICAL ANALYSIS,"By FRANK LOXLEY GRIFFIN, Ph.D. Professor of Mathematics, Reed College, Portland, Oregon"
90e3e04e-4212-4589-8789-f4d5fd6133e0,Turing's Man,Unknown,,SKIPPED,,needs_review=true,,,Turing's Man,Unknown
90f35e7c-06aa-4be8-91c0-a192d6f7a094,OD AND MA THE SEFER,M,,SKIPPED,,needs_review=true,,,OD AND MA THE SEFER,M
910219a6-c66e-4d47-a296-c322dbd722cf,Structure and History in Greek Mythology and Ritual,Walter Burkert,,SKIPPED,,needs_review=true,,,Structure and History in Greek Mythology and Ritual,Walter Burkert
910641e3-bf50-4b2a-9d7a-307fbb96b73f,TIBET,Robert E. Fisher,,SKIPPED,,needs_review=true,,,TIBET,Robert E. Fisher
910dba6d-480f-4c55-b492-642d74dc6ebd,Chess Strategy and Tactics,"Fred Reinfeld, Irving Chernev",,SKIPPED,,needs_review=true,,,Chess Strategy and Tactics,"Fred Reinfeld, Irving Chernev"
9130d872-7614-4dc5-8664-84ed560c814e,Demystifying Mentalities,G.E.R. Lloyd,,SKIPPED,,needs_review=true,,,Demystifying Mentalities,G.E.R. Lloyd
9134b4de-e578-4889-bd0d-470551625392,Studies in Polish Jewry,Antony Polonsky,,SKIPPED,,needs_review=true,,,Studies in Polish Jewry,Antony Polonsky
9138a394-ff80-4998-9e8d-0346cceb6ce3,MY FAVOURITE HOWLERS,CECIL HUNT,,SKIPPED,,needs_review=true,,,MY FAVOURITE HOWLERS,CECIL HUNT
914183b1-d4f9-4b3f-9add-5cc0009c230e,The Birth of the Clinic,Michel Foucault,,SKIPPED,,needs_review=true,,,The Birth of the Clinic,Michel Foucault
91430965-3763-4282-83ed-6472430fd080,Mathematical Trends in Control Theory,Richard Bellman and Robert Kalaba,,SKIPPED,,needs_review=true,,,Mathematical Trends in Control Theory,Richard Bellman and Robert Kalaba
91493234-f617-4df5-b55c-69b3d4605e93,THE MIDRASH SAYS The Book of Devarim,Unknown,,SKIPPED,,needs_review=true,,,THE MIDRASH SAYS The Book of Devarim,Unknown
914e1623-e292-420b-a5ae-7c9949164d96,ALL 913,Unknown,,SKIPPED,,needs_review=true,,,ALL 913,Unknown
91551306-933a-4b3a-b084-9aecf2325d53,"MIND, MAN, & MACHINE",PAUL T. SAGAL,,SKIPPED,,needs_review=true,,,"MIND, MAN, & MACHINE",PAUL T. SAGAL
915d7a46-ea55-4d2d-9259-0e79950d7086,The Penguin History of the Church 2: Western Society and the Church in the Middle Ages,R. W. Southern,,SKIPPED,,needs_review=true,,,The Penguin History of the Church 2: Western Society and the Church in the Middle Ages,R. W. Southern
91613c90-03b1-4248-826e-7221c16d691c,AND ONE ANECDOTES,ALFRED H. MILES,,SKIPPED,,needs_review=true,,,AND ONE ANECDOTES,ALFRED H. MILES
916902b9-3375-41fc-a848-7aadc7d47106,Some Notes on Lifemanship,Stephen Potter,,SKIPPED,,needs_review=true,,,Some Notes on Lifemanship,Stephen Potter
9169d1f3-b8b6-4f90-bf04-c992631d348b,צדקת הצדיק / The Mysticism of Rabbi Zadok of Lublin,"Alan Brill, Shulman",,SKIPPED,,needs_review=true,,,צדקת הצדיק / The Mysticism of Rabbi Zadok of Lublin,"Alan Brill, Shulman"
91734cc9-fc46-4fc2-90cf-53947af4ffbd,"MIDRASH, MISHNAH, AND GEMARA",David Weiss Halivni,,SKIPPED,,needs_review=true,,,"MIDRASH, MISHNAH, AND GEMARA",David Weiss Halivni
9176c211-f20f-4399-8d79-add73965e985,HISTORY OF THE GREEK AND ROMAN WORLD,METSUENTS,,SKIPPED,,needs_review=true,,,HISTORY OF THE GREEK AND ROMAN WORLD,METSUENTS
91775e57-e28b-489e-b035-18dd51c6d8c8,KELSTUDIES,Unknown,,SKIPPED,,needs_review=true,,,KELSTUDIES,Unknown
917fd6de-fe74-4b13-96be-de6dfc9a83f9,Insights and Illusions of Philosophy,Jean Piaget & Bärbel Inhelder,,SKIPPED,,needs_review=true,,,Insights and Illusions of Philosophy,Jean Piaget & Bärbel Inhelder
918ca049-3de3-472c-8070-a11a913af48a,הודו,Unknown,,SKIPPED,,needs_review=true,,,הודו,Unknown
91958fa7-2d44-4e64-a868-ae91f1abe38d,Impressionism,Robert L. Herbert,,SKIPPED,,needs_review=true,,,Impressionism,Robert L. Herbert
91977fcf-542a-4025-a854-11f5a1ca0120,Origins: The Ancient Near Eastern Background of Some Modern Western Institutions,William W. Hallo,,SKIPPED,,needs_review=true,,,Origins: The Ancient Near Eastern Background of Some Modern Western Institutions,William W. Hallo
9197832e-f17a-482a-b486-dcae20300a39,BOURNVILLE,Unknown,,SKIPPED,,needs_review=true,,,BOURNVILLE,Unknown
91d06bf7-fb9a-4dc2-a431-90c3ea8612cb,ARMENIAN PORTRY OLD AND NEW,Aram Tolegian,,SKIPPED,,needs_review=true,,,ARMENIAN PORTRY OLD AND NEW,Aram Tolegian
91d4c231-e747-483e-bbad-6de651495dbc,The Oxford Companion to Music,Percy A. Scholes,,SKIPPED,,needs_review=true,,,The Oxford Companion to Music,Percy A. Scholes
91e0e14b-d1be-44c8-a061-a97005480d69,"Essays in Jewish Intellectual, Volume II","Norman F. Cantor, Michael E. Stone",,SKIPPED,,needs_review=true,,,"Essays in Jewish Intellectual, Volume II","Norman F. Cantor, Michael E. Stone"
91f5ab1c-4166-481f-a665-a0b677cafcca,The Prescripts of Athenian Decrees,Alan S. Henry,,SKIPPED,,needs_review=true,,,The Prescripts of Athenian Decrees,Alan S. Henry
91fc565b-e485-4795-9a86-a600127a59a3,DICCIONARIO DE AUTORIDADES,Unknown,,SKIPPED,,needs_review=true,,,DICCIONARIO DE AUTORIDADES,Unknown
92010501-d691-4eb3-9f95-23c0bf50ca63,Prefaces to Shakespeare,Harley Granville-Barker,,SKIPPED,,needs_review=true,,,Prefaces to Shakespeare,Harley Granville-Barker
920be0c5-90d0-4201-88c1-395dbd54c4ee,Etymological Dictionary of the Iranian Verb,Johnny Cheung,,SKIPPED,,needs_review=true,,,Etymological Dictionary of the Iranian Verb,Johnny Cheung
920e09dd-7ef2-4668-9009-1ba7f149120c,A History of Engraving & Etching,Arthur M. Hind,,SKIPPED,,needs_review=true,,,A History of Engraving & Etching,Arthur M. Hind
921d50ef-284a-4fd3-8023-40785325f720,The Diary of Samuel Pepys,Samuel Pepys,,SKIPPED,,needs_review=true,,,The Diary of Samuel Pepys,Samuel Pepys
921f478e-b3e9-4cfa-922e-a893707a744e,Das Neue Judentum,Moses Calvary,,SKIPPED,,needs_review=true,,,Das Neue Judentum,Moses Calvary
92229fb1-7292-4706-802c-af005fcb66b9,The Learner's Russian-English Dictionary,B. A. Lapidus and S. V. Shevtsova,,SKIPPED,,needs_review=true,,,The Learner's Russian-English Dictionary,B. A. Lapidus and S. V. Shevtsova
922b1cda-681c-40a3-a745-e29fec4bf97a,Natural Law,A. P. d'Entrèves,,SKIPPED,,needs_review=true,,,Natural Law,A. P. d'Entrèves
922ff331-1e82-47e9-86d1-3e27ff6eed66,RABBINICAL MATHEMATICS and ASTRONOMY,W. M. FELDMAN,,SKIPPED,,needs_review=true,,,RABBINICAL MATHEMATICS and ASTRONOMY,W. M. FELDMAN
923d2eb0-11cc-4608-b5f3-a11eaa199567,Social Responsibility in an Age of Revolution,Louis Finkelstein,,SKIPPED,,needs_review=true,,,Social Responsibility in an Age of Revolution,Louis Finkelstein
924439cf-900e-4576-88e2-b314b442575b,יזכור,Unknown,,SKIPPED,,needs_review=true,,,יזכור,Unknown
9249b216-b677-4cac-8842-8c55b2057e27,ות מובחרות,Unknown,,SKIPPED,,needs_review=true,,,ות מובחרות,Unknown
9254cfe3-c02e-4c2c-96f6-c4c2743cf0f8,Bellum Civile,C. Iulius Caesar,,SKIPPED,,needs_review=true,,,Bellum Civile,C. Iulius Caesar
92597a05-af09-4c38-825a-82a2085af22b,Evolution and Modification of Behavior,Konrad Lorenz,,SKIPPED,,needs_review=true,,,Evolution and Modification of Behavior,Konrad Lorenz
9263aaad-09cf-48bb-a02a-f16dd2920755,Don Isaac Abravanel,B. Netanyahu,,SKIPPED,,needs_review=true,,,Don Isaac Abravanel,B. Netanyahu
9266f157-26c4-4a23-a874-91e851f6e36a,THE CREATION OF THE WORLD ACCORDING TO GERSONIDES,Jacob J. Staub,,SKIPPED,,needs_review=true,,,THE CREATION OF THE WORLD ACCORDING TO GERSONIDES,Jacob J. Staub
9268d873-6e86-4c43-ae2b-3256f6741aa9,A Classification System For Libraries of Judaica,David H. Elazar and Daniel J. Elazar,,SKIPPED,,needs_review=true,,,A Classification System For Libraries of Judaica,David H. Elazar and Daniel J. Elazar
926b5e2a-6094-4b8b-907b-3a98bb8bc35d,The Railway Children,E. NESBIT,,SKIPPED,,needs_review=true,,,The Railway Children,E. NESBIT
9296cc43-4d62-4aa5-9a12-fd9ef16e6a11,SY TAR,Unknown,,SKIPPED,,needs_review=true,,,SY TAR,Unknown
929d4895-12e2-4883-a114-d6a91d002f39,JUDEN IN HANNOVER,Peter Schulze,,SKIPPED,,needs_review=true,,,JUDEN IN HANNOVER,Peter Schulze
92af38d8-c816-463e-b014-d8ec47a35adb,Orchestration,Walter Piston,,SKIPPED,,needs_review=true,,,Orchestration,Walter Piston
92b587e5-3c26-40bc-a14b-8c147bc8cd9c,EARLY JUDAISM AND ITS LITERATURE: Noah and His Book(s),"Michael E. Stone, Aryeh Amihay, and Vered Hillel",,SKIPPED,,needs_review=true,,,EARLY JUDAISM AND ITS LITERATURE: Noah and His Book(s),"Michael E. Stone, Aryeh Amihay, and Vered Hillel"
92d5977c-d1c7-4e00-b563-da7e9e716a98,THE HANS WEHR DICTIONARY OF MODERN WRITTEN ARABIC,"HANS WEHR, Edited by J M.COWAN",,SKIPPED,,needs_review=true,,,THE HANS WEHR DICTIONARY OF MODERN WRITTEN ARABIC,"HANS WEHR, Edited by J M.COWAN"
92db7707-b185-424b-aa97-c10ad662cefb,celley &w Mill,Unknown,,SKIPPED,,needs_review=true,,,celley &w Mill,Unknown
92dc2a97-8ff6-4596-9329-80926c5a3c24,Die Aufzeichnungen des Malte Laurids Brigge,Rainer Maria Rilke,,SKIPPED,,needs_review=true,,,Die Aufzeichnungen des Malte Laurids Brigge,Rainer Maria Rilke
92dcc436-fe71-49f9-a8ef-33194a33dad8,THE STORY OF RINTING & BOOKMAKING,OUGLAS CMCALID,,SKIPPED,,needs_review=true,,,THE STORY OF RINTING & BOOKMAKING,OUGLAS CMCALID
92e4f388-19c6-4961-95dd-52c5051b39bd,The Emperor Corgi,Catherine Caufield,,SKIPPED,,needs_review=true,,,The Emperor Corgi,Catherine Caufield
92e5b8c1-e8b3-4da6-87a0-19cbb59acec6,Josephus: The Man and the Historian,H. St. John Thackeray,,SKIPPED,,needs_review=true,,,Josephus: The Man and the Historian,H. St. John Thackeray
92ec1d5c-69d9-40d2-8d4a-f2bdcea74cee,The Sea Around Us,Rachel L. Carson,,SKIPPED,,needs_review=true,,,The Sea Around Us,Rachel L. Carson
92ec907b-002b-449c-9b5b-6587f7a92c14,POETARUM LESBIORUM FRAGMENTA,Edgar Lobel et Denys Page,,SKIPPED,,needs_review=true,,,POETARUM LESBIORUM FRAGMENTA,Edgar Lobel et Denys Page
92f0b048-374b-42df-ba21-c2699eaaf284,"Stoics, Epicureans, and Sceptics",R. W. Sharples,,SKIPPED,,needs_review=true,,,"Stoics, Epicureans, and Sceptics",R. W. Sharples
92faa574-f63c-49b1-b3f8-bce6fea4502c,CHINA,Unknown,,SKIPPED,,needs_review=true,,,CHINA,Unknown
92fce3d0-169a-4c1e-baf2-68b0b7fdd7bf,BAR-ILAN STUDIES IN ASSYRIOLOGY,Unknown,,SKIPPED,,needs_review=true,,,BAR-ILAN STUDIES IN ASSYRIOLOGY,Unknown
930e2a72-e2ce-443e-941b-56ea3d1a1684,Thai for Intermediate Learners,Benjawan Poomsan Becker,,SKIPPED,,needs_review=true,,,Thai for Intermediate Learners,Benjawan Poomsan Becker
930e9367-8c9c-4d62-91a0-1cbef90a305f,Adventures of Ideas,Alfred North Whitehead,,SKIPPED,,needs_review=true,,,Adventures of Ideas,Alfred North Whitehead
930ecf14-b145-4fbb-9ddc-3de113e40419,Philosophy in a New Key,Susanne K. Langer,,SKIPPED,,needs_review=true,,,Philosophy in a New Key,Susanne K. Langer
9312a959-80b8-4f88-a4f3-1202fd765f76,Moralia,Plutarchvs,,SKIPPED,,needs_review=true,,,Moralia,Plutarchvs
9314fcf2-57cd-4435-9b91-840341e85928,Crito,"Plato, J. Adam",,SKIPPED,,needs_review=true,,,Crito,"Plato, J. Adam"
933532ae-f087-4b80-bb82-284804fad4d9,The Ballad of Reading Gaol,Oscar Wilde,,SKIPPED,,needs_review=true,,,The Ballad of Reading Gaol,Oscar Wilde
93589697-e47e-4968-96ca-4895a4ec5576,GREEK FEDERAL STATES,J.A.O. LARSEN,,SKIPPED,,needs_review=true,,,GREEK FEDERAL STATES,J.A.O. LARSEN
93674db2-f82f-43a1-96d0-ff3c25727944,Balliol College Annual Record 2009,Unknown,,SKIPPED,,needs_review=true,,,Balliol College Annual Record 2009,Unknown
9374ec8d-59cb-4f20-90bb-dff3c6686360,A Concise History of Art: Part Two From the Renaissance to the Present Day,Germain Bazin,,SKIPPED,,needs_review=true,,,A Concise History of Art: Part Two From the Renaissance to the Present Day,Germain Bazin
937f4a59-267b-42b5-bd46-48b45b3340de,Democracy and participation in Athens,R.K.SINCLAIR,,SKIPPED,,needs_review=true,,,Democracy and participation in Athens,R.K.SINCLAIR
93818489-03af-4f1f-8ebe-6d80ac4d193a,יום טוב פרק רביעי ראש השנה / AHALAKHIC ANALYSIS OF WOMEN'S PRAYER GROUPS,Avraham,,SKIPPED,,needs_review=true,,,יום טוב פרק רביעי ראש השנה / AHALAKHIC ANALYSIS OF WOMEN'S PRAYER GROUPS,Avraham
939367ca-b0b1-4a9d-ab48-a8265c2309e1,המסורת המוסיקאלית של יהודי בבל,אמנון שילוח,,SKIPPED,,needs_review=true,,,המסורת המוסיקאלית של יהודי בבל,אמנון שילוח
939c39c9-219b-4f43-8ecc-4178b689227b,Psyche,Erwin Rohde,,SKIPPED,,needs_review=true,,,Psyche,Erwin Rohde
93baf45c-d615-4e8d-9d66-1562ae0818e1,The Journal of Hellenic Studies,"L. Cohn-Haft, et al.",,SKIPPED,,needs_review=true,,,The Journal of Hellenic Studies,"L. Cohn-Haft, et al."
93c659ef-8306-4a82-9458-f515aab657dd,PHARAONIC EGYPT,EDITOR: SARAH ISRAELIT GROLL,,SKIPPED,,needs_review=true,,,PHARAONIC EGYPT,EDITOR: SARAH ISRAELIT GROLL
93d7172e-7aa1-4013-b452-c94b31189928,MACHIAVELLI THE DISCOURSES,Unknown,,SKIPPED,,needs_review=true,,,MACHIAVELLI THE DISCOURSES,Unknown
93deb3fd-804e-485a-8c2d-e777cdd51a69,The Rings of Saturn,W. G. Sebald,,SKIPPED,,needs_review=true,,,The Rings of Saturn,W. G. Sebald
93f73f6a-7971-42ff-9724-428e55fccaff,Reader in the Academic Library,Michael M. Reynolds,,SKIPPED,,needs_review=true,,,Reader in the Academic Library,Michael M. Reynolds
9409c69c-a9ab-4526-9f96-a7468a7de58d,"Rome: Profile of a City, 312-1308",Richard Krautheimer,,SKIPPED,,needs_review=true,,,"Rome: Profile of a City, 312-1308",Richard Krautheimer
941623d1-357f-44c3-8482-d88772772837,תולדות הנגינה והחןנןת בישראל,"ד""ר חיים הריס",,SKIPPED,,needs_review=true,,,תולדות הנגינה והחןנןת בישראל,"ד""ר חיים הריס"
9424d663-1145-4eac-8e95-3f9bb1236b5f,HASIDIC THOUGHT,LOUIS JACOBS,,SKIPPED,,needs_review=true,,,HASIDIC THOUGHT,LOUIS JACOBS
9426742d-9ce0-430f-bc51-810457685e9f,Tales of the Alhambra,Washington Irving,,SKIPPED,,needs_review=true,,,Tales of the Alhambra,Washington Irving
942d2673-d2e7-49af-a0c5-4a665ba11819,The Nature of History,Arthur Marwick,,SKIPPED,,needs_review=true,,,The Nature of History,Arthur Marwick
942f3582-0921-4ef6-aa7d-df947d7fa041,Jews in the Caribbean,"Misgav, Bloch, Peters",,SKIPPED,,needs_review=true,,,Jews in the Caribbean,"Misgav, Bloch, Peters"
9443c591-6bc0-45c7-ae13-f16255c19955,The Old Wives' Tale,Arnold Bennett,,SKIPPED,,needs_review=true,,,The Old Wives' Tale,Arnold Bennett
944ac1e4-5e7b-4e6e-9213-f8fe34da797e,Manoscritti e frammenti ebraici nell'Archivio di Stato di Cremona,Unknown,,SKIPPED,,needs_review=true,,,Manoscritti e frammenti ebraici nell'Archivio di Stato di Cremona,Unknown
9471f6aa-a3b3-4a4d-857a-7dce456aec54,ולזכור,Unknown,,SKIPPED,,needs_review=true,,,ולזכור,Unknown
947724e7-d5f6-483a-ac61-c6f3b7fbe60d,"Odyssey, Books XIII-XXIV","Homer, W. W. Merry",,SKIPPED,,needs_review=true,,,"Odyssey, Books XIII-XXIV","Homer, W. W. Merry"
94790a1b-a8e0-40ab-9a47-42fceb8bba30,Ancient Greek Scholarship,Eleanor Dickey,,SKIPPED,,needs_review=true,,,Ancient Greek Scholarship,Eleanor Dickey
94875d0e-9a57-4646-bd74-c3b1519b8e47,Knaurs Weltgeschichte,K.A.v. Müller und Dr. P.R. Rohden,,SKIPPED,,needs_review=true,,,Knaurs Weltgeschichte,K.A.v. Müller und Dr. P.R. Rohden
9494a3f1-1658-4c51-8dac-0ffcc24f9579,Men and Women,Rachel Elior,,SKIPPED,,needs_review=true,,,Men and Women,Rachel Elior
949c6fc1-bbd1-4815-8b04-ef0fef3e1806,Hesiod,Richmond Lattimore,,SKIPPED,,needs_review=true,,,Hesiod,Richmond Lattimore
94a51170-fe89-4b81-9292-2c08beb3527d,Ausführliche GRAMMATIK der griechischen Sprache,Raphael Kühner-Bernhard Gerth,,SKIPPED,,needs_review=true,,,Ausführliche GRAMMATIK der griechischen Sprache,Raphael Kühner-Bernhard Gerth
94a66dee-113b-42b5-8394-9ed8f1e7fc4b,"Fantasy for Piano, Chorus and Orchestra Op. 80",Beethoven,,SKIPPED,,needs_review=true,,,"Fantasy for Piano, Chorus and Orchestra Op. 80",Beethoven
94a8d36c-34db-4ead-b60d-8fba5135c223,Psychosomatic Medicine,Franz Alexander,,SKIPPED,,needs_review=true,,,Psychosomatic Medicine,Franz Alexander
94acde7a-303c-4b4d-bc21-b4364cce96ec,N,A,,SKIPPED,,needs_review=true,,,N,A
94bd0b2d-1a4b-4259-b218-f72b60b28534,A Reference Grammar of Thai,Shoichi Iwasaki and Preeya Ingkaphirom,,SKIPPED,,needs_review=true,,,A Reference Grammar of Thai,Shoichi Iwasaki and Preeya Ingkaphirom
94bd9bed-e88b-46f1-87c1-26a4262b6878,Roman Drama,"COPLEY and HADAS, trs.",,SKIPPED,,needs_review=true,,,Roman Drama,"COPLEY and HADAS, trs."
9525b081-ac9a-4c3a-a84f-ce00c53a858c,The Quest of the Historical Jesus,Albert Schweitzer,,SKIPPED,,needs_review=true,,,The Quest of the Historical Jesus,Albert Schweitzer
954128bf-f7fb-4f7a-a524-826132e45b70,RPPU,Unknown,,SKIPPED,,needs_review=true,,,RPPU,Unknown
95493648-158b-4838-a36f-c6e65f921e2b,SONATA FOR CELLO AND PIANO,"MOZART, GRUETZMACHER",,SKIPPED,,needs_review=true,,,SONATA FOR CELLO AND PIANO,"MOZART, GRUETZMACHER"
95540615-da49-45a6-82ed-8d93ca211cc7,Tahkemoni: The Book of,"Martin Alharizi, Hasan Rokem, Shulman",,SKIPPED,,needs_review=true,,,Tahkemoni: The Book of,"Martin Alharizi, Hasan Rokem, Shulman"
955bc254-5b1e-43ba-a8c6-14978f73406f,ART FOCUS,erry Haass,,SKIPPED,,needs_review=true,,,ART FOCUS,erry Haass
95638a19-6b3b-4291-9205-df560077deec,Sugarás,Gall,,SKIPPED,,needs_review=true,,,Sugarás,Gall
958b59ec-f3d1-420c-89d4-4349757bc4b8,Polarity and Analogy,G. E. R. Lloyd,,SKIPPED,,needs_review=true,,,Polarity and Analogy,G. E. R. Lloyd
958ef2f5-facd-43d7-a780-015e2f10115f,Between the Blinds: A Derrida Reader,Peggy Kamuf,,SKIPPED,,needs_review=true,,,Between the Blinds: A Derrida Reader,Peggy Kamuf
9592986d-2132-4aa1-a1ad-abbe22977937,La Mer,Claude Debussy,,SKIPPED,,needs_review=true,,,La Mer,Claude Debussy
959e9fae-31ee-4467-b9af-e7df9e14f6cf,THE LITTLE LIMERICK BOOK,Unknown,,SKIPPED,,needs_review=true,,,THE LITTLE LIMERICK BOOK,Unknown
95a26b5e-068e-4260-86fb-55a9b3d4bde4,SONGS OF THE CHASSIDIM,Velvel Pasternak,,SKIPPED,,needs_review=true,,,SONGS OF THE CHASSIDIM,Velvel Pasternak
95a96db2-f90a-456b-8eb0-1e5886b3e1aa,Kleine historische und philologische Schriften,B. G. Niebuhr,,SKIPPED,,needs_review=true,,,Kleine historische und philologische Schriften,B. G. Niebuhr
95af2f68-71e7-4d54-a3fa-97c366740d05,AN ARABIC READER,Unknown,,SKIPPED,,needs_review=true,,,AN ARABIC READER,Unknown
95c0531a-fc10-403b-8a1d-2226516c7fe9,JUSTICE AND EQUALITY,Hugo A. Bedau,,SKIPPED,,needs_review=true,,,JUSTICE AND EQUALITY,Hugo A. Bedau
95cfa520-12fb-4b1e-9d28-49472268c10c,LE ROMAN DE TRISTAN ET ISEUT,Unknown,,SKIPPED,,needs_review=true,,,LE ROMAN DE TRISTAN ET ISEUT,Unknown
95e1e8ef-17e3-45e0-a55c-16d51b5b6e21,The Cambridge Companion to German Idealism,Karl Ameriks,,SKIPPED,,needs_review=true,,,The Cambridge Companion to German Idealism,Karl Ameriks
95e854c7-aa83-4f50-80bf-e35917aed7cb,Persuasion,Jane Austen,,SKIPPED,,needs_review=true,,,Persuasion,Jane Austen
95ede1ca-18bc-4213-8c7e-c33ea286fde1,Moralia II,Plutarchus,,SKIPPED,,needs_review=true,,,Moralia II,Plutarchus
95f8c240-342a-4be1-9a3b-8ff1965d069b,DE SENECTUTE,CICERO,,SKIPPED,,needs_review=true,,,DE SENECTUTE,CICERO
95f913f6-85f5-4b9a-85cf-db50347b516f,Iranian Jewry's Hour of Peril and Heroism,Vera Basch Morebit,,SKIPPED,,needs_review=true,,,Iranian Jewry's Hour of Peril and Heroism,Vera Basch Morebit
960381b7-8ef0-497e-bfca-7d9bfc4eb464,Festivals of the Athenians,H. W. Parke,,SKIPPED,,needs_review=true,,,Festivals of the Athenians,H. W. Parke
96047deb-3879-4fd5-a38d-756aac28e257,COHHHEHMA B TPEX TOMAX TOM IEPBbи,A.C. IIVIIIKHH,,SKIPPED,,needs_review=true,,,COHHHEHMA B TPEX TOMAX TOM IEPBbи,A.C. IIVIIIKHH
960599b9-47fc-41dd-a8d6-209add14228f,RAVENNA ART AND HISTORY,Giuseppe Bovini,,SKIPPED,,needs_review=true,,,RAVENNA ART AND HISTORY,Giuseppe Bovini
960a272c-43c5-403e-8aad-215ae2667729,Dustizrat Dr,Naphtali Hirsch,,SKIPPED,,needs_review=true,,,Dustizrat Dr,Naphtali Hirsch
960a4aab-d2af-4a7d-a50a-a77da7f3f48e,How to Organize Your Time,Michael Gore,,SKIPPED,,needs_review=true,,,How to Organize Your Time,Michael Gore
962c8b87-e672-4a6c-b7b7-2d5fe62a3e00,Gildersleeve's Latin Grammar,Gildersleeve and Lodge,,SKIPPED,,needs_review=true,,,Gildersleeve's Latin Grammar,Gildersleeve and Lodge
962dec74-bb6d-47ec-9d86-7b38ca163b54,IRISH ART,Bruce Arnold,,SKIPPED,,needs_review=true,,,IRISH ART,Bruce Arnold
96353063-66f4-4806-b6c4-600f9b1a7b55,NN.K,Unknown,,SKIPPED,,needs_review=true,,,NN.K,Unknown
96368946-e532-4f2a-9edc-fd2149c2d200,The Cambridge Companion to Wittgenstein,"Hans Sluga, David G. Stern",,SKIPPED,,needs_review=true,,,The Cambridge Companion to Wittgenstein,"Hans Sluga, David G. Stern"
96374738-d8f8-42e0-8538-9e8c44b60e79,History of Education in Antiquity,H. I. Marrou,,SKIPPED,,needs_review=true,,,History of Education in Antiquity,H. I. Marrou
9637e4a2-c248-42e3-9768-0e4e374bf908,The Idea of History,R. G. Collingwood,,SKIPPED,,needs_review=true,,,The Idea of History,R. G. Collingwood
963efd11-5dad-4b70-bd77-18c67a47c799,BIG TABLE BOOK OF THE YOUNG AMERICAN POETS,Paul Carroll,,SKIPPED,,needs_review=true,,,BIG TABLE BOOK OF THE YOUNG AMERICAN POETS,Paul Carroll
964dc5e2-826f-486b-86db-50430aa7a8d4,An Introduction to Metaphysics,Henri Bergson,,SKIPPED,,needs_review=true,,,An Introduction to Metaphysics,Henri Bergson
965211eb-03e3-4d62-a9f7-782a0bac67ee,EARLY GREEK ASTRONOMY TO ARISTOTLE,Unknown,,SKIPPED,,needs_review=true,,,EARLY GREEK ASTRONOMY TO ARISTOTLE,Unknown
965bb2fb-d06d-435f-b54a-caa68e408209,Max et Moritz,Guilelmus Busch,,SKIPPED,,needs_review=true,,,Max et Moritz,Guilelmus Busch
965e944f-29cb-403e-aa09-5dd37ce60649,PROGRAMMING WITH,HENRY RUSTON,,SKIPPED,,needs_review=true,,,PROGRAMMING WITH,HENRY RUSTON
966d7e06-0ea2-4584-9fc5-a6ba6615ba87,אלה ואלה שמות,Unknown,,SKIPPED,,needs_review=true,,,אלה ואלה שמות,Unknown
967758cd-304c-41dd-bd42-ccc5b9ac3f44,Deconstruction and Philosophy,John Sallis,,SKIPPED,,needs_review=true,,,Deconstruction and Philosophy,John Sallis
9681cce0-6bbe-49d1-985a-212afef5a754,The Democratic Experience,Wright; De Santis; Ver Steeg; Harbaugh; Nye; Link; Hamilton; Cochran; Potter; Degler,,SKIPPED,,needs_review=true,,,The Democratic Experience,Wright; De Santis; Ver Steeg; Harbaugh; Nye; Link; Hamilton; Cochran; Potter; Degler
9683a303-b39a-4c27-999f-83d58c0f3a63,Goethe's Faust,Goethe,,SKIPPED,,needs_review=true,,,Goethe's Faust,Goethe
968d5f0d-4dd4-4133-814b-6f9e3fa0137b,on,Unknown,,SKIPPED,,needs_review=true,,,on,Unknown
969fae18-d0c2-4b87-aaed-76198243646b,Opera Philosophica,M. T. Ciceronis,,SKIPPED,,needs_review=true,,,Opera Philosophica,M. T. Ciceronis
96a019dc-2054-43e7-a068-4c97ec6896d5,Akkadisches Handwörterbuch,"Wolfram Von Soden, Raymond",,SKIPPED,,needs_review=true,,,Akkadisches Handwörterbuch,"Wolfram Von Soden, Raymond"
96a3bbab-3ed1-4c0d-9f7a-2bbdb9787c29,קידוש לשבת,יוסף ראזענבלאטט,,SKIPPED,,needs_review=true,,,קידוש לשבת,יוסף ראזענבלאטט
96a4b224-e54f-449a-a84d-a2bb4b6a6b44,CONCERTO IN B MINOR,Dvorak,,SKIPPED,,needs_review=true,,,CONCERTO IN B MINOR,Dvorak
96a8084c-aafc-436d-aa5d-01814fd02244,SUFISM,A.J. ARBERRY,,SKIPPED,,needs_review=true,,,SUFISM,A.J. ARBERRY
96a9ee77-9560-408d-942a-2c22f804fc65,Anabasis,"Xenophon, Friedrich Gustav Sorof, Gustav Sorof",,SKIPPED,,needs_review=true,,,Anabasis,"Xenophon, Friedrich Gustav Sorof, Gustav Sorof"
96b2a958-5ba7-43f4-b280-d2a5b0864f99,Theories of the Text,D. C. Greetham,,SKIPPED,,needs_review=true,,,Theories of the Text,D. C. Greetham
96bbe868-b2bb-4384-abd2-06cdba7c3656,pragmatism,H. S. THAYER,,SKIPPED,,needs_review=true,,,pragmatism,H. S. THAYER
96c25c5b-76c8-47e9-a5a6-da5f9ee9d094,INDIA TRADERS OF THE MIDDLE AGES: DOCUMENTS FROM THE CAIRO GENIZA,S.D. GOITEIN AND MORDECHAI A. FRIEDMAN,,SKIPPED,,needs_review=true,,,INDIA TRADERS OF THE MIDDLE AGES: DOCUMENTS FROM THE CAIRO GENIZA,S.D. GOITEIN AND MORDECHAI A. FRIEDMAN
96ec4f35-377b-48eb-b0fe-6733b8641f0a,Le Storie Libro V: La Rivolta della Ionia,Erodoto; Giuseppe Nenci,,SKIPPED,,needs_review=true,,,Le Storie Libro V: La Rivolta della Ionia,Erodoto; Giuseppe Nenci
96ef510d-2d89-4e1f-b819-7a4c2d1db06b,Sophistik und Polisentwicklung,Martin Dreher,,SKIPPED,,needs_review=true,,,Sophistik und Polisentwicklung,Martin Dreher
96f0014b-a3f6-42c6-a140-72beb6ee9eef,The Cambridge Ancient History,C. A. Ralegh Radford,,SKIPPED,,needs_review=true,,,The Cambridge Ancient History,C. A. Ralegh Radford
96f35f98-ddb3-459d-bd43-60af48508c24,Early Philo,"Littman, Shapiro, Stern",,SKIPPED,,needs_review=true,,,Early Philo,"Littman, Shapiro, Stern"
96f4a053-e67d-416c-8575-5f44810f372b,Pindar,C. M. Bowra,,SKIPPED,,needs_review=true,,,Pindar,C. M. Bowra
96f90447-5684-4903-b07c-a5439289f38d,Membership Directory,American Academy of Arts & Sciences,,SKIPPED,,needs_review=true,,,Membership Directory,American Academy of Arts & Sciences
96fcd96b-f23c-4d66-ad0a-30db8019a466,DICTIONARY OF THE DIALECTS OF VERNACULAR SYRIAC,ARTHUR JOHN MACLEAN,,SKIPPED,,needs_review=true,,,DICTIONARY OF THE DIALECTS OF VERNACULAR SYRIAC,ARTHUR JOHN MACLEAN
9708b539-aad2-47b0-a95d-fc2a5be02ce6,Gestalt Psychology,Wolfgang Köhler,,SKIPPED,,needs_review=true,,,Gestalt Psychology,Wolfgang Köhler
97107285-cbdb-477d-90dd-4a4d10cca548,Diagnostic and Statistical Manual of Mental Disorders,American Psychiatric Association,,SKIPPED,,needs_review=true,,,Diagnostic and Statistical Manual of Mental Disorders,American Psychiatric Association
97115e99-41a7-4266-a455-c323e32714ae,The Political Dimensions of Aristotle's Ethics,Richard Bodéüs,,SKIPPED,,needs_review=true,,,The Political Dimensions of Aristotle's Ethics,Richard Bodéüs
97209991-c55b-4881-8ff1-c57bf36527f8,Sappho and Alcaeus,Denys Page,,SKIPPED,,needs_review=true,,,Sappho and Alcaeus,Denys Page
9738789f-0471-40dd-aa32-0b7c3a4033ad,GETTING IT RIGHT,RUTHIE PEARLMAN,,SKIPPED,,needs_review=true,,,GETTING IT RIGHT,RUTHIE PEARLMAN
973efb5e-0252-4842-9302-b2f8cfbc28de,Context of Northern Painting,Charles Dekeyser,,SKIPPED,,needs_review=true,,,Context of Northern Painting,Charles Dekeyser
974e79e6-4559-4065-a303-0226ed4f3d7d,Introducing the American Association of Law Libraries,Unknown,,SKIPPED,,needs_review=true,,,Introducing the American Association of Law Libraries,Unknown
97585a6a-916e-4af0-a56f-5b4c6e202299,LYCURGUE CONTRE LÉOCRATE FRAGMENTS,FELIX DURRBACH,,SKIPPED,,needs_review=true,,,LYCURGUE CONTRE LÉOCRATE FRAGMENTS,FELIX DURRBACH
9762d9a7-369d-4b8d-a233-6adf31b3fb4f,THE IMAGE AND THE WORD: CONFRONTATIONS IN JUDAISM CHRISTIANITY AND ISLAM,Joseph Gutmann,,SKIPPED,,needs_review=true,,,THE IMAGE AND THE WORD: CONFRONTATIONS IN JUDAISM CHRISTIANITY AND ISLAM,Joseph Gutmann
97694436-6163-4fa6-bc7c-55a9ad3fc434,Information und Absicht bei Thukydides,Christoph Schneider,,SKIPPED,,needs_review=true,,,Information und Absicht bei Thukydides,Christoph Schneider
977d33a2-8d01-4606-8c23-b6d5a141419f,THE GROWTH OF THE OLD TESTAMENT,H. H. Rowley,,SKIPPED,,needs_review=true,,,THE GROWTH OF THE OLD TESTAMENT,H. H. Rowley
97a130dd-fc0d-425a-ae28-89d7748f8013,Alexandria: A History and a Guide,E. M. Forster,,SKIPPED,,needs_review=true,,,Alexandria: A History and a Guide,E. M. Forster
97a3cd2d-051d-40b0-b018-47fa77bf60ae,Unsecular Man,Andrew M. Greeley,,SKIPPED,,needs_review=true,,,Unsecular Man,Andrew M. Greeley
97b21bf8-d939-4f1d-84f5-8e452b63ef97,Jewish Law and Life in Poland 1550-1655,Edward Fram,,SKIPPED,,needs_review=true,,,Jewish Law and Life in Poland 1550-1655,Edward Fram
97c4c62a-1d95-421f-a1fc-c606299c1de5,OUTSIDERS IN THE GREEK CITIES IN THE FOURTH CENTURY BC,Paul McKechnie,,SKIPPED,,needs_review=true,,,OUTSIDERS IN THE GREEK CITIES IN THE FOURTH CENTURY BC,Paul McKechnie
97c9e43c-76b6-4a1c-b9c7-88677c1bc119,Clouds,"Aristophanes, Humphreys",,SKIPPED,,needs_review=true,,,Clouds,"Aristophanes, Humphreys"
97d7bf1c-0093-4284-9bd5-8b23f7e65b5a,The Journal of Hellenic Studies,"A.M. Bowie, John Elsner, et al.",,SKIPPED,,needs_review=true,,,The Journal of Hellenic Studies,"A.M. Bowie, John Elsner, et al."
97f1de0b-aeb4-4a10-995f-2d6af500922d,Criticism: The Major Texts,W.J. Bate,,SKIPPED,,needs_review=true,,,Criticism: The Major Texts,W.J. Bate
97fe28ce-7ed9-400b-83e2-db4050845d79,RUSSIAN FOR THE MATHEMATICIAN,S.H. GOULD,,SKIPPED,,needs_review=true,,,RUSSIAN FOR THE MATHEMATICIAN,S.H. GOULD
981a61e8-9a95-4646-b710-105232cca560,YEARBOOK,American Philosophical Society,,SKIPPED,,needs_review=true,,,YEARBOOK,American Philosophical Society
98216578-e79a-4aa3-bb61-d1257538294a,THE MURMURING DEEP,AVIVAH GOTTLIEB ZORNBERG,,SKIPPED,,needs_review=true,,,THE MURMURING DEEP,AVIVAH GOTTLIEB ZORNBERG
985a7cca-bbe4-490e-9e1d-d4f2784d2e42,THE JEWISH CONCEPTION OF NATIONALISM,S.Z. SHRAGAI,,SKIPPED,,needs_review=true,,,THE JEWISH CONCEPTION OF NATIONALISM,S.Z. SHRAGAI
986461af-6b43-4410-be1e-925f0c71c9b6,Isaac Ibn Sahula's MESHAL HAQADMONI: Fables from the Distant Past,"Isaac Ibn Sahula, Raphael Loewe",,SKIPPED,,needs_review=true,,,Isaac Ibn Sahula's MESHAL HAQADMONI: Fables from the Distant Past,"Isaac Ibn Sahula, Raphael Loewe"
986749ad-53af-4d46-b1e5-52a9d2904ce6,From Berlin to Jerusalem: Memories of My Youth,Gershom Scholem,,SKIPPED,,needs_review=true,,,From Berlin to Jerusalem: Memories of My Youth,Gershom Scholem
986bbcad-4045-4fd5-a302-06dab56a088f,Uzbek Textbook Volume 1,Khayrulla H. Ismatulla,,SKIPPED,,needs_review=true,,,Uzbek Textbook Volume 1,Khayrulla H. Ismatulla
988fc52c-5ba9-4e6d-b195-19904849dcb9,Modern Artists On Art,Robert L. Herbert,,SKIPPED,,needs_review=true,,,Modern Artists On Art,Robert L. Herbert
989b77a0-514a-4fcc-9112-ab0299bd485d,דיו,Unknown,,SKIPPED,,needs_review=true,,,דיו,Unknown
989bdd0d-2996-4a64-b5be-a824f9cccc50,Editions of Sophocles,Campbell,,SKIPPED,,needs_review=true,,,Editions of Sophocles,Campbell
98a93710-5785-484e-849a-05286b6f28be,Calendar and Community: A History of the Jewish Calendar,Sacha Stern,,SKIPPED,,needs_review=true,,,Calendar and Community: A History of the Jewish Calendar,Sacha Stern
98a937e5-a8a9-42e5-b685-7b0c97e850cb,Harper's Grammar of French,Unknown,,SKIPPED,,needs_review=true,,,Harper's Grammar of French,Unknown
98bc3dcb-c806-46bf-85e9-0183cb5b32b3,Der Opfergang,Rudolf G. Binding,,SKIPPED,,needs_review=true,,,Der Opfergang,Rudolf G. Binding
98c493cb-50f7-4673-838f-5728957d0db6,THE DEMES OF ATTICA,David Whitehead,,SKIPPED,,needs_review=true,,,THE DEMES OF ATTICA,David Whitehead
98cac7c9-271b-40d8-bffa-454a39ce394b,The Cambridge Ancient History,"Macdowell, Gruen, A.A",,SKIPPED,,needs_review=true,,,The Cambridge Ancient History,"Macdowell, Gruen, A.A"
98dbccf1-93b8-4cc7-ace1-1d7ecface6b4,GENESIS and REGENERATION,edited by Shaul Shaked,,SKIPPED,,needs_review=true,,,GENESIS and REGENERATION,edited by Shaul Shaked
98dc9df7-d37f-4433-9557-2c3a9107a6f3,Albanian-English Dictionary,Unknown,,SKIPPED,,needs_review=true,,,Albanian-English Dictionary,Unknown
98e712cd-29f8-4730-bee6-91cc5c69b240,Vile Bodies,Evelyn Waugh,,SKIPPED,,needs_review=true,,,Vile Bodies,Evelyn Waugh
98ef7eee-1c17-4b82-873b-931ba2720429,ARISTOTLE,"John Herman Randall, Jr.",,SKIPPED,,needs_review=true,,,ARISTOTLE,"John Herman Randall, Jr."
98f026c2-5c2d-4b2c-b789-ea08a4d85d1b,The Man Who Knew Infinity,Robert Kanigel,,SKIPPED,,needs_review=true,,,The Man Who Knew Infinity,Robert Kanigel
98f88b23-a872-482b-b443-038807b726c2,The Book of Radiance,Hossein Ziai,,SKIPPED,,needs_review=true,,,The Book of Radiance,Hossein Ziai
9911bb10-9c09-4553-8021-2e0eeb52f489,Technological Change in Printing and Publishing,edited by LOWELL H. HATTERY and GEORGE P. BUSH The American University,,SKIPPED,,needs_review=true,,,Technological Change in Printing and Publishing,edited by LOWELL H. HATTERY and GEORGE P. BUSH The American University
9914a741-be96-4e6d-9a3c-9ebc44f42005,THE ROMANCE OF TRISTAN AND ISE,JOSEPH BÉDIER,,SKIPPED,,needs_review=true,,,THE ROMANCE OF TRISTAN AND ISE,JOSEPH BÉDIER
991948d5-03da-4992-b928-c9577e4829f4,Studia Aramaica,"Geller, Greenfield and Weitzman",,SKIPPED,,needs_review=true,,,Studia Aramaica,"Geller, Greenfield and Weitzman"
991b3eba-8ad8-45ab-81c6-95c017d2407b,Selected Recitatives,Cantor Yosef Rosenblatt,,SKIPPED,,needs_review=true,,,Selected Recitatives,Cantor Yosef Rosenblatt
991caae9-6ef5-4866-a9eb-ab2de2352592,A Guide to Greek Thought,Jacques Brunschwig & Geoffrey E. R. Lloyd,,SKIPPED,,needs_review=true,,,A Guide to Greek Thought,Jacques Brunschwig & Geoffrey E. R. Lloyd
991d786a-2043-4859-8d3a-78879751ae15,Reimarus: Fragments,"Charles H. Talbert, Ralph S. Fraser",,SKIPPED,,needs_review=true,,,Reimarus: Fragments,"Charles H. Talbert, Ralph S. Fraser"
991f9e39-b6f1-47ce-b845-de837e6b3184,HOW TO READ A PAGE,I. A. RICHARDS,,SKIPPED,,needs_review=true,,,HOW TO READ A PAGE,I. A. RICHARDS
9928edbc-5232-4c1e-bb2a-00ffb9df5111,רעדנער און דענקער,הרב דר. דוד מ. שאכעט,,SKIPPED,,needs_review=true,,,רעדנער און דענקער,הרב דר. דוד מ. שאכעט
992cad77-43bc-4538-af45-19a71781527a,'LONGINUS' On the Sublime,D. A. RUSSELL,,SKIPPED,,needs_review=true,,,'LONGINUS' On the Sublime,D. A. RUSSELL
9931295f-870a-45a6-b1a9-6a470e7b7e5b,The International Migration Review,Unknown,,SKIPPED,,"status=""failed""",,,The International Migration Review,Unknown
993ea201-7b64-46c7-89cd-05f6b034046d,מורשת גבורה,Unknown,,SKIPPED,,needs_review=true,,,מורשת גבורה,Unknown
994009fc-3a80-4df9-8f6e-af9a995171e9,"State, Society, and Law in Islam",Haim Gerber,,SKIPPED,,needs_review=true,,,"State, Society, and Law in Islam",Haim Gerber
99542b0e-8e5b-49f8-8d60-cb319fb663a4,Greek Philosophy,John Burnet,,SKIPPED,,needs_review=true,,,Greek Philosophy,John Burnet
995fde89-dcfd-4ed1-a976-9676b68b5430,THE SABBATH,Unknown,,SKIPPED,,needs_review=true,,,THE SABBATH,Unknown
99675a89-11b1-4d43-820f-3960846da7db,Philosophical Papers Volume 1: The methodology of scientific research programmes,Imre Lakatos,,SKIPPED,,needs_review=true,,,Philosophical Papers Volume 1: The methodology of scientific research programmes,Imre Lakatos
996946ff-7947-49c2-837f-8af7184d0f58,The Concept of Neutrality in Classical Greece,"James F. Ross, Robert A. Bauslaugh",,SKIPPED,,needs_review=true,,,The Concept of Neutrality in Classical Greece,"James F. Ross, Robert A. Bauslaugh"
996cbe85-9242-4125-acdb-9a0f4cf35b62,Calendar and Community,Pierre Duhem,,SKIPPED,,needs_review=true,,,Calendar and Community,Pierre Duhem
996de125-c877-4ffa-8d90-81f1a6fa65ee,My Son... My Son...,"VEHOSHUA BESHITZ, Anna Shulman, S. Wagschal, Garnsey, Stroumsa",,SKIPPED,,needs_review=true,,,My Son... My Son...,"VEHOSHUA BESHITZ, Anna Shulman, S. Wagschal, Garnsey, Stroumsa"
9972b6e5-2222-4aec-9aec-fc1488c747f7,Practical Therapeutics of Traditional Chinese Medicine,"Yan Wu, Warren Fischer, Jake Fratkin (Editor)",,SKIPPED,,needs_review=true,,,Practical Therapeutics of Traditional Chinese Medicine,"Yan Wu, Warren Fischer, Jake Fratkin (Editor)"
9973a04c-49a3-448b-bdad-c5b10b471adc,DEBATE IN TIBETAN BUDDHISM,Unknown,,SKIPPED,,needs_review=true,,,DEBATE IN TIBETAN BUDDHISM,Unknown
9983f857-57cb-4e49-8af6-b0f4d28bab39,Muslim Intellectual and Social History,Franz Rosenthal,,SKIPPED,,needs_review=true,,,Muslim Intellectual and Social History,Franz Rosenthal
99a9f7ec-408e-42d2-b47a-bdf0ecfb13d3,COMPLETE PIANO SONATAS,Joseph Haydn,,SKIPPED,,needs_review=true,,,COMPLETE PIANO SONATAS,Joseph Haydn
99b92adc-2e8c-45d7-90a4-c0c3ea9448ea,SUB,Unknown,,SKIPPED,,needs_review=true,,,SUB,Unknown
99c46d6d-4eb6-404f-ae66-c65dc0303d49,DIE RÖMISCHE SATIRE,"ULRICH, KNOCHE",,SKIPPED,,needs_review=true,,,DIE RÖMISCHE SATIRE,"ULRICH, KNOCHE"
99d82362-664e-42e3-a347-cb633477c21a,"On Jews, Judaism, and Crisis",Gershom Scholem,,SKIPPED,,needs_review=true,,,"On Jews, Judaism, and Crisis",Gershom Scholem
99d99a29-ee39-4185-84a4-b3a6bfca8cf1,The Copernican Revolution,Thomas S. Kuhn,,SKIPPED,,needs_review=true,,,The Copernican Revolution,Thomas S. Kuhn
99db00b0-9099-4ab2-a3bf-38e2247f0609,Ancient Synagogues Revealed,Unknown,,SKIPPED,,needs_review=true,,,Ancient Synagogues Revealed,Unknown
99db9b49-01ed-4fcf-a9ba-9cee91b9600a,JEWS SLAVES AND THE SLAVE TRADE,ELI FABER,,SKIPPED,,needs_review=true,,,JEWS SLAVES AND THE SLAVE TRADE,ELI FABER
99f5835d-d28d-486a-a315-e4e55fdedcaa,Samson: An Oratorio,George Frideric Handel,,SKIPPED,,needs_review=true,,,Samson: An Oratorio,George Frideric Handel
9a09a759-56d0-480f-8501-0fee83efc868,WHERE HEAT LOOMS,"André du Bouchet, Alberto Gi",,SKIPPED,,needs_review=true,,,WHERE HEAT LOOMS,"André du Bouchet, Alberto Gi"
9a0a4d30-7a05-40ef-bff4-5e06ede841d5,Elements of Symbolic Logic,Hans Reichenbach,,SKIPPED,,needs_review=true,,,Elements of Symbolic Logic,Hans Reichenbach
9a1ed919-2795-4d1c-b743-b18933e564f3,Doctor Faustus,Thomas Mann,,SKIPPED,,needs_review=true,,,Doctor Faustus,Thomas Mann
9a21f11d-7511-42d5-869c-595820f6bf34,THE ATHENIAN BOULE,P.J.Rhodes,,SKIPPED,,needs_review=true,,,THE ATHENIAN BOULE,P.J.Rhodes
9a22c828-ed6c-493a-9056-e5eeeec15d88,The Chasam Sofer,Yaakov Dovid Shulman,,SKIPPED,,needs_review=true,,,The Chasam Sofer,Yaakov Dovid Shulman
9a336464-266e-4dab-ba84-671b661435a5,The Convent at Auschwitz,Wladyslaw T. Bartoszewski,,SKIPPED,,needs_review=true,,,The Convent at Auschwitz,Wladyslaw T. Bartoszewski
9a4d4a4e-e05b-4e2c-b03d-f74484e8875e,פיתוח הגליל ההררי: משיכות שנות ה־80,Unknown,,SKIPPED,,needs_review=true,,,פיתוח הגליל ההררי: משיכות שנות ה־80,Unknown
9a5dd9a8-d0e5-4588-9190-abf4d07ea619,The gateway to Jewish song,Judith Kaplan Eisenstein,,SKIPPED,,"status=""failed""",,,The gateway to Jewish song,Judith Kaplan Eisenstein
9a6bf96c-1341-4eb7-96b7-c51db4af101d,Stations of Desire,Michael A. Sells,,SKIPPED,,needs_review=true,,,Stations of Desire,Michael A. Sells
9a6f5fc7-b9da-48d2-ae89-68acc19eef48,Littman and Modern Orthodoxy,"Shapiro, Stern, Calend",,SKIPPED,,needs_review=true,,,Littman and Modern Orthodoxy,"Shapiro, Stern, Calend"
9a7a4282-c7d7-4a16-955b-579259ed7c77,FAUVISM,Sarah Whitfiel,,SKIPPED,,needs_review=true,,,FAUVISM,Sarah Whitfiel
9a7e3faf-719f-4c06-a753-9c6f9e8d6757,Saadia Gaon His Life and Works,Henry Malter,,SKIPPED,,needs_review=true,,,Saadia Gaon His Life and Works,Henry Malter
9a856273-e078-4a7d-be2c-e9f32eefd4cd,The Poem Itself,Stanley Burnshaw,,SKIPPED,,needs_review=true,,,The Poem Itself,Stanley Burnshaw
9a867b9d-6498-4314-a32c-953e9ee247f1,Plato and his Contemporaries,G. C. Field,,SKIPPED,,needs_review=true,,,Plato and his Contemporaries,G. C. Field
9a8ef03b-ade5-42ff-ac21-2f6848144d62,BUCH DER LIEDER,VON HEINRICH HEINE,,SKIPPED,,needs_review=true,,,BUCH DER LIEDER,VON HEINRICH HEINE
9a9045fe-3537-4eec-b2ee-aa992d7cfc2d,Miasma: Pollution and Purification in Early Greek Religion,Robert Parker,,SKIPPED,,needs_review=true,,,Miasma: Pollution and Purification in Early Greek Religion,Robert Parker
9ab258cf-5b5f-4f42-b13e-e57075246b96,"Necessity, Cause, and Blame: Perspectives on Aristotle's Theory",Richard Sorabji,,SKIPPED,,needs_review=true,,,"Necessity, Cause, and Blame: Perspectives on Aristotle's Theory",Richard Sorabji
9ab31643-cccb-4a7a-8bbc-f652f9d361cb,THE GREEK WORLD 479-323 BC,Simon Hornblower,,SKIPPED,,needs_review=true,,,THE GREEK WORLD 479-323 BC,Simon Hornblower
9ab80d79-6d3c-4569-80e7-1ea89dc15f44,"Exile in Amsterdam: Saul Levi Morteira's Sermons to a Congregation of ""New Jews""",Marc Saperstein,,SKIPPED,,needs_review=true,,,"Exile in Amsterdam: Saul Levi Morteira's Sermons to a Congregation of ""New Jews""",Marc Saperstein
9aca052b-0862-4c8f-a879-8bf887ac9138,Fischer Spassky: The New York Times Report on the Chess Match of the Century,"Richard Roberts, Harold C. Schonberg, Al Horowitz, and Samuel Reshevsky",,SKIPPED,,needs_review=true,,,Fischer Spassky: The New York Times Report on the Chess Match of the Century,"Richard Roberts, Harold C. Schonberg, Al Horowitz, and Samuel Reshevsky"
9ace4bb5-01e5-4e93-a6d8-5a06c168cdc1,Imagines,"Philostratus, Callistratus",,SKIPPED,,needs_review=true,,,Imagines,"Philostratus, Callistratus"
9ad50a36-a8e0-4d3e-868c-62aafd6ed0a4,Dizionario Italiano - Inglese Inglese Italiano,HOLLS,,SKIPPED,,needs_review=true,,,Dizionario Italiano - Inglese Inglese Italiano,HOLLS
9ad9a57a-a76f-4079-a532-99fdb6a0c44b,קול ישראל - CANTORIAL ANTHOLOGY,Unknown,,SKIPPED,,needs_review=true,,,קול ישראל - CANTORIAL ANTHOLOGY,Unknown
9adf470b-67d3-4ea5-b840-240f334bb283,SUKKOT,GL RAVAL,,SKIPPED,,needs_review=true,,,SUKKOT,GL RAVAL
9ae4e8f1-8451-4fff-8444-79eb95ebf38a,YEAR BOOK 2000-2001,American Philosophical Society,,SKIPPED,,needs_review=true,,,YEAR BOOK 2000-2001,American Philosophical Society
9ae9d189-3134-4af2-8101-2488b9c38463,THE UNANSWERED QUESTION,LEONARD BERNSTEIN,,SKIPPED,,needs_review=true,,,THE UNANSWERED QUESTION,LEONARD BERNSTEIN
9af0c9f8-272d-411d-9b35-3f8329ecfb44,The IDEA of PROGRESS in CLASSICAL,Unknown,,SKIPPED,,needs_review=true,,,The IDEA of PROGRESS in CLASSICAL,Unknown
9af3bcd3-768f-448d-92e6-86f2572e004f,WEG OHNE ENDE,GERSON STERN,,SKIPPED,,needs_review=true,,,WEG OHNE ENDE,GERSON STERN
9af4a395-670e-47bb-b338-25af3517e307,Ars Rhetorica,"Aristotelis, W. D. Ross",,SKIPPED,,needs_review=true,,,Ars Rhetorica,"Aristotelis, W. D. Ross"
9b17aa73-285b-4936-a8ae-deca351eb81f,Democracy in America,"Alexis de Tocqueville, Edited by Judah Goldin",,SKIPPED,,needs_review=true,,,Democracy in America,"Alexis de Tocqueville, Edited by Judah Goldin"
9b2b4c15-bbbb-4d3f-aae6-bae5e020b9c7,Franz Schubert Complete Song Cycles,Franz Schubert,,SKIPPED,,needs_review=true,,,Franz Schubert Complete Song Cycles,Franz Schubert
9b3d6bb4-8dc6-46ce-8238-de31deeb7ef3,Social and Economic History of Germany,W. F. Bruck,,SKIPPED,,needs_review=true,,,Social and Economic History of Germany,W. F. Bruck
9b437987-12d0-44e0-bafb-e0039d984fdd,קנסיךנרך ספרדי,"אלברטו חמסי, אדוין סרוסי",,SKIPPED,,needs_review=true,,,קנסיךנרך ספרדי,"אלברטו חמסי, אדוין סרוסי"
9b4c5780-acc7-4577-ae7c-6a7dd2e8187d,ספר הכוזרי,"ר' יהודה הלוי, ר' יהודה אבן תיבון, ה' הרשפילד",,SKIPPED,,needs_review=true,,,ספר הכוזרי,"ר' יהודה הלוי, ר' יהודה אבן תיבון, ה' הרשפילד"
9b56ebbf-10cf-48a2-acdb-a46b5d4e8dd2,Hiob,Joseph Roth,,SKIPPED,,needs_review=true,,,Hiob,Joseph Roth
9b5b4400-ab81-4f3f-969f-a66dd6d77148,HEBREW MUSIC,EWEN,,SKIPPED,,needs_review=true,,,HEBREW MUSIC,EWEN
9b5fbb64-69d2-4671-86ff-a2e85642db26,מאה מכתבים,פרץ בן משה סמאלענסקי,,SKIPPED,,needs_review=true,,,מאה מכתבים,פרץ בן משה סמאלענסקי
9b629299-6b98-4913-9cf2-a6c8c7592e0d,The Odes and Epodes,"Horace, C. E. Bennett",,SKIPPED,,needs_review=true,,,The Odes and Epodes,"Horace, C. E. Bennett"
9b68e1f1-ad94-4fa4-bd49-fcec5d079f78,feedback and organization development: using data-based methods,nadler,,SKIPPED,,needs_review=true,,,feedback and organization development: using data-based methods,nadler
9b6ed086-8d09-4517-9707-6cb8cda3b98a,Fossils: A Guide to Prehistoric Life,Unknown,,SKIPPED,,needs_review=true,,,Fossils: A Guide to Prehistoric Life,Unknown
9b79a262-164c-4f24-9ea8-2513dadd5cfb,INTRODUCTION TO THE CODE OF MAIMONIDES (MISHNEH TORAH),Isadore Twersky,,SKIPPED,,needs_review=true,,,INTRODUCTION TO THE CODE OF MAIMONIDES (MISHNEH TORAH),Isadore Twersky
9b832383-f738-4db6-99b2-9b592a476840,THE KING MUST DIE,Unknown,,SKIPPED,,needs_review=true,,,THE KING MUST DIE,Unknown
9b838156-d792-4436-9e90-e32874a04e3a,E,Unknown,,SKIPPED,,needs_review=true,,,E,Unknown
9b8466b7-c01e-4ac3-b64d-8b438187540d,LA LÉGENDE DES SIÈCLES,"VICTOR HUGO, ANDRÉ DUMAS",,SKIPPED,,needs_review=true,,,LA LÉGENDE DES SIÈCLES,"VICTOR HUGO, ANDRÉ DUMAS"
9b9b30f9-fcf4-4a50-9fa6-44760cf8ba9d,Chronology of the Ancient World,E.J. Bickerman,,SKIPPED,,needs_review=true,,,Chronology of the Ancient World,E.J. Bickerman
9b9f35af-ac90-4dde-ab82-bcf16cd268b7,The Cambridge Ancient History,Unknown,,SKIPPED,,needs_review=true,,,The Cambridge Ancient History,Unknown
9baaef28-7127-4a93-9895-362dd20bd93c,Jubilee Volume,Salo Wittmayer Baron,,SKIPPED,,needs_review=true,,,Jubilee Volume,Salo Wittmayer Baron
9bab7b85-a0a5-40f8-8cef-0f52f17e2f73,The Iliad of Homer,"Andrew Lang, Walter Leaf, Ernest Myers",,SKIPPED,,needs_review=true,,,The Iliad of Homer,"Andrew Lang, Walter Leaf, Ernest Myers"
9bb5ce67-3d7b-4025-bf2a-81c69f050377,"Kabbalistic Musings on Time, Truth, and Death",Elliot R. Wolfson,,SKIPPED,,needs_review=true,,,"Kabbalistic Musings on Time, Truth, and Death",Elliot R. Wolfson
9bbe5927-0abd-42d3-9b0e-cb2f517be9bb,"ART, PERCEPTION, AND REALITY",E.H. GOMBRICH; JULIAN HOCHBERG; MAX BLACK,,SKIPPED,,needs_review=true,,,"ART, PERCEPTION, AND REALITY",E.H. GOMBRICH; JULIAN HOCHBERG; MAX BLACK
9be5cbf3-8cd4-4419-b738-6cc6f004c980,ANAIKH in Thucydides,Martin Ostwald,,SKIPPED,,needs_review=true,,,ANAIKH in Thucydides,Martin Ostwald
9be7ace9-fc93-452b-ad7d-0147771b3a4d,HUSSERL,"Foreword by PAUL RICOEUR; Frederick Elliston and Peter McCormick, editor",,SKIPPED,,needs_review=true,,,HUSSERL,"Foreword by PAUL RICOEUR; Frederick Elliston and Peter McCormick, editor"
9be96762-c8b4-47e8-82c3-e0773faa5e20,English To English And Urdu Dictionary,Unknown,,SKIPPED,,needs_review=true,,,English To English And Urdu Dictionary,Unknown
9bf380c2-8e87-45c7-8417-67cca396f177,ALCIBIADES,WALTER M. ELLIS,,SKIPPED,,needs_review=true,,,ALCIBIADES,WALTER M. ELLIS
9c0e610c-c0c1-4616-88e2-f901734d41a9,LYSIE ORATIONES XVI,Evelyn S. Shuckburgh,,SKIPPED,,needs_review=true,,,LYSIE ORATIONES XVI,Evelyn S. Shuckburgh
9c2d9b75-5544-4abb-ad47-4894b82a1a03,A PEOPLES ARMY,Lt. Col. (Res.) Louis Williams,,SKIPPED,,needs_review=true,,,A PEOPLES ARMY,Lt. Col. (Res.) Louis Williams
9c2f74f0-39fb-4a9e-87fe-1d2f842fdb36,JEWS AND ARABS,S. D. Goitein,,SKIPPED,,needs_review=true,,,JEWS AND ARABS,S. D. Goitein
9c3372c1-0bda-4a25-b8bd-867209bde5fb,DIE PANNE,FRIEDRICH DURRENMATT,,SKIPPED,,needs_review=true,,,DIE PANNE,FRIEDRICH DURRENMATT
9c556929-d1fa-4bc1-b39f-2e733fc3e017,ISAEVS ORATIONES,TH. THALHEIM,,SKIPPED,,needs_review=true,,,ISAEVS ORATIONES,TH. THALHEIM
9c579514-120f-4e92-92c5-d567cb3253ff,SCIENCE SINCE BABYLON,Derek de Solla Price,,SKIPPED,,needs_review=true,,,SCIENCE SINCE BABYLON,Derek de Solla Price
9c5d1932-0f6c-4266-9dff-b209316e27e9,Lust for Life,Irving Stone,,SKIPPED,,needs_review=true,,,Lust for Life,Irving Stone
9c63e0fe-78a2-4658-847a-bb744aac49c0,Die frühen Gedichte,Rainer Maria Rilke,,SKIPPED,,needs_review=true,,,Die frühen Gedichte,Rainer Maria Rilke
9c662e8c-4d57-40ca-9508-0a202138d814,The Art of Reasoning,David Kelley,,SKIPPED,,needs_review=true,,,The Art of Reasoning,David Kelley
9c6a4d3f-3aba-4969-89bc-aa04af4686bb,AALL Directory and Handbook 1991-1992,American Association of Law Libraries,,SKIPPED,,needs_review=true,,,AALL Directory and Handbook 1991-1992,American Association of Law Libraries
9c6b690a-9b16-4615-84ce-2563e5b411bd,Romeo and Juliet,Peter Ilyitch Tschaikowsky,,SKIPPED,,needs_review=true,,,Romeo and Juliet,Peter Ilyitch Tschaikowsky
9c7ba98a-f2c3-48cf-b17a-b28b26d2ed42,THE ORDNANCE SURVEY GUIDE TO HISTORIC HOUSES IN BRITAIN,Unknown,,SKIPPED,,needs_review=true,,,THE ORDNANCE SURVEY GUIDE TO HISTORIC HOUSES IN BRITAIN,Unknown
9c861ca5-4122-48ff-87c1-a29f57790aae,Guide to the Collection,Bible Lands Museum Jerusalem,,SKIPPED,,needs_review=true,,,Guide to the Collection,Bible Lands Museum Jerusalem
9c884af4-e2cc-454c-b1c5-3daf44efe440,From Hellenism to Islam: Cultural and Linguistic Change in the Roman Near East,"Hannah M. Cotton, Robert G. Hoyland, Jonathan J. Price and David J. Wasserstein",,SKIPPED,,needs_review=true,,,From Hellenism to Islam: Cultural and Linguistic Change in the Roman Near East,"Hannah M. Cotton, Robert G. Hoyland, Jonathan J. Price and David J. Wasserstein"
9c9c2298-f742-43bf-a410-8ec80f79696c,A Study of Sophoclean Drama,G. M. Kirkwood,,SKIPPED,,needs_review=true,,,A Study of Sophoclean Drama,G. M. Kirkwood
9cb07702-aed9-4731-88ef-ced660b036d2,"Jewish Gnosticism, Merkabah Mysticism, and Talmudic Tradition",Gershom G. Scholem,,SKIPPED,,needs_review=true,,,"Jewish Gnosticism, Merkabah Mysticism, and Talmudic Tradition",Gershom G. Scholem
9cb2c571-23ce-4539-9358-912b4ce00c0a,THE YEAR OF SALAMIS 480-479 BC,PETER GREEN,,SKIPPED,,needs_review=true,,,THE YEAR OF SALAMIS 480-479 BC,PETER GREEN
9cb37c90-ae9d-470f-b7ea-588d46bc6007,CARMINA LUNOVILIA,MORGENSTERN,,SKIPPED,,needs_review=true,,,CARMINA LUNOVILIA,MORGENSTERN
9ccc73d2-5e21-41c1-b2fe-8e571d7aad78,Syntax of the Moods and Tenses of the Greek Verb,William Watson Goodwin,,SKIPPED,,needs_review=true,,,Syntax of the Moods and Tenses of the Greek Verb,William Watson Goodwin
9ce76837-6f6a-429d-bac5-532c0170e3b7,HALAKHIC POSITIONS of RABBI JOSEPH B. SOLOVEITCHIK,AHARON ZIEGLER,,SKIPPED,,needs_review=true,,,HALAKHIC POSITIONS of RABBI JOSEPH B. SOLOVEITCHIK,AHARON ZIEGLER
9cf1b9cc-0b6f-4ada-ad89-02a1120cf54f,PLATONIS OPERA,IOANNES BURNET,,SKIPPED,,needs_review=true,,,PLATONIS OPERA,IOANNES BURNET
9cf55382-9247-4abb-a316-6a651f490565,Journal of Halacha and Contemporary Society,Rabbi Jacob Joseph School,,SKIPPED,,needs_review=true,,,Journal of Halacha and Contemporary Society,Rabbi Jacob Joseph School
9cfd3a38-c2b5-4e11-9ac7-e2990a3a150c,One fed,287N.K.,,SKIPPED,,needs_review=true,,,One fed,287N.K.
9cfd99e6-17b2-4d35-92a0-75cb45322995,PHILOSOPHY OF HISTORY AND ACTION,Unknown,,SKIPPED,,needs_review=true,,,PHILOSOPHY OF HISTORY AND ACTION,Unknown
9cffc3d2-d896-4560-b4ad-c936a643775d,Ausgewählte Novellen,Stefan Zweig,,SKIPPED,,needs_review=true,,,Ausgewählte Novellen,Stefan Zweig
9d14001c-8fb7-4784-8b81-480f6c9517c2,Incompleteness: The Proof and Paradox of Kurt Gödel,Rebecca Goldstein,,SKIPPED,,needs_review=true,,,Incompleteness: The Proof and Paradox of Kurt Gödel,Rebecca Goldstein
9d184be0-0aa6-4647-bdf7-db78b23ac817,Eliyahu's Branches,by Chaim Freedman,,SKIPPED,,needs_review=true,,,Eliyahu's Branches,by Chaim Freedman
9d1c52bb-2dd2-46d4-96bb-4293680d93cb,THE ORIGINS OF CITIZENSHIP IN ANCIENT ATHENS,PHILIP BROOK MANVILLE,,SKIPPED,,needs_review=true,,,THE ORIGINS OF CITIZENSHIP IN ANCIENT ATHENS,PHILIP BROOK MANVILLE
9d291480-fe79-4c49-90cc-3c8594cbe372,Epistemology and Psychology of Functions,"Jean Piaget, Jean-Blaise Grize, Alina Szeminska, and Vinh Bang",,SKIPPED,,needs_review=true,,,Epistemology and Psychology of Functions,"Jean Piaget, Jean-Blaise Grize, Alina Szeminska, and Vinh Bang"
9d2cb8f4-9be2-4a9f-8cdb-ff18af3bacf5,My Name is Asher Lev,Chaim Potok,,SKIPPED,,needs_review=true,,,My Name is Asher Lev,Chaim Potok
9d39955e-7b5e-40cc-8ca1-cdfbd73f8575,BIBIIA,Unknown,,SKIPPED,,needs_review=true,,,BIBIIA,Unknown
9d5cd338-bc30-4b6c-8541-a5206ac42995,Septem contra Thebas,Aeschylus,,SKIPPED,,needs_review=true,,,Septem contra Thebas,Aeschylus
9d5d4a28-65d3-4731-8a38-345fe14921de,Tiberius: A Study in Resentment,Gregorio Marañón,,SKIPPED,,needs_review=true,,,Tiberius: A Study in Resentment,Gregorio Marañón
9d5dcc07-c45b-49e8-978f-a9f15cb0ae61,לזכרון אישי העם והמדינה,הנהלת ההסתדרות הציונית העולמית,,SKIPPED,,needs_review=true,,,לזכרון אישי העם והמדינה,הנהלת ההסתדרות הציונית העולמית
9d641106-50fd-4e20-8870-8ab29c353082,Abbot Suger on the Abbey Church of St.-Denis and Its Art Treasures,"Erwin Panofsky, Gerda Panofsky-Soergel",,SKIPPED,,needs_review=true,,,Abbot Suger on the Abbey Church of St.-Denis and Its Art Treasures,"Erwin Panofsky, Gerda Panofsky-Soergel"
9d7ba897-68c9-4fe4-a68b-59b13b78efcb,Ancient Egyptian: A linguistic introduction,Antonio Loprieno,,SKIPPED,,needs_review=true,,,Ancient Egyptian: A linguistic introduction,Antonio Loprieno
9d80b98f-a40c-4eb9-8374-d53a3998dc9c,The Babylonian Genesis,Alexander Heidel,,SKIPPED,,needs_review=true,,,The Babylonian Genesis,Alexander Heidel
9d85d1a4-0bb0-42fe-9473-12b4f548d7e2,"MILAN History, art, monuments GUIDE TO ART AND MONUMENTS",MARIAE NASCERTS,,SKIPPED,,needs_review=true,,,"MILAN History, art, monuments GUIDE TO ART AND MONUMENTS",MARIAE NASCERTS
9d8ee224-ed46-4d98-870a-6f82660ad5c1,The Pledge,Friedrich Duerrenmatt,,SKIPPED,,needs_review=true,,,The Pledge,Friedrich Duerrenmatt
9da412d2-41a5-4c36-8bb1-896cb55a4357,The Saga of Themistocles,R.J. Lenardon,,SKIPPED,,needs_review=true,,,The Saga of Themistocles,R.J. Lenardon
9da8acda-664b-4010-9c1f-550e075ed67f,Polish Jews: A Pictorial Record,Roman Vishniac,,SKIPPED,,needs_review=true,,,Polish Jews: A Pictorial Record,Roman Vishniac
9db07ae0-8ac1-46dc-9ed6-3e1f28433231,A Treasury of Yiddish Stories,Irving Howe and Eliezer Greenberg,,SKIPPED,,needs_review=true,,,A Treasury of Yiddish Stories,Irving Howe and Eliezer Greenberg
9db559a6-b619-4d42-b92a-148ea01d22ea,AALL Directory and Handbook 1992-1993,American Association of Law Libraries,,SKIPPED,,needs_review=true,,,AALL Directory and Handbook 1992-1993,American Association of Law Libraries
9dbc6cfd-834e-4d21-a9a9-f7016c0fa151,Plotinus,JM Rist,,SKIPPED,,needs_review=true,,,Plotinus,JM Rist
9dbd2117-661c-4090-81f4-6119c61b0890,DEMOSTHENE PLAIDOYERS POLITIQUES IV,DEMOSTHENE,,SKIPPED,,needs_review=true,,,DEMOSTHENE PLAIDOYERS POLITIQUES IV,DEMOSTHENE
9dc5fb08-2983-40ab-9a1d-8d16adca4692,THE TZEMACH TZEDEK,Unknown,,SKIPPED,,needs_review=true,,,THE TZEMACH TZEDEK,Unknown
9dcbfe63-8e19-42f7-97cf-10adf3894b73,KIDDUSH HA-SHEM AND SABBATAI ZEVI,SHOLEM ASCH,,SKIPPED,,needs_review=true,,,KIDDUSH HA-SHEM AND SABBATAI ZEVI,SHOLEM ASCH
9ddd7f2d-ec1d-4fe2-ab04-ecad9a466174,Jewish Contributions to Civilization: An Estimate,Joseph Jacobs,,SKIPPED,,needs_review=true,,,Jewish Contributions to Civilization: An Estimate,Joseph Jacobs
9df98963-41a0-47c6-8777-6659cd6d68cd,A Rabbi Small Mystery,Kemelman,,SKIPPED,,needs_review=true,,,A Rabbi Small Mystery,Kemelman
9e0f889f-3708-40d9-ba08-4212944409f0,Szent Biblia,Károli Gáspár,,SKIPPED,,needs_review=true,,,Szent Biblia,Károli Gáspár
9e27ce7b-a206-4494-a88c-a14572bf4388,The Jews of Islam,BERNARD LEWIS,,SKIPPED,,needs_review=true,,,The Jews of Islam,BERNARD LEWIS
9e325466-c28a-4dd8-8388-c7fa9fe82c29,Perpetual Motion,Carl Bohm,,SKIPPED,,needs_review=true,,,Perpetual Motion,Carl Bohm
9e3ccd21-37d7-48e9-8b29-1bf15c37bf90,THE ARCHITECTURE OF MICHELANGELO,JAMES S. ACKERMAN,,SKIPPED,,needs_review=true,,,THE ARCHITECTURE OF MICHELANGELO,JAMES S. ACKERMAN
9e3cfff7-0f62-4dd1-9d56-df5f6c89c355,Hope Against Hope,Nadezhda Mandelstam,,SKIPPED,,needs_review=true,,,Hope Against Hope,Nadezhda Mandelstam
9e6687d9-2844-46d0-8e3c-e2a684b8542d,DIALECTIC OF ENLIGHTENMENT,MAX HORKHEIMER AND THEODOR W. ADORNO,,SKIPPED,,needs_review=true,,,DIALECTIC OF ENLIGHTENMENT,MAX HORKHEIMER AND THEODOR W. ADORNO
9e6d5d1a-f48a-440d-99b8-044a5571f83d,THE HOLY QUR-AN,Unknown,,SKIPPED,,needs_review=true,,,THE HOLY QUR-AN,Unknown
9e6eb673-6cc0-4879-9ae1-50d7cab81b00,Teen-Agers Unite!,Charles M. Schulz,,SKIPPED,,needs_review=true,,,Teen-Agers Unite!,Charles M. Schulz
9e743192-c2ba-4829-91b8-f261d82836e8,ELEMENTARY EDUCATION IN ANCIENT ISRAEL,ELIEZER EBNER,,SKIPPED,,needs_review=true,,,ELEMENTARY EDUCATION IN ANCIENT ISRAEL,ELIEZER EBNER
9e75b1eb-2304-44f1-886b-f944c3373037,Multidimensional Scaling,"Joseph B. Kruskal, Myron Wish",,SKIPPED,,needs_review=true,,,Multidimensional Scaling,"Joseph B. Kruskal, Myron Wish"
9e7ed444-6a87-4add-a6b6-45006232a902,From Descartes to Kant,T. V. Smith and Marjorie Grene,,SKIPPED,,needs_review=true,,,From Descartes to Kant,T. V. Smith and Marjorie Grene
9e8b9708-9842-49d3-b342-9f4e0e43cbe9,Maimonides: Torah and Philosophic Quest,David Hartman,,SKIPPED,,needs_review=true,,,Maimonides: Torah and Philosophic Quest,David Hartman
9e9aba17-7037-43c0-b54c-824d1066d36b,The Diaries of Victor Klemperer 1945-59: The Lesser Evil,Victor Klemperer,,SKIPPED,,needs_review=true,,,The Diaries of Victor Klemperer 1945-59: The Lesser Evil,Victor Klemperer
9e9e76a7-0d84-41fe-b49e-4008dd0480f6,"Naming, Necessity, and Natural Kinds",Stephen P. Schwartz (Editor),,SKIPPED,,needs_review=true,,,"Naming, Necessity, and Natural Kinds",Stephen P. Schwartz (Editor)
9eadc4fc-451e-4f8a-8797-c7c91d776c64,Les institutions grecques,Claude Mossé,,SKIPPED,,needs_review=true,,,Les institutions grecques,Claude Mossé
9eb58325-c4d3-4438-9c57-c0070742cabc,THE STORY OF ART,E⚫H GOMBRICH,,SKIPPED,,needs_review=true,,,THE STORY OF ART,E⚫H GOMBRICH
9ebdb813-b070-4898-a479-f14a36990368,Eli,Unknown,,SKIPPED,,needs_review=true,,,Eli,Unknown
9ec3bb08-1df8-42f8-a012-0f087534db20,Samsad Bengali-English Dictionary,Sahitya Samsad,,SKIPPED,,needs_review=true,,,Samsad Bengali-English Dictionary,Sahitya Samsad
9ec63178-11c9-45fe-bc40-c39a2bad021f,"The Nature, Structure and Function of the Church in William of Ockham",John J. Ryan,,SKIPPED,,needs_review=true,,,"The Nature, Structure and Function of the Church in William of Ockham",John J. Ryan
9ec9c895-46fa-49f1-89ff-022da4d85da0,INTRODUCTION TO THE THEORY OF Heinrich Schenker,Oswald Jonas,,SKIPPED,,needs_review=true,,,INTRODUCTION TO THE THEORY OF Heinrich Schenker,Oswald Jonas
9ed514cc-104c-4b70-a9c0-982c3c2eb8c1,GREEK THINKERS,"PROF. THEODOR, GOMPERZ",,SKIPPED,,needs_review=true,,,GREEK THINKERS,"PROF. THEODOR, GOMPERZ"
9ee0e194-ef34-4ccb-a607-0565159ef57b,Miss Lonelyhearts & The Day of the Locust,Nathanael West,,SKIPPED,,needs_review=true,,,Miss Lonelyhearts & The Day of the Locust,Nathanael West
9efef591-454f-47a0-a740-ad3e6047b2a8,Somali - English Dictionary with English Index,R. David Zorc and Madina M. Osman,,SKIPPED,,needs_review=true,,,Somali - English Dictionary with English Index,R. David Zorc and Madina M. Osman
9f073e0e-2c49-451f-8b4a-45ccf2f5cfd1,Oxford University Museum,Unknown,,SKIPPED,,needs_review=true,,,Oxford University Museum,Unknown
9f08cb9e-e542-4e2f-bb5c-26e9e30734fe,Die Exegese hat das erste Wort: Beiträge zu Leben und Werk Benno Jacobs,Walter Jacob und Almuth Jürgensen,,SKIPPED,,needs_review=true,,,Die Exegese hat das erste Wort: Beiträge zu Leben und Werk Benno Jacobs,Walter Jacob und Almuth Jürgensen
9f15c511-7911-44d7-b36f-cbaaaa60d89d,חזקת עולם,הרב שמואל טובי' שטערן,,SKIPPED,,needs_review=true,,,חזקת עולם,הרב שמואל טובי' שטערן
9f17fd8c-35cd-4ad7-a114-22f06bddae89,Scripta Classica Israelica,The AEL Society,,SKIPPED,,needs_review=true,,,Scripta Classica Israelica,The AEL Society
9f1c1276-e479-427e-8f0b-b19083040a59,The Making of the President 1972,Theodore H. White,,SKIPPED,,needs_review=true,,,The Making of the President 1972,Theodore H. White
9f2787b2-def3-4572-b908-9f7305bb6b0b,La Politique,Aristote,,SKIPPED,,needs_review=true,,,La Politique,Aristote
9f374a60-a3dd-465d-adc9-302452d8ae64,Griechische Geschichte bis zur Schlacht bei Chaeroneia,Georg Busolt,,SKIPPED,,needs_review=true,,,Griechische Geschichte bis zur Schlacht bei Chaeroneia,Georg Busolt
9f3a397b-1f48-42b9-a77c-91e21fba601d,Complete String Quartets,Ludwig van Beethoven,,SKIPPED,,needs_review=true,,,Complete String Quartets,Ludwig van Beethoven
9f438aa8-1f02-40fd-9100-7e626e68e631,"Perspectives on Aristotle's NECESSITY, CAUSE, AND","GIL CAMBRINGE, DIAKONOFF THE",,SKIPPED,,needs_review=true,,,"Perspectives on Aristotle's NECESSITY, CAUSE, AND","GIL CAMBRINGE, DIAKONOFF THE"
9f4464d4-6afe-4822-8b75-561a15faabd4,Say it in ITALIAN,Unknown,,SKIPPED,,needs_review=true,,,Say it in ITALIAN,Unknown
9f4d8693-2f35-42a2-8315-dde2df81532c,Proust,Roger Shattuck,,SKIPPED,,needs_review=true,,,Proust,Roger Shattuck
9f7367ab-5abf-4b9a-9be5-e6361a76ea48,שם הגדולים,חיים יוסף דוד אזולאי,,SKIPPED,,needs_review=true,,,שם הגדולים,חיים יוסף דוד אזולאי
9f7cb5d0-1c03-49cf-9222-cd03bc8ed61a,Sabbath Service in Song,Shla Fedora,,SKIPPED,,needs_review=true,,,Sabbath Service in Song,Shla Fedora
9f887fb9-0222-4b32-bf44-4e1624e1e20c,זרמים יהודיים מהים הקריבי / Judeo-Caribbean Currents,ריימונד גולדשטיין,,SKIPPED,,needs_review=true,,,זרמים יהודיים מהים הקריבי / Judeo-Caribbean Currents,ריימונד גולדשטיין
9f9f3aff-9617-4939-a0b8-eb5c7eee2727,דפי זמרה,הדסה שרמן,,SKIPPED,,needs_review=true,,,דפי זמרה,הדסה שרמן
9fa19cbb-26f0-4eb7-beff-fc990b6d64ee,Prayer Book for Sabbath and Festivals,Philip Birnbaum,,SKIPPED,,needs_review=true,,,Prayer Book for Sabbath and Festivals,Philip Birnbaum
9fac52c0-a4c4-40ec-a688-8a3729eb77ae,ĶARAITICA,Jacob Mann,,SKIPPED,,needs_review=true,,,ĶARAITICA,Jacob Mann
9fad938d-848e-4854-92cf-1296b5e90e40,Expressionism,John Willett,,SKIPPED,,needs_review=true,,,Expressionism,John Willett
9fc75f76-b0cf-46c2-ada0-9b080573ad6f,Phoenix Volume XLII: 1,Unknown,,SKIPPED,,needs_review=true,,,Phoenix Volume XLII: 1,Unknown
9fcd1526-74ae-4881-a9b5-413d55c03b05,Archaeology of the Bible Book by Book,"Gaalyah Cornfeld, David Noel Freedman",,SKIPPED,,needs_review=true,,,Archaeology of the Bible Book by Book,"Gaalyah Cornfeld, David Noel Freedman"
9fedb08a-1802-4a4f-8cad-a9959eb1c415,SCIENCE AND THE MODERN WORLD,A.N.WHITEHEAD,,SKIPPED,,needs_review=true,,,SCIENCE AND THE MODERN WORLD,A.N.WHITEHEAD
9feea406-4c97-4d9f-830f-999e30cbd959,GENOCIDE in the HOLY LAND,DERSHOT,,SKIPPED,,needs_review=true,,,GENOCIDE in the HOLY LAND,DERSHOT
9ff97e33-baba-484f-b486-2d8ccbb6f44b,Oresteia,"Aeschylus, Richmond Lattimore",,SKIPPED,,needs_review=true,,,Oresteia,"Aeschylus, Richmond Lattimore"
a0075c7b-defb-4b9a-949c-8e2026f06385,DIE BIBEL MARTIN LUTHERS,MARTIN LUTHERS,,SKIPPED,,needs_review=true,,,DIE BIBEL MARTIN LUTHERS,MARTIN LUTHERS
a01591a5-a0e7-421c-84c2-e7ece9bdeab1,WÖRTERBUCH UBER DIE TALMUDIM UND MIDRASCHIM,JACOB LEVY,,SKIPPED,,needs_review=true,,,WÖRTERBUCH UBER DIE TALMUDIM UND MIDRASCHIM,JACOB LEVY
a01d2eff-25e1-465b-9200-b50496e6da01,Fundamental Method for the Cello,Ried Knechtel,,SKIPPED,,needs_review=true,,,Fundamental Method for the Cello,Ried Knechtel
a02084e2-b1fd-4519-9aab-b56729f89bf8,Ten Colloquies of Erasmus,"Martial, Erasmus",,SKIPPED,,needs_review=true,,,Ten Colloquies of Erasmus,"Martial, Erasmus"
a026a91e-6fa4-4afc-bab5-d8df9cc656cc,Providence in the Philosophy of Gersonides,J. David Bleiche,,SKIPPED,,needs_review=true,,,Providence in the Philosophy of Gersonides,J. David Bleiche
a02b32d5-79cb-41a9-ad9d-a803fe76fff9,Mysticism and Madness: The Religious Thought of Rabbi Nachman of Bratslav,Zvi Mark,,SKIPPED,,needs_review=true,,,Mysticism and Madness: The Religious Thought of Rabbi Nachman of Bratslav,Zvi Mark
a0622779-0328-47b0-8fd2-66fd807454e8,EPATb1 KARAMAзOBы,moeẞckuu,,SKIPPED,,needs_review=true,,,EPATb1 KARAMAзOBы,moeẞckuu
a0c5114e-928e-4d02-b399-f2ba42ef82e7,"Four Reports Made During the Years, 1862-63-64-65",Sir Alexander Cunningham,,SKIPPED,,"status=""failed""",,,"Four Reports Made During the Years, 1862-63-64-65",Sir Alexander Cunningham
a0cf99a1-bb1f-4b6e-9f6e-39b4cae880a6,זמירות ישראל,S. Naumbourg,,SKIPPED,,needs_review=true,,,זמירות ישראל,S. Naumbourg
a152acdb-074c-45c7-9108-83cd2c6a5234,Naruto Ultimate Ninja 2,Dan Birlew,,SKIPPED,,"status=""failed""",,,Naruto Ultimate Ninja 2,Dan Birlew
a21ffaf1-cb2a-4c96-8293-57cfd0661023,זמירות ישראל,S. NAUMBOURG,,SKIPPED,,needs_review=true,,,זמירות ישראל,S. NAUMBOURG
a2243aa0-7334-4b44-81b9-d17950e81cbb,"Nós, a gente e o bóia-fria",Elza Sabino da Silva Bueno,,SKIPPED,,"status=""failed""",,,"Nós, a gente e o bóia-fria",Elza Sabino da Silva Bueno
a307978c-c47c-4d40-9c51-ba70c07e9afa,אל ועלהאן,אינים קאַםף,,SKIPPED,,needs_review=true,,,אל ועלהאן,אינים קאַםף
a34acf79-542a-4dde-82d3-ed42dfe2c526,בית ? פירות,N.K.O,,SKIPPED,,needs_review=true,,,בית ? פירות,N.K.O
a3dc2ecd-9397-4231-8a38-41547ebcf971,הדעת קורות העולם,N.K.O,,SKIPPED,,needs_review=true,,,הדעת קורות העולם,N.K.O
a3efabc5-1e5c-4bef-9beb-6b1f52f1f49f,新旧约全书,Unknown,,SKIPPED,,needs_review=true,,,新旧约全书,Unknown
a41127c3-035f-49f0-ab1d-5b773cc76aaa,Prefaces to Shakespeare,Harley Granville-Barker,,SKIPPED,,needs_review=true,,,Prefaces to Shakespeare,Harley Granville-Barker
a41fd682-0f30-4db9-9023-101b3e2c4ff9,Repertorium litterarum graecarum,Javier L. Facal; Aníbal González; Theodore F. Brunner,,SKIPPED,,"status=""failed""",,,Repertorium litterarum graecarum,Javier L. Facal; Aníbal González; Theodore F. Brunner
a44b8c25-3d50-4b0f-b81a-259138045aee,Copahue Volcano,Franco Tassi; Orlando Vaselli; Alberto Tomas Caselli,,SKIPPED,,"status=""failed""",,,Copahue Volcano,Franco Tassi; Orlando Vaselli; Alberto Tomas Caselli
a45446db-3b8b-4acb-9373-ab25586fff9b,"India Directory, Or, Directions for Sailing to and from the East Indies, China, New Holland, Cape of Good Hope, Brazil, and the Interjacent Ports",James Horsburgh,,SKIPPED,,"status=""failed""",,,"India Directory, Or, Directions for Sailing to and from the East Indies, China, New Holland, Cape of Good Hope, Brazil, and the Interjacent Ports",James Horsburgh
a45eb379-80b2-4bf7-8dfd-0e4d490fdf31,Niederlausitz-wendisch-deutsches Handwörterbuch ... herausgegeben von J. C. F. Zwahr,J. G. ZWAHR,,SKIPPED,,"status=""failed""",,,Niederlausitz-wendisch-deutsches Handwörterbuch ... herausgegeben von J. C. F. Zwahr,J. G. ZWAHR
a465ed30-eee9-426a-80e6-77abd3f10a6b,איך בין געבליבן לעבן,Unknown,,SKIPPED,,needs_review=true,,,איך בין געבליבן לעבן,Unknown
a4f3edcc-a13f-4d14-8a2b-0dc9761d76ca,THE TALES OF BEEDLE THE BARD,J.K. ROWLING,,SKIPPED,,needs_review=true,,,THE TALES OF BEEDLE THE BARD,J.K. ROWLING
a5772524-666a-4f9f-965e-16bd8d573477,Caravaggio Studies,Walter Friedlaender,,SKIPPED,,needs_review=true,,,Caravaggio Studies,Walter Friedlaender
a5a4b2bc-8040-4194-b291-d7ad5e3d4f3c,How to be an Instant Goan,Valentino Fernandes,,SKIPPED,,"status=""needs_review""",,,How to be an Instant Goan,Valentino Fernandes
a6dcfc07-3027-4669-bff3-c2f2e4b35597,"Dortmund-- Bombenkrieg und Nachkriegszeit, 1939-1948",Gerhard E. Sollbach,,SKIPPED,,"status=""failed""",,,"Dortmund-- Bombenkrieg und Nachkriegszeit, 1939-1948",Gerhard E. Sollbach
a7041dff-75f1-43cb-9ca4-85a9e4f3cf33,הוגה בעיון נמרץ על ידי Norman Henry Snaith,Norman Henry Snaith,,SKIPPED,,"status=""needs_review""",,,הוגה בעיון נמרץ על ידי Norman Henry Snaith,Norman Henry Snaith
a710a4d0-0b73-449c-b8b3-d67b95fb28c2,"Piano Concerto No. 11, in F Major, K. 413",Wolfgang Amadeus Mozart; Norman Shetler; Edgar Seipenbusch; Wiener Kammerorchester,,SKIPPED,,"status=""needs_review""",,,"Piano Concerto No. 11, in F Major, K. 413",Wolfgang Amadeus Mozart; Norman Shetler; Edgar Seipenbusch; Wiener Kammerorchester
a723a9af-3da1-4882-ae2d-4032da869b73,אנץ תפלות שב,Mariet Westermann,,SKIPPED,,needs_review=true,,,אנץ תפלות שב,Mariet Westermann
a77a35cd-7fea-4fcd-b1c2-06775db32852,Selected Stories of Franz Kafka,Franz Kafka,,SKIPPED,,needs_review=true,,,Selected Stories of Franz Kafka,Franz Kafka
a7bb0a8a-2bd5-4295-8252-0fbc6de031fe,A Social and Religious History of the Jews,Salo Wittmayer Baron,,SKIPPED,,needs_review=true,,,A Social and Religious History of the Jews,Salo Wittmayer Baron
a7c41f52-3621-46a3-a654-09adcc0007b8,ב'ספינות של אש',ירון הראל,,SKIPPED,,needs_review=true,,,ב'ספינות של אש',ירון הראל
a868843b-b2dd-4e76-8fd1-1174053b2c4c,The County Library,Mrs. Saida (Brumback) Antrim; Saida Brumback Antrim; Ernest Irving Antrim,,SKIPPED,,"status=""failed""",,,The County Library,Mrs. Saida (Brumback) Antrim; Saida Brumback Antrim; Ernest Irving Antrim
a88b7e24-c922-4238-9b5f-4991596ed934,Our Unknown Constitution,William Harman Black,,SKIPPED,,"status=""needs_review""",,,Our Unknown Constitution,William Harman Black
a9181f73-7b8d-4447-a2ad-667929aa01f5,COBPAHHE C0HHHHHHH,TO MI E B I T I iÌ,,SKIPPED,,needs_review=true,,,COBPAHHE C0HHHHHHH,TO MI E B I T I iÌ
a97214a9-a968-4730-871e-c2203dff8ca8,דברי חכמים,דר. וואלף מישעל,,SKIPPED,,needs_review=true,,,דברי חכמים,דר. וואלף מישעל
a982c04e-59a9-41f5-8254-acf5b7eed9a6,"On Heroes, Hero-worship, and the Heroic in History",Thomas Carlyle,,SKIPPED,,"status=""needs_review""",,,"On Heroes, Hero-worship, and the Heroic in History",Thomas Carlyle
a9e13fc4-7725-4932-9918-14a7c4f4f9e3,The Book of Tea,岡倉覚三; Kakuzo Okakura,,SKIPPED,,"status=""needs_review""",,,The Book of Tea,岡倉覚三; Kakuzo Okakura
aa5fe6d7-bf4a-4e59-a674-19c80114791c,חכמה ומוסר AN ORIGINAL APPROACH TO SIDRAH INTERPRETATION,RAV DR. SALOMON BREUER,,SKIPPED,,needs_review=true,,,חכמה ומוסר AN ORIGINAL APPROACH TO SIDRAH INTERPRETATION,RAV DR. SALOMON BREUER
aa94bfd9-3e32-4bce-a902-a25e2f3c7805,Jahrbuch,Geologische Bundesanstalt (Austria),,SKIPPED,,"status=""failed""",,,Jahrbuch,Geologische Bundesanstalt (Austria)
aadffb81-4f81-4ae9-a23b-d1f642924285,פרקים נבחרים מהספרות הערבית,ישראל בן-זאב,,SKIPPED,,needs_review=true,,,פרקים נבחרים מהספרות הערבית,ישראל בן-זאב
aaed7904-4696-46eb-92b2-60c3ef66976b,Die Balearen,Ludwig Salvator (Archduke of Austria),,SKIPPED,,"status=""failed""",,,Die Balearen,Ludwig Salvator (Archduke of Austria)
ab24d9d4-ff54-492f-9505-96181d09ecd3,Knizhnai︠a︡ li︠e︡topisʹ,Unknown,,SKIPPED,,"status=""failed""",,,Knizhnai︠a︡ li︠e︡topisʹ,Unknown
ab3820aa-0046-4828-b1ec-2fc90ffaadb5,FOREIGN LANGUAGES For the Use of Printers and Translators,UNITED STATES GOVERNMENT PRINTING OFFICE,,SKIPPED,,needs_review=true,,,FOREIGN LANGUAGES For the Use of Printers and Translators,UNITED STATES GOVERNMENT PRINTING OFFICE
ab4f0888-86bc-43a6-8b53-e050aed00797,"Rome: Profile of a City, 312-1308",Richard Krautheimer,,SKIPPED,,needs_review=true,,,"Rome: Profile of a City, 312-1308",Richard Krautheimer
ab51edb1-ebdb-40a6-8584-ebd8e62464d2,Philosophy of Judaism,HERMANN COHEN'S; by JEHUDA MELBER,,SKIPPED,,needs_review=true,,,Philosophy of Judaism,HERMANN COHEN'S; by JEHUDA MELBER
ab799f04-5136-499b-bced-227a03560afe,DER PENTATEUCH: EXEGETISCH-KRITISCHE FORSCHUNGEN,BENNO JACOB,,SKIPPED,,needs_review=true,,,DER PENTATEUCH: EXEGETISCH-KRITISCHE FORSCHUNGEN,BENNO JACOB
ab8d6f04-3a87-4fa7-9d55-6cc59dc74051,Basic Philosophical Writings,Emmanuel Levinas,,SKIPPED,,needs_review=true,,,Basic Philosophical Writings,Emmanuel Levinas
aba72f48-a28b-40a0-a26d-68251cf57a83,TARQUINIA,Unknown,,SKIPPED,,needs_review=true,,,TARQUINIA,Unknown
abad8201-3cec-4094-b3f2-b9ea7c138fb6,Introduction to Cataloging and Classification,Bohdan S. Wynar,,SKIPPED,,needs_review=true,,,Introduction to Cataloging and Classification,Bohdan S. Wynar
abb03c15-fee3-49e9-91a0-a7972622cb0b,שירי ראזומני / SHIREI ROZUMNI,"אפרים זלמן ראזומני / Solomon Rozumni, Samuel Alman",,SKIPPED,,needs_review=true,,,שירי ראזומני / SHIREI ROZUMNI,"אפרים זלמן ראזומני / Solomon Rozumni, Samuel Alman"
abb15254-31ad-47a7-b393-fa8e96dbdd52,Concerto für Violoncell und Orchester,Luigi Boccherini,,SKIPPED,,needs_review=true,,,Concerto für Violoncell und Orchester,Luigi Boccherini
abb34be4-56a2-46ae-a67e-7f0f544a07e1,THE ĀDI GRANTH,Dr. ERNEST TRUMPP,,SKIPPED,,needs_review=true,,,THE ĀDI GRANTH,Dr. ERNEST TRUMPP
abb3cd95-7e99-4d59-a65e-11faa7693bce,NEM KAPTUK EZÜST TÁLCAN,SCHNAPP LEA,,SKIPPED,,needs_review=true,,,NEM KAPTUK EZÜST TÁLCAN,SCHNAPP LEA
abb759d5-aea4-4700-bd06-e816a5dd96d9,Aristotle's Vision of Nature,Frederick J. E. Woodbridge,,SKIPPED,,needs_review=true,,,Aristotle's Vision of Nature,Frederick J. E. Woodbridge
abb8bbd0-b50f-433b-bf53-03878dc62904,DAVID the KING,GLADYS SCHMITT,,SKIPPED,,needs_review=true,,,DAVID the KING,GLADYS SCHMITT
abb90495-e184-4fd7-aa41-2be6b3948287,Die fromme Helene,Wilhelm Busch,,SKIPPED,,needs_review=true,,,Die fromme Helene,Wilhelm Busch
abbfb224-adc9-4304-b100-f91c3432a362,Kadmistu Opera,"Wandel, Grange Priedrich",,SKIPPED,,needs_review=true,,,Kadmistu Opera,"Wandel, Grange Priedrich"
abcc39b5-0d35-4940-ba56-854fe30b5613,Dutch Verbs,Henry R. Stern,,SKIPPED,,needs_review=true,,,Dutch Verbs,Henry R. Stern
abcf4d4b-79ad-443a-9626-3221dbd68968,The Cambridge Companion to The Greek City,Oswyn Murray and Simon Price,,SKIPPED,,needs_review=true,,,The Cambridge Companion to The Greek City,Oswyn Murray and Simon Price
abd05c7f-50f1-41a0-9aad-307ca1709d0a,The Book of Mormon,Jake Temple,,SKIPPED,,needs_review=true,,,The Book of Mormon,Jake Temple
abd8592f-efba-4a27-9692-4aa7635d3b64,Famous Greek Plays,"Aeschylus, Sophocles, Euripides, Aristophanes, Whitney J. Oates, Eugene O'Neill Jr.",,SKIPPED,,needs_review=true,,,Famous Greek Plays,"Aeschylus, Sophocles, Euripides, Aristophanes, Whitney J. Oates, Eugene O'Neill Jr."
abdf34ad-7a48-4245-877c-ca8da67c38ea,Socrates the Man and His Thought,A.E. Taylor,,SKIPPED,,needs_review=true,,,Socrates the Man and His Thought,A.E. Taylor
abe08aed-e5cd-4312-bb82-9d182b40f5b6,Medieval theory of authorship,A. J. Minnis,,SKIPPED,,needs_review=true,,,Medieval theory of authorship,A. J. Minnis
abe0c306-4831-41c7-9ec9-cb8e5c4be0da,EATING PEOPLE IS WRONG,MALCOLM BRADBURY,,SKIPPED,,needs_review=true,,,EATING PEOPLE IS WRONG,MALCOLM BRADBURY
abeee26c-6e1e-4c92-9d8a-863c5f0a8abb,Hawaiian-English Dictionary,Mary Kawena Pukui and Samuel H. Elbert,,SKIPPED,,needs_review=true,,,Hawaiian-English Dictionary,Mary Kawena Pukui and Samuel H. Elbert
abef5b99-cf26-4695-a975-b17b7923f924,CONFRONTATION,ZVI KOLITZ,,SKIPPED,,needs_review=true,,,CONFRONTATION,ZVI KOLITZ
ac106f2a-72a1-4795-87bf-4f2f63da2a66,Plato's Apology of Socrates,E. de Strycker & S. R. Slings,,SKIPPED,,needs_review=true,,,Plato's Apology of Socrates,E. de Strycker & S. R. Slings
ac10e4ce-5441-45c5-8881-c854e817e858,Hebrew Ethical Wills,Israel Abrahams,,SKIPPED,,needs_review=true,,,Hebrew Ethical Wills,Israel Abrahams
ac1115c6-e763-409e-83c2-3ccf90f8b847,GUIDE PALACIO REAL de Madrid,Unknown,,SKIPPED,,needs_review=true,,,GUIDE PALACIO REAL de Madrid,Unknown
ac1ec287-2f3f-47ff-a346-dee816ca4b90,COBPAHHE COHHHEHHH,H. B. TOT0Ib,,SKIPPED,,needs_review=true,,,COBPAHHE COHHHEHHH,H. B. TOT0Ib
ac23e708-252d-43d4-b9a6-b33337c450bc,THE BROTHERS KARAMAZOV · 2,DOSTOYEVSKY,,SKIPPED,,needs_review=true,,,THE BROTHERS KARAMAZOV · 2,DOSTOYEVSKY
ac27efa5-c2e9-4f6a-bde9-14510046f060,A HISTORY OF GREEK MATHEMATICS,Sir Thomas Heath,,SKIPPED,,needs_review=true,,,A HISTORY OF GREEK MATHEMATICS,Sir Thomas Heath
ac288829-4983-4409-a99b-03fae54b9245,ROMOLA,GEORGE ELIOT,,SKIPPED,,needs_review=true,,,ROMOLA,GEORGE ELIOT
ac2d30b1-675b-4ec7-84dd-621125f2d684,Tutankhamen,Christiane Desroches-Noblecourt,,SKIPPED,,needs_review=true,,,Tutankhamen,Christiane Desroches-Noblecourt
ac2f8f95-cc44-4078-810a-6a7f816bf754,GEDICHTE,Joseph von Eichendorff,,SKIPPED,,needs_review=true,,,GEDICHTE,Joseph von Eichendorff
ac33d222-848d-4305-9198-3339ddefe16c,Mysteries of the Creation,Rabbi Dovid Brown,,SKIPPED,,needs_review=true,,,Mysteries of the Creation,Rabbi Dovid Brown
ac524a0f-eab9-40f2-96f5-a45269de9bdf,Philosophy in the Twentieth Century,A.J. Ayer,,SKIPPED,,needs_review=true,,,Philosophy in the Twentieth Century,A.J. Ayer
ac5e6f9e-f683-405e-b79b-5224414c6fae,Sanctification of the New Moon,"Solomon Gandz, Fillan Berlan, Otto Neugebauer",,SKIPPED,,needs_review=true,,,Sanctification of the New Moon,"Solomon Gandz, Fillan Berlan, Otto Neugebauer"
ac6183e9-7174-4a19-be1d-6adc05870fa7,Jewish Natural Nutrition,Yaakov Levinson,,SKIPPED,,needs_review=true,,,Jewish Natural Nutrition,Yaakov Levinson
ac7016ce-d049-4b75-8026-a49725926276,Complete Sonatas and Fantasies for Solo Piano,Wolfgang Amadeus Mozart,,SKIPPED,,needs_review=true,,,Complete Sonatas and Fantasies for Solo Piano,Wolfgang Amadeus Mozart
ac7a4d1b-66f3-4684-8a91-39c167c9b6c2,A Selection of Greek Historical Inscriptions,Marcus N. Tod,,SKIPPED,,needs_review=true,,,A Selection of Greek Historical Inscriptions,Marcus N. Tod
ac7b63a2-0260-4cbf-83d1-8aa466d01718,CHARACTERES,THEOPHRASTI,,SKIPPED,,needs_review=true,,,CHARACTERES,THEOPHRASTI
ac808605-1c5e-493f-8ea0-4a5658c3689f,War and Peace,Count Leo Tolstoy,,SKIPPED,,needs_review=true,,,War and Peace,Count Leo Tolstoy
ac888aeb-282c-4b33-a1ff-e89a02ca73c5,LATEINISCHE GEDICHTE,Unknown,,SKIPPED,,needs_review=true,,,LATEINISCHE GEDICHTE,Unknown
ac9cd1fa-fa71-4d6c-aecf-c5a4769c1d8d,TRUKTURKS,אונער אלטיכו,,SKIPPED,,needs_review=true,,,TRUKTURKS,אונער אלטיכו
aca91679-15f5-4f10-9815-d59444cc6e47,The Cambridge Companion to Nietzsche,Bernd Magnus and Kathleen M. Higgins,,SKIPPED,,needs_review=true,,,The Cambridge Companion to Nietzsche,Bernd Magnus and Kathleen M. Higgins
acad9297-5e51-43df-ab80-a1b2fef41d40,From Ezra to the last of the Maccabees,ELIAS BICKERMAN,,SKIPPED,,needs_review=true,,,From Ezra to the last of the Maccabees,ELIAS BICKERMAN
acd22db9-4f0b-482c-b13d-a26e8e91bec4,A PARTISAN GUIDE TO THE JEWISH PROBLEM,MILTON STEINBERG,,SKIPPED,,needs_review=true,,,A PARTISAN GUIDE TO THE JEWISH PROBLEM,MILTON STEINBERG
acd5d7d3-02d0-4a33-b265-45ae2b651ab3,מחקרים במדעי היהדות,יצחק קיוב,,SKIPPED,,needs_review=true,,,מחקרים במדעי היהדות,יצחק קיוב
acd76f26-3750-44c9-8b2d-dc1da2db8cc8,German Nineteenth-Century Drawings,Unknown,,SKIPPED,,needs_review=true,,,German Nineteenth-Century Drawings,Unknown
aceb9aa3-e7ac-492a-8f3c-b15e6bb1a6ac,CRUSADER INSTITUTIONS,JOSHUA PRAWER,,SKIPPED,,needs_review=true,,,CRUSADER INSTITUTIONS,JOSHUA PRAWER
acf23016-61be-4cd8-aaae-bb20cc188fe0,Selected Works Rinat Hakodesh: Friday Evening Service,Leib Glantz,,SKIPPED,,needs_review=true,,,Selected Works Rinat Hakodesh: Friday Evening Service,Leib Glantz
acf71b9c-6df4-4b19-9bb8-53ced4002838,Contes Juifs de Demain et d'Hier,Renée Neher,,SKIPPED,,needs_review=true,,,Contes Juifs de Demain et d'Hier,Renée Neher
ad009b06-afb5-4480-9764-9a00974ab72b,Catalogo Sommario della Galleria Doria Pamphilj in Roma,Unknown,,SKIPPED,,needs_review=true,,,Catalogo Sommario della Galleria Doria Pamphilj in Roma,Unknown
ad03b906-c530-47d7-bd6d-44e23776d1f3,The Book of Our Heritage,Eliyahu Kitov,,SKIPPED,,needs_review=true,,,The Book of Our Heritage,Eliyahu Kitov
ad03f30c-1d09-4d9d-a759-33a62e31040e,I football players,Giulia Battaglia; Van Sickle,,SKIPPED,,needs_review=true,,,I football players,Giulia Battaglia; Van Sickle
ad0418e3-cf85-4628-a89c-a02bbe112cb0,עגב,Unknown,,SKIPPED,,needs_review=true,,,עגב,Unknown
ad0e874c-4e29-4c82-a9c6-2e6fd16db6f4,The Nilo-Saharan Languages,M. Lionel Bender,,SKIPPED,,needs_review=true,,,The Nilo-Saharan Languages,M. Lionel Bender
ad278947-f41f-4e7b-8266-4b617922b681,GREEK TERRACOTTAS,Unknown,,SKIPPED,,needs_review=true,,,GREEK TERRACOTTAS,Unknown
ad3b51f5-e6dc-4f8b-bac4-6c0d28148f47,True Experiences in Telepathy,Martin Ebon,,SKIPPED,,needs_review=true,,,True Experiences in Telepathy,Martin Ebon
ad3f565e-fbe7-4637-b4e0-ce5a4167b620,Great Jewish Short Stories,Saul Bellow,,SKIPPED,,needs_review=true,,,Great Jewish Short Stories,Saul Bellow
ad41d069-0331-46d8-a47d-c9ec0f85ab41,THE COUNT OF COUCY,MARCUS LEHMAN,,SKIPPED,,needs_review=true,,,THE COUNT OF COUCY,MARCUS LEHMAN
ad4719a0-ba9f-4880-8d94-7c648424dbce,SOPHOCLES,"Sophocles, W. B. Stanford",,SKIPPED,,needs_review=true,,,SOPHOCLES,"Sophocles, W. B. Stanford"
ad74bccc-a949-4f11-9cf7-aec1ca03bd49,The Rise and Fall of the Third Reich,William L. Shirer,,SKIPPED,,needs_review=true,,,The Rise and Fall of the Third Reich,William L. Shirer
ad799ff4-153c-49c2-829d-112e3c4b5902,In Defense of MUSIC,DON HARRÁN,,SKIPPED,,needs_review=true,,,In Defense of MUSIC,DON HARRÁN
ad88ed9e-988d-4b59-9787-f30f90f11f47,Perspectives,Rabbi Paysach Krohn,,SKIPPED,,needs_review=true,,,Perspectives,Rabbi Paysach Krohn
ad90829b-e1a9-47cf-9b09-ed41068aa616,Plato's Phaedo,R. S. Bluck,,SKIPPED,,needs_review=true,,,Plato's Phaedo,R. S. Bluck
ad9c8552-31c5-44ae-ac93-e248ab13b21a,GALILEO,PETER MACHAMER,,SKIPPED,,needs_review=true,,,GALILEO,PETER MACHAMER
ad9e4d58-0aa1-4b9b-8fc4-2ade7e7d338a,The Anthropology of Ancient Greece,Louis Gernet,,SKIPPED,,needs_review=true,,,The Anthropology of Ancient Greece,Louis Gernet
ada6a51f-f67a-4f5b-9811-ce02a502fc70,Pygmalion,Bernard Shaw,,SKIPPED,,needs_review=true,,,Pygmalion,Bernard Shaw
ada9966e-067e-4d80-9c8f-a1c1f633af16,The Camera of My Family,Catherine Hanf Noren,,SKIPPED,,needs_review=true,,,The Camera of My Family,Catherine Hanf Noren
adab418f-13b4-4946-9e37-15a63beef04f,Counterpoint: The Polyphonic Vocal Style of the Sixteenth Century,Knud Jeppesen,,SKIPPED,,needs_review=true,,,Counterpoint: The Polyphonic Vocal Style of the Sixteenth Century,Knud Jeppesen
adb82b90-65b8-4230-afd1-cf10b76a863b,Langenscheidts Metoula Sprachführer Italienisch,Unknown,,SKIPPED,,needs_review=true,,,Langenscheidts Metoula Sprachführer Italienisch,Unknown
adba0144-ff62-4b89-958a-cb749e4af93f,Französisch,Unknown,,SKIPPED,,needs_review=true,,,Französisch,Unknown
adc6a0dd-1259-434d-893d-69c464e2ad97,Uralic and Altaic Series,Unknown,,SKIPPED,,needs_review=true,,,Uralic and Altaic Series,Unknown
adc7cf4c-7b61-4d49-9796-d120d830db06,Historical Documentary Editions,National Historical Publications and Records Commission,,SKIPPED,,needs_review=true,,,Historical Documentary Editions,National Historical Publications and Records Commission
ade211a5-8467-491e-a802-7baf1596985d,Letter to His Father,Franz Kafka,,SKIPPED,,needs_review=true,,,Letter to His Father,Franz Kafka
ade36fae-24f5-40c6-a469-bec2ec148095,The Aristotelian Ethics,Anthony Kenny,,SKIPPED,,needs_review=true,,,The Aristotelian Ethics,Anthony Kenny
adec45b0-971d-459c-849e-916e7205bf16,The IDEA of PROGRESS in CLASSICAL ANTIQUITY,by Ludwig Edelstein,,SKIPPED,,needs_review=true,,,The IDEA of PROGRESS in CLASSICAL ANTIQUITY,by Ludwig Edelstein
adf316e6-4b1a-4543-9df2-ad76e3cbe257,Reader in American Library History,Michael H. Harris,,SKIPPED,,needs_review=true,,,Reader in American Library History,Michael H. Harris
ae019263-c2c1-41c6-bff9-9f08146ab7a4,The Cambridge Companion to Plato,Richard Kraut,,SKIPPED,,needs_review=true,,,The Cambridge Companion to Plato,Richard Kraut
ae1762b9-63b5-45ac-8db4-57f9088d0a62,The Nicomachean Ethics,"Aristotle, H. H. Joachim, D. A. Rees (ed.)",,SKIPPED,,needs_review=true,,,The Nicomachean Ethics,"Aristotle, H. H. Joachim, D. A. Rees (ed.)"
ae1921cc-6e5e-4436-afc3-d2c4f37ac071,THE MULTI-LANGUAGE BIBLIOGRAPHY OF JEWISH LAW,Nahum Rakover,,SKIPPED,,needs_review=true,,,THE MULTI-LANGUAGE BIBLIOGRAPHY OF JEWISH LAW,Nahum Rakover
ae1ce75d-7210-4702-b04a-4228395c8069,אֲמָנוּת החֲזְנוּת / Die Kunst des jüdischen Kantorats,A. B. Birnbaum,,SKIPPED,,needs_review=true,,,אֲמָנוּת החֲזְנוּת / Die Kunst des jüdischen Kantorats,A. B. Birnbaum
ae20fe8e-2622-4e36-bc47-80d708fcc520,האוגדן שלנו,פוטו דידקטי,,SKIPPED,,needs_review=true,,,האוגדן שלנו,פוטו דידקטי
ae237ca3-9c90-43e2-a178-b64c3ab618b2,Some Gems From the Mind of Reb Yisroel Salanter,Reb Yisroel Salanter,,SKIPPED,,needs_review=true,,,Some Gems From the Mind of Reb Yisroel Salanter,Reb Yisroel Salanter
ae338dec-48d8-4b7c-801d-284bab571fb3,THE PRESOCRATIC PHILOSOPHERS,G. S. KIRK & J. E. RAVEN,,SKIPPED,,needs_review=true,,,THE PRESOCRATIC PHILOSOPHERS,G. S. KIRK & J. E. RAVEN
ae358497-4922-4c53-8dc2-183f1bef6197,DSM-III-R Case Book,"Robert L. Spitzer, Miriam Gibbon, Andrew E. Skodol, Janet B. W. Williams, Michael B. First",,SKIPPED,,needs_review=true,,,DSM-III-R Case Book,"Robert L. Spitzer, Miriam Gibbon, Andrew E. Skodol, Janet B. W. Williams, Michael B. First"
ae393537-0414-4a32-8d6c-761eb96996f2,Tahkemoni: The Book of Alharizi,"Martin Gilbert, E.A. Wallis Budge",,SKIPPED,,needs_review=true,,,Tahkemoni: The Book of Alharizi,"Martin Gilbert, E.A. Wallis Budge"
ae3fdd37-b76c-4adf-abad-be8ff439c2e7,PROSOPOGRAPHIA ATTICA,Kirchner,,SKIPPED,,needs_review=true,,,PROSOPOGRAPHIA ATTICA,Kirchner
ae451121-e126-4222-8408-b22620f59a6d,The Haunted House,PLAUTUS,,SKIPPED,,needs_review=true,,,The Haunted House,PLAUTUS
ae4ee20b-43b6-4fb9-a6f3-7595addee7b3,The End of a Dynasty,Miriam T Griffin,,SKIPPED,,needs_review=true,,,The End of a Dynasty,Miriam T Griffin
ae573eac-d615-48fc-8667-5b58836e79bd,"The Biblical Archaeologist Reader, 1",G. Ernest Wright and David Noel Freedman,,SKIPPED,,needs_review=true,,,"The Biblical Archaeologist Reader, 1",G. Ernest Wright and David Noel Freedman
ae800512-06af-4e0e-b544-621ef4e84e41,Wörterbuch der aegyptischen Sprache,Adolf Erman und Hermann Grapow,,SKIPPED,,needs_review=true,,,Wörterbuch der aegyptischen Sprache,Adolf Erman und Hermann Grapow
aeaf4ce7-427e-4e60-b0e9-d19bbfd64d8a,TORA CON HAFTAROT,Unknown,,SKIPPED,,needs_review=true,,,TORA CON HAFTAROT,Unknown
aebc49a0-6339-4d26-90f0-d897de592cce,WORD & ACTION,Bernard Knox,,SKIPPED,,needs_review=true,,,WORD & ACTION,Bernard Knox
aedbdd1e-af0e-40b6-8c6f-e80571ba271c,Jewish Slavery in Antiquity,Catherine Hezser,,SKIPPED,,needs_review=true,,,Jewish Slavery in Antiquity,Catherine Hezser
aee1244e-db82-4ab5-a4d6-ea59cf4d4427,On Thucydides,"Dionysius of Halicarnassus, W. Kendrick Pritchett",,SKIPPED,,needs_review=true,,,On Thucydides,"Dionysius of Halicarnassus, W. Kendrick Pritchett"
aeec7e1e-ae29-4fa5-9435-9f99abaf7ba4,Discipline & Punish: The Birth of the Prison,Michel Foucault,,SKIPPED,,needs_review=true,,,Discipline & Punish: The Birth of the Prison,Michel Foucault
af15133e-6576-4cec-bec1-187a04dbc174,SICILIA,TOURING CLUB ITALIANO,,SKIPPED,,needs_review=true,,,SICILIA,TOURING CLUB ITALIANO
af17baf0-8c6a-43de-849c-6f7ffd0f89fd,The Twelve Caesars,Suetonius,,SKIPPED,,needs_review=true,,,The Twelve Caesars,Suetonius
af1b8bed-d0c0-4f7f-825a-9875ff565992,Selected Studies in Pseudepigrapha & Apocrypha,M.E. Stone,,SKIPPED,,needs_review=true,,,Selected Studies in Pseudepigrapha & Apocrypha,M.E. Stone
af1c248e-1e81-4621-8425-cdcb12e011de,On the Commonwealth,"Cicero, Translated by George Holland Sabine and Stanley Barney Smith",,SKIPPED,,needs_review=true,,,On the Commonwealth,"Cicero, Translated by George Holland Sabine and Stanley Barney Smith"
af22ab02-bae4-4af0-a11e-896c57e49b3c,עגבניור,Unknown,,SKIPPED,,needs_review=true,,,עגבניור,Unknown
af2afb7f-a6f7-41cc-a789-e7666306107d,DU SUBLIME,Unknown,,SKIPPED,,needs_review=true,,,DU SUBLIME,Unknown
af3b4ee3-b736-4491-a2fb-debfafc5ac0b,Kaethe Kollwitz,Unknown,,SKIPPED,,needs_review=true,,,Kaethe Kollwitz,Unknown
af43d7aa-bb9b-4502-bdb0-7c1082cdc4f2,"Mandarins, Jews, and Missionaries",Michael Pollak,,SKIPPED,,needs_review=true,,,"Mandarins, Jews, and Missionaries",Michael Pollak
af4545e7-6a54-4eae-a6d1-0a2dcdcf2445,The Horsemen of Athens,Glenn Richard Bugh,,SKIPPED,,needs_review=true,,,The Horsemen of Athens,Glenn Richard Bugh
af4a6a1b-2c4e-4ccd-8346-1658e0a9f823,Apollodorus I,Sir J. G. Frazer,,SKIPPED,,needs_review=true,,,Apollodorus I,Sir J. G. Frazer
af4a7016-81cc-4386-a65a-69fa65229a1a,The World of Sholom Aleichem,Maurice Samuel,,SKIPPED,,needs_review=true,,,The World of Sholom Aleichem,Maurice Samuel
af4b42e6-fd57-4ed1-81b3-a8953a33df0f,Hispania Judaica 2: Trujillo,Haim Beinart,,SKIPPED,,needs_review=true,,,Hispania Judaica 2: Trujillo,Haim Beinart
af52c4de-a2e9-401e-8126-4d23e3cc6c76,The Varieties of Religious Experience,William James,,SKIPPED,,needs_review=true,,,The Varieties of Religious Experience,William James
af5e2b1c-f7ce-4026-8d22-ee506976fae8,The Characters of Theophrastus,R. G. Ussher,,SKIPPED,,needs_review=true,,,The Characters of Theophrastus,R. G. Ussher
af66a99d-3562-4e97-8ba8-8cf036ef5611,GRIECHISCHE EPIGRAPHIK,CONTEER KLAFFENBACH,,SKIPPED,,needs_review=true,,,GRIECHISCHE EPIGRAPHIK,CONTEER KLAFFENBACH
af709747-28ea-4ae0-8cc1-5135b16fc08e,DÜRER IN AMERICA: His Graphic Work,Charles W. Talbot,,SKIPPED,,needs_review=true,,,DÜRER IN AMERICA: His Graphic Work,Charles W. Talbot
af7114ee-96ad-4cae-aee5-d20448323041,Studies in the Variety of Rabbinic Cultures,Gerson D. Cohen,,SKIPPED,,needs_review=true,,,Studies in the Variety of Rabbinic Cultures,Gerson D. Cohen
af8a9762-c907-45c4-8a6f-9101d376d667,LIBRARY ADMINISTRATION,REGINALD NORTHWOOD LOCK,,SKIPPED,,needs_review=true,,,LIBRARY ADMINISTRATION,REGINALD NORTHWOOD LOCK
af931570-817f-4c7a-836b-9f05c82cef38,Meditation from the Heart of Judaism,Avram Davis,,SKIPPED,,needs_review=true,,,Meditation from the Heart of Judaism,Avram Davis
af95d52e-ff0a-4f3f-b905-77bc1bb47850,EISHODO,Re,,SKIPPED,,needs_review=true,,,EISHODO,Re
af960e26-b9d0-4d7d-b366-addd83b53ee9,Talmudica,Daniel Sperber,,SKIPPED,,needs_review=true,,,Talmudica,Daniel Sperber
af97d6f4-fa4e-44dc-8af5-dcab3e8399e9,The Epistle on the Possibility of Conjunction with the Active Intellect,"Ibn Rushd, Moses Narboni, Kalman P. Bland",,SKIPPED,,needs_review=true,,,The Epistle on the Possibility of Conjunction with the Active Intellect,"Ibn Rushd, Moses Narboni, Kalman P. Bland"
af99bfb8-d133-4952-94e5-df345877f04d,Early Childhood Autism,Lorna Wing,,SKIPPED,,needs_review=true,,,Early Childhood Autism,Lorna Wing
afb46123-66da-43fc-82b6-a72baa719b7e,A Progressive Grammar of the Tamil Language,A. H. Arden,,SKIPPED,,needs_review=true,,,A Progressive Grammar of the Tamil Language,A. H. Arden
b009cf84-5596-46ab-81ba-dfd7a79b2d81,ENTRETIENS AVEC UN BAR MITSVAH,JEAN SCHWARZ,,SKIPPED,,needs_review=true,,,ENTRETIENS AVEC UN BAR MITSVAH,JEAN SCHWARZ
b021f7b9-9ea6-48b5-8f53-5745e8126ac8,WOMEN IN LOVE,D.H. LAWRENCE,,SKIPPED,,needs_review=true,,,WOMEN IN LOVE,D.H. LAWRENCE
b027c2a3-e3cd-420e-82df-34f33a2638de,Textes d'Auteurs Grecs et Romains Relatifs au Judaisme,Théodore Reinach,,SKIPPED,,needs_review=true,,,Textes d'Auteurs Grecs et Romains Relatifs au Judaisme,Théodore Reinach
b03bd947-3110-430b-b475-e5372edb18da,CHEMICAL ANALYSIS,Herbert A. Laitinen,,SKIPPED,,needs_review=true,,,CHEMICAL ANALYSIS,Herbert A. Laitinen
b07c7dc6-0c3b-48d2-9103-726c71f01832,Iambi Et Elegi Graeci Ante Alexandrum Cantati,"Callinus, Mermermw, Semonies, Solon, Tyrtacus, Minora Adespota",,SKIPPED,,needs_review=true,,,Iambi Et Elegi Graeci Ante Alexandrum Cantati,"Callinus, Mermermw, Semonies, Solon, Tyrtacus, Minora Adespota"
b07da1d6-7e07-4b7e-81f6-795ff6944156,Concerto in B Minor,Dvořák,,SKIPPED,,needs_review=true,,,Concerto in B Minor,Dvořák
b08ef540-0e19-4914-b4ae-2117c8c9a8d7,Pericles on Stage: Political Comedy in Aristophanes Early Plays,Michael Vickers,,SKIPPED,,needs_review=true,,,Pericles on Stage: Political Comedy in Aristophanes Early Plays,Michael Vickers
b0949518-52fc-4d6c-8a96-720d44ea5d7b,RUSSIAN,BEN T. CLARK,,SKIPPED,,needs_review=true,,,RUSSIAN,BEN T. CLARK
b0a6c8c1-ad8f-4758-8125-08a5fc13c5a5,THE JEWISH POETS OF SPAIN,Unknown,,SKIPPED,,needs_review=true,,,THE JEWISH POETS OF SPAIN,Unknown
b0a745e4-23d9-4a9a-b366-3d624a1037ae,Aristotle and Xenophon on Democracy and Oligarchy,"Aristotle, Xenophon, J. M. Moore",,SKIPPED,,needs_review=true,,,Aristotle and Xenophon on Democracy and Oligarchy,"Aristotle, Xenophon, J. M. Moore"
b0aae430-e96b-461e-9e95-259b69dbfee5,The Penguin Dictionary of Architecture,John Fleming / Hugh Honour; Nikolaus Pevsner,,SKIPPED,,needs_review=true,,,The Penguin Dictionary of Architecture,John Fleming / Hugh Honour; Nikolaus Pevsner
b0aaf77e-4129-4c3e-a758-4c1647bbb0bd,"NOMOS: ESSAYS IN ATHENIAN LAW, POLITICS AND SOCIETY","PAUL CARTLEDGE, PAUL MILLETT AND STEPHEN TODD",,SKIPPED,,needs_review=true,,,"NOMOS: ESSAYS IN ATHENIAN LAW, POLITICS AND SOCIETY","PAUL CARTLEDGE, PAUL MILLETT AND STEPHEN TODD"
b0b01976-66d8-498c-962d-fbcec3fe912f,Shakespeare's Stratford-upon-Avon,Unknown,,SKIPPED,,needs_review=true,,,Shakespeare's Stratford-upon-Avon,Unknown
b0dff045-aba5-4513-b3ba-175ebb16d452,כית אר,Unknown,,SKIPPED,,needs_review=true,,,כית אר,Unknown
b0efba73-6fe0-48a8-aa0d-56a9fea78164,Reader in Music Librarianship,Carol June Bradley,,SKIPPED,,needs_review=true,,,Reader in Music Librarianship,Carol June Bradley
b0f1b2a7-823b-40a7-81ff-f2fd9fc309b0,Lexicon Thucydideum,E.-A. Bétant,,SKIPPED,,needs_review=true,,,Lexicon Thucydideum,E.-A. Bétant
b0f46c7a-fc18-4d2a-9ff7-b87715b81b16,The Poems of Emily Dickinson,Martha Dickinson Bianchi and Alfred Leete Hampson,,SKIPPED,,needs_review=true,,,The Poems of Emily Dickinson,Martha Dickinson Bianchi and Alfred Leete Hampson
b0f624c4-0d57-401f-9c55-d631a02be99b,The Cambridge Companion to Aquinas,Norman Kretzmann and Eleonore Stump,,SKIPPED,,needs_review=true,,,The Cambridge Companion to Aquinas,Norman Kretzmann and Eleonore Stump
b103eef1-083f-4008-bbab-1e1569c8302a,Herodoti Historiae,Carolus Hude,,SKIPPED,,needs_review=true,,,Herodoti Historiae,Carolus Hude
b11730d9-6fc4-4c5b-8d88-20165e35fbbb,The Kuzari,Rabbi Yehuda Halevi,,SKIPPED,,needs_review=true,,,The Kuzari,Rabbi Yehuda Halevi
b117c542-3c59-44db-b865-588880359d2f,William Blake Poet Printer Prophet,William Blake,,SKIPPED,,needs_review=true,,,William Blake Poet Printer Prophet,William Blake
b120424f-1c4a-4b06-9980-0855b13a39cc,ART AND HISTORY PISA,Unknown,,SKIPPED,,needs_review=true,,,ART AND HISTORY PISA,Unknown
b130ae99-ee24-483d-a587-310300b9fb72,THE MEANING OF Relativity,ALBERT EINSTEIN,,SKIPPED,,needs_review=true,,,THE MEANING OF Relativity,ALBERT EINSTEIN
b13d38f4-5fe4-48a4-a660-4390c5ea40eb,the— Realm of Rhetoric,CHAIM PERELMAN,,SKIPPED,,needs_review=true,,,the— Realm of Rhetoric,CHAIM PERELMAN
b149592b-0223-4a71-a792-440e44c62c4b,"Reading Greek: Grammar, Vocabulary and Exercises",Joint Association of Classical Teachers,,SKIPPED,,needs_review=true,,,"Reading Greek: Grammar, Vocabulary and Exercises",Joint Association of Classical Teachers
b149ffc7-4d67-4943-813f-bc077a569b25,Jewish Thought and Scientific Discovery in Early Modern Europe,David B. Ruderman,,SKIPPED,,needs_review=true,,,Jewish Thought and Scientific Discovery in Early Modern Europe,David B. Ruderman
b14c2b68-d18d-4e3e-961e-09f691457e1e,A Concise History of Art,Germain Bazin,,SKIPPED,,needs_review=true,,,A Concise History of Art,Germain Bazin
b14d3c06-c607-4e80-b878-0e2a6b0a5616,NO'S KNIFE: Collected Shorter Prose 1945-1966,Samuel Beckett,,SKIPPED,,needs_review=true,,,NO'S KNIFE: Collected Shorter Prose 1945-1966,Samuel Beckett
b15e5ac7-2369-482c-b347-35862a19270b,The General Demosthenes and his Use of Military Surprise,Joseph Roisman,,SKIPPED,,needs_review=true,,,The General Demosthenes and his Use of Military Surprise,Joseph Roisman
b15f4339-bb58-4ad2-9031-36341ebe2313,PAUSANIAS' GUIDE TO ANCIENT GREECE,Christian Habicht,,SKIPPED,,needs_review=true,,,PAUSANIAS' GUIDE TO ANCIENT GREECE,Christian Habicht
b1602e03-c9c0-4569-a2c7-6dbf70af5d7c,Effective Legal Research,"Miles O. Price, Harry Bitner, Shirley Raissi Bysiewicz",,SKIPPED,,needs_review=true,,,Effective Legal Research,"Miles O. Price, Harry Bitner, Shirley Raissi Bysiewicz"
b1650fca-a0f4-40f4-96c1-0d1e0d7bd2f3,PLAYS UNPLEASANT,BERNARD SHAW,,SKIPPED,,needs_review=true,,,PLAYS UNPLEASANT,BERNARD SHAW
b16f8397-1efc-4f7a-be66-6c93f4875193,Pola Diva,James Merrill,,SKIPPED,,needs_review=true,,,Pola Diva,James Merrill
b18e9978-2982-459a-8ef8-31708f1c74bc,The Metropolitan Museum of Art Bulletin/Spring 1985,Unknown,,SKIPPED,,needs_review=true,,,The Metropolitan Museum of Art Bulletin/Spring 1985,Unknown
b19638e8-f935-418f-b8e4-d97c9b4d3576,הסולם והמקDK,דוד מועלם,,SKIPPED,,needs_review=true,,,הסולם והמקDK,דוד מועלם
b19d8d74-f8eb-4b61-b8fb-80999f28ce1d,A MATHEMATICAL INTRODUCTION TO LOGIC,HERBERT B ENDERTON,,SKIPPED,,needs_review=true,,,A MATHEMATICAL INTRODUCTION TO LOGIC,HERBERT B ENDERTON
b1a5132b-1ee3-40f7-ae7b-a3b7835d5132,F,Unknown,,SKIPPED,,needs_review=true,,,F,Unknown
b1d30219-f168-4142-959c-03d9cfe78f93,Metamorphoses,"Ovid, Frank Justus Miller",,SKIPPED,,needs_review=true,,,Metamorphoses,"Ovid, Frank Justus Miller"
b1d56d1d-0bf1-48d2-a95e-866624ec2963,Erewhon and Erewhon Revisited,Samuel Butler,,SKIPPED,,needs_review=true,,,Erewhon and Erewhon Revisited,Samuel Butler
b1d5f5bd-7cf3-45d4-834e-69e736b70a47,Soldier's Pay,William Faulkner,,SKIPPED,,needs_review=true,,,Soldier's Pay,William Faulkner
b1d6e4b0-0152-4a59-9a04-1b62bb56a0b6,Cukorbetegek új diétáskönyve,Dr. Fövényi József • Papp Rita,,SKIPPED,,needs_review=true,,,Cukorbetegek új diétáskönyve,Dr. Fövényi József • Papp Rita
b1e1473b-4317-421d-85b6-37c061fb6792,The Rose and the Ring,W.M. Thackeray,,SKIPPED,,needs_review=true,,,The Rose and the Ring,W.M. Thackeray
b1ff88bd-c884-4aa5-a82e-b4cbe79f6f0d,Bobby Fischer and his Predecessors in the World Chess Championship,Max Euwe,,SKIPPED,,needs_review=true,,,Bobby Fischer and his Predecessors in the World Chess Championship,Max Euwe
b20b3424-5df2-45ba-bd96-d7e3c9761dc9,Introduction to the Talmud,M. Mielziner,,SKIPPED,,needs_review=true,,,Introduction to the Talmud,M. Mielziner
b2199a77-ddc3-4fc2-bd06-d4fbf25270a4,Resisting Texts,Peter L. Shillingsburg,,SKIPPED,,needs_review=true,,,Resisting Texts,Peter L. Shillingsburg
b21acfff-6866-4baa-97c3-7b10d2b5a1b2,LEHRERIET HIGH,Unknown,,SKIPPED,,needs_review=true,,,LEHRERIET HIGH,Unknown
b21dc6d3-3bae-42b2-ba6e-e0469408eb6f,SOPHOCLES and PERICLES,VICTOR EHRENBERG,,SKIPPED,,needs_review=true,,,SOPHOCLES and PERICLES,VICTOR EHRENBERG
b21f37a7-5284-42a6-a380-11aedfac6312,MURDER,RHYS CARPENTER,,SKIPPED,,needs_review=true,,,MURDER,RHYS CARPENTER
b2303a7a-ea9b-4368-982f-15e36666cbad,The Uralic Languages,Denis Sinor,,SKIPPED,,needs_review=true,,,The Uralic Languages,Denis Sinor
b232f8ce-60f5-452d-ac67-32c9fb943f79,Israel's War For Peace,by Herbert Ben-Adi; Edited and Published by Blanche and Abe Halpern,,SKIPPED,,needs_review=true,,,Israel's War For Peace,by Herbert Ben-Adi; Edited and Published by Blanche and Abe Halpern
b235a724-ac78-4a9f-8c59-433a31a5b540,The Odyssey of Homer,W. B. Stanford,,SKIPPED,,needs_review=true,,,The Odyssey of Homer,W. B. Stanford
b239dd7b-33fb-4bef-b001-780b34d526dc,Cicero On Duties,"M.T. Griffin, E. M. Atkins",,SKIPPED,,needs_review=true,,,Cicero On Duties,"M.T. Griffin, E. M. Atkins"
b2526930-b051-4eff-b127-df6b74bfc7e5,TOURING WALES,Unknown,,SKIPPED,,needs_review=true,,,TOURING WALES,Unknown
b254196d-987a-4994-8d2f-cf0345e14f17,The Growth of Political Thought in the West,Charles Howard McIlwain,,SKIPPED,,needs_review=true,,,The Growth of Political Thought in the West,Charles Howard McIlwain
b26fc522-1028-4c17-8a7b-1e42bb9ecdba,Out of the Ghetto,Jacob Katz,,SKIPPED,,needs_review=true,,,Out of the Ghetto,Jacob Katz
b273f570-4988-4984-9a7d-c8af7b4e9843,Studies in Maimonides,"Pierre Duhem, Bernard T Littman, Yehoshua Eibeshitz",,SKIPPED,,needs_review=true,,,Studies in Maimonides,"Pierre Duhem, Bernard T Littman, Yehoshua Eibeshitz"
b2875957-d5e3-4c07-9f28-7abecaa43953,Jüdisches Leben im Synagogenbezirk Meschede,Unknown,,SKIPPED,,needs_review=true,,,Jüdisches Leben im Synagogenbezirk Meschede,Unknown
b288b930-09cd-4a27-8937-6e3aca71ba3d,The Redaction of the Babylonian Talmud: Its Character and Its Thematic Structure,Morris Scholem,,SKIPPED,,needs_review=true,,,The Redaction of the Babylonian Talmud: Its Character and Its Thematic Structure,Morris Scholem
b297357d-eafe-426d-81a9-3dadb7fc3ea7,George Eliot's Life,George Eliot,,SKIPPED,,needs_review=true,,,George Eliot's Life,George Eliot
b2a2dfdf-7164-4ee3-806d-cc5c80235582,THE ART OF REASONING,David Kelley,,SKIPPED,,needs_review=true,,,THE ART OF REASONING,David Kelley
b2cfbe26-0244-455a-8b56-108eb58798e8,Classical Album of Early Grade Pieces,C. Paul Herfurth & Mark Ostwald & P. Hauman,,SKIPPED,,needs_review=true,,,Classical Album of Early Grade Pieces,C. Paul Herfurth & Mark Ostwald & P. Hauman
b2d98a28-4026-4786-9ca2-75e099b65a85,A Guide to Practical Halacha,Rabbi Dovid Katz,,SKIPPED,,needs_review=true,,,A Guide to Practical Halacha,Rabbi Dovid Katz
b2ddcbde-dc39-47a0-bfa4-1096db4af7da,"Phoenix, Volume XLII: 4",Unknown,,SKIPPED,,needs_review=true,,,"Phoenix, Volume XLII: 4",Unknown
b2f8581d-fd9b-4f90-ac0c-1275497ab8cf,HEROPHILUS The Art of Medicine in Early Alexandria,HEINRICH VON STADEN,,SKIPPED,,needs_review=true,,,HEROPHILUS The Art of Medicine in Early Alexandria,HEINRICH VON STADEN
b30ee580-bca7-42bc-a688-f29128c145f3,A Selection of Greek Historical Inscriptions,Marcus N. Tod,,SKIPPED,,needs_review=true,,,A Selection of Greek Historical Inscriptions,Marcus N. Tod
b3111c61-70fc-4591-b2b0-45344eef064d,ANCIENT CIVILIZATIONS AND RUINS OF TURKEY,Ekrem Akurgal,,SKIPPED,,needs_review=true,,,ANCIENT CIVILIZATIONS AND RUINS OF TURKEY,Ekrem Akurgal
b321bdba-d0c2-4de4-97f2-c85f20866832,Judaism Despite Christianity,Eugen Rosenstock-Huessy and Franz Rosenzweig,,SKIPPED,,needs_review=true,,,Judaism Despite Christianity,Eugen Rosenstock-Huessy and Franz Rosenzweig
b32f1940-2c70-430c-9147-ac38bcb3e443,DRAWINGS OF WILLIAM BLAKE,"William Blake, Sir Geoffrey Keynes",,SKIPPED,,needs_review=true,,,DRAWINGS OF WILLIAM BLAKE,"William Blake, Sir Geoffrey Keynes"
b334cffb-3d83-456c-bba8-189bda9387e7,Nuhund in the Think C,Rabbi Nachman,,SKIPPED,,needs_review=true,,,Nuhund in the Think C,Rabbi Nachman
b338e6df-6959-4927-927c-efbeb85a2437,זר של שירי עם מפי יהודי ספרד,"ששטה ויין שחק, אביר פרץ, אדווין סרוסי",,SKIPPED,,needs_review=true,,,זר של שירי עם מפי יהודי ספרד,"ששטה ויין שחק, אביר פרץ, אדווין סרוסי"
b33c7bcb-fc87-4fa1-9c91-575527f01022,Lehren und Sprüche,Oskar Wilde,,SKIPPED,,needs_review=true,,,Lehren und Sprüche,Oskar Wilde
b344fd65-9bd8-4b85-b1d5-798341f92eab,Van Gogh,Unknown,,SKIPPED,,needs_review=true,,,Van Gogh,Unknown
b36b5524-782e-454b-b5b8-314faaeeff49,PHYSICS AND METAPHYSICS IN HASDAI CRESCAS,WARREN ZEV HARVEY,,SKIPPED,,needs_review=true,,,PHYSICS AND METAPHYSICS IN HASDAI CRESCAS,WARREN ZEV HARVEY
b37049f8-13dd-4cb8-b4d7-790ff3109134,"Self Ancient and Modern Insights about Individuality, Life, and Death",Richard Sorabji,,SKIPPED,,needs_review=true,,,"Self Ancient and Modern Insights about Individuality, Life, and Death",Richard Sorabji
b372f1fa-f910-457d-98f1-15cb6f386dd8,SOCIAL STATISTICS,"HUBERT M. BLALOCK, JR.",,SKIPPED,,needs_review=true,,,SOCIAL STATISTICS,"HUBERT M. BLALOCK, JR."
b374e8cf-6034-4964-bbdb-e03325fe706f,Gesammelte Schriften,Samson Raphael Sirsch,,SKIPPED,,needs_review=true,,,Gesammelte Schriften,Samson Raphael Sirsch
b377659b-8676-4069-8f04-cbfa3d68dc12,"LAW, ETHICS, AND THE VISUAL ARTS",JOHN HENRY MERRYMAN ALBERT E. ELSEN,,SKIPPED,,needs_review=true,,,"LAW, ETHICS, AND THE VISUAL ARTS",JOHN HENRY MERRYMAN ALBERT E. ELSEN
b386a91b-8e7d-4dc5-959a-2153855e17f0,"Phormio, The Mother-in-Law, The Brothers","Terence, John Sargeaunt (translator)",,SKIPPED,,needs_review=true,,,"Phormio, The Mother-in-Law, The Brothers","Terence, John Sargeaunt (translator)"
b389aab6-f411-4323-ad1f-9e0f7af099f1,Harmonized Chorales and 69 Chorale Melodies WITH FIGURED BASS,"Bach, Riemenschneider",,SKIPPED,,needs_review=true,,,Harmonized Chorales and 69 Chorale Melodies WITH FIGURED BASS,"Bach, Riemenschneider"
b38e507b-6838-4371-b89e-5be8cf77daa5,Explorations in Korean Syntax and Semantics,Seok Choong Song,,SKIPPED,,needs_review=true,,,Explorations in Korean Syntax and Semantics,Seok Choong Song
b38e726c-3874-421f-bd12-20d8d688915a,DON QUIXOTE,MIGUEL DE CERVANTES,,SKIPPED,,needs_review=true,,,DON QUIXOTE,MIGUEL DE CERVANTES
b3a04de3-6fcb-4440-b52b-70bde03a3e3b,The Aryeh Kaplan Reader,Aryeh Kaplan,,SKIPPED,,needs_review=true,,,The Aryeh Kaplan Reader,Aryeh Kaplan
b3a27452-ade3-4c03-a9a4-f260bd3f7441,The Image & The Eye,E.H. Gombrich,,SKIPPED,,needs_review=true,,,The Image & The Eye,E.H. Gombrich
b3a449e3-8f10-446a-adf6-4ed58e707ff0,DICTIONARY OF LINGUISTICS,Mario Pei and Frank Gaynor,,SKIPPED,,needs_review=true,,,DICTIONARY OF LINGUISTICS,Mario Pei and Frank Gaynor
b3ab97ee-9e5c-412b-af7d-a4043dfc7e59,Pervigilium Veneris,Cecil Clementi,,SKIPPED,,needs_review=true,,,Pervigilium Veneris,Cecil Clementi
b3be9458-a151-4a49-9c20-18216b1f1784,The Last Battle,C. S. Lewis,,SKIPPED,,needs_review=true,,,The Last Battle,C. S. Lewis
b3c9221b-054c-469f-97a8-af812a47afa2,THE GREEK NEW TESTAMENT DICTIONARY,Unknown,,SKIPPED,,needs_review=true,,,THE GREEK NEW TESTAMENT DICTIONARY,Unknown
b3ddd4bd-3fe7-4f13-a2c1-4841fa54e6fd,Imaginary Conversations and Poems,W. S. Landor,,SKIPPED,,needs_review=true,,,Imaginary Conversations and Poems,W. S. Landor
b3f56f58-ed96-4a8e-9adf-ce1738906d39,Diaspora Jews amidst Greeks and Romans,Erich S. Gruen,,SKIPPED,,needs_review=true,,,Diaspora Jews amidst Greeks and Romans,Erich S. Gruen
b3fd7ded-7d76-4f6d-9e54-a2f50652006c,DEMOSTHENES UND SEINE ZEIT,ARNOLD SCHAEFER,,SKIPPED,,needs_review=true,,,DEMOSTHENES UND SEINE ZEIT,ARNOLD SCHAEFER
b405adca-e203-47ad-97fa-0bafcb6d2cee,SINHALESE-ENGLISH,Unknown,,SKIPPED,,needs_review=true,,,SINHALESE-ENGLISH,Unknown
b40c9e1d-ac78-4f95-8e8c-172841a372d2,GREEK PHILOSOPHERS,PAUL OSKAR KRISTELLER,,SKIPPED,,needs_review=true,,,GREEK PHILOSOPHERS,PAUL OSKAR KRISTELLER
b415dd2e-23ba-4236-a091-26fa4a386dde,The Consolation of Philosophy,Boethius,,SKIPPED,,needs_review=true,,,The Consolation of Philosophy,Boethius
b418a9db-ce45-4d7e-8ddb-ad135ce985dc,וון,Unknown,,SKIPPED,,needs_review=true,,,וון,Unknown
b42fdf89-a7e8-4e9e-8aeb-c689f435f730,Alexander: Constructing Early Macedonia,Eugene N. Borza,,SKIPPED,,needs_review=true,,,Alexander: Constructing Early Macedonia,Eugene N. Borza
b43ad221-fdb0-42b2-bbe6-d12fa6280ba0,PINDAROS UND BAKCHYLIDES,Unknown,,SKIPPED,,needs_review=true,,,PINDAROS UND BAKCHYLIDES,Unknown
b443536f-e41b-4720-bc38-f87b10ccbee3,The Responsa Anthology,Avraham Yaakov Finkel,,SKIPPED,,needs_review=true,,,The Responsa Anthology,Avraham Yaakov Finkel
b4458b37-cc58-4ce1-afb4-f67d28048b9e,THE DYNAMICS OF DISPUTE: THE MAKINGS OF MACHLOKESS IN TALMUDIC TIMES,Rabbi Zvi Lampel,,SKIPPED,,needs_review=true,,,THE DYNAMICS OF DISPUTE: THE MAKINGS OF MACHLOKESS IN TALMUDIC TIMES,Rabbi Zvi Lampel
b4487eea-c8d8-4152-9eea-d869bb87c3ce,Transgressions: The Offences of Art,Anthony Julius,,SKIPPED,,needs_review=true,,,Transgressions: The Offences of Art,Anthony Julius
b450fc18-98f6-4996-9f07-06e329e8a254,Coptic Etymological Dictionary,Jaroslav Černý,,SKIPPED,,needs_review=true,,,Coptic Etymological Dictionary,Jaroslav Černý
b453d520-2c28-4882-b3b3-212e0d1f1a35,EL,dum edumu,,SKIPPED,,needs_review=true,,,EL,dum edumu
b457ebd8-81b5-407b-99be-7adca495bd13,255,Unknown,,SKIPPED,,needs_review=true,,,255,Unknown
b4595ebb-f9ed-4b43-8d6e-80d2287d616d,Crossroads: Halacha and the Modern World,Unknown,,SKIPPED,,needs_review=true,,,Crossroads: Halacha and the Modern World,Unknown
b47436bf-dbd3-4a9c-b9e1-e9c09e7224e5,COLLOQUIAL HUNGARIAN,Jerry Payne,,SKIPPED,,needs_review=true,,,COLLOQUIAL HUNGARIAN,Jerry Payne
b474aaf4-36f3-4970-af4d-7ffe28aea7f7,STUDIES IN JEWISH BABYLONIAN ARAMAIC,MORRIS,,SKIPPED,,needs_review=true,,,STUDIES IN JEWISH BABYLONIAN ARAMAIC,MORRIS
b47eea53-a47d-4c46-b91d-969712fa171f,The Bee (L'Abeille),Schubert,,SKIPPED,,needs_review=true,,,The Bee (L'Abeille),Schubert
b48509f7-c19c-4aee-be80-887366afc3e0,Outlines of the Philosophy of Aristotle,Unknown,,SKIPPED,,needs_review=true,,,Outlines of the Philosophy of Aristotle,Unknown
b487bd0a-0358-4f4e-8f58-fef4e659720c,PRACTICAL GUIDE TO KASHRUTH,Unknown,,SKIPPED,,needs_review=true,,,PRACTICAL GUIDE TO KASHRUTH,Unknown
b49d0039-dd45-49c5-879c-9a37f4293679,THE HOUSE OF THE WOLF,STANLEY J. WEYMAN,,SKIPPED,,needs_review=true,,,THE HOUSE OF THE WOLF,STANLEY J. WEYMAN
b4a23bc9-dd1f-46cf-9d1c-a971a89b691f,L'AFFAIRE DREYFUS,MARCEL THOMAS,,SKIPPED,,needs_review=true,,,L'AFFAIRE DREYFUS,MARCEL THOMAS
b4aa52eb-a4c1-437d-a414-d766e4e6f88f,Pragmatism,William James,,SKIPPED,,needs_review=true,,,Pragmatism,William James
b4acf8ac-779a-4851-8e34-53acb1f563c8,JEWISH TRIVIA,JANE LENARSKY; DODE B. LEVENSON; BARBARA WACHMAN,,SKIPPED,,needs_review=true,,,JEWISH TRIVIA,JANE LENARSKY; DODE B. LEVENSON; BARBARA WACHMAN
b4b26225-de99-4b5a-9aba-d817e6a4ac23,THE ATHENIAN NATION,EDWARD E. COHEN,,SKIPPED,,needs_review=true,,,THE ATHENIAN NATION,EDWARD E. COHEN
b4bb10ec-7d09-45f5-8533-b22fa5273649,Companion to German Idealism,"Michael J. Broyde, John Witte, Jr.",,SKIPPED,,needs_review=true,,,Companion to German Idealism,"Michael J. Broyde, John Witte, Jr."
b4bd373f-df37-4287-aa59-7f2f238d5bec,IN N.K.,Unknown,,SKIPPED,,needs_review=true,,,IN N.K.,Unknown
b4be0612-8257-4135-9d7b-9689c4659bbf,Dizionario Etimologico Italiano,Dante Olivieri,,SKIPPED,,needs_review=true,,,Dizionario Etimologico Italiano,Dante Olivieri
b4c3fa7e-8c19-499b-a39b-0b65a75aed12,The Biochemistry of Memory,Samuel Bogoch,,SKIPPED,,needs_review=true,,,The Biochemistry of Memory,Samuel Bogoch
b4cf7ade-188e-49c1-8216-66b5450723a1,Aristotle's Ethics,J. L. Ackrill,,SKIPPED,,needs_review=true,,,Aristotle's Ethics,J. L. Ackrill
b4d77b3d-77bc-419d-8b35-1320962bcf43,knots,R.D.Laing,,SKIPPED,,needs_review=true,,,knots,R.D.Laing
b4eabb5b-3ac4-43b9-a3f0-e49ca69783a7,Between Worlds: The Life and Thought of Rabbi David ben Judah Messer Leon,Hava Tirosh-Rothschild,,SKIPPED,,needs_review=true,,,Between Worlds: The Life and Thought of Rabbi David ben Judah Messer Leon,Hava Tirosh-Rothschild
b4f046df-c275-4fc4-af91-f60994ccc4ce,The succession to Muhammad: A study of the early Caliphate,Wilferd Madelung,,SKIPPED,,needs_review=true,,,The succession to Muhammad: A study of the early Caliphate,Wilferd Madelung
b4f240aa-d7c3-4ed4-93c1-507b27749eb8,De Divinatione,"Cicero, E. E. Kellett",,SKIPPED,,needs_review=true,,,De Divinatione,"Cicero, E. E. Kellett"
b4f50078-194b-439b-baa1-98072ff54f77,The International Critical Commentary,"S.R. Driver, A. Plummer, C.A. Briggs, J.A. Emerton, C.E.B. Cranfield, G.N. Stanton",,SKIPPED,,needs_review=true,,,The International Critical Commentary,"S.R. Driver, A. Plummer, C.A. Briggs, J.A. Emerton, C.E.B. Cranfield, G.N. Stanton"
b4fc3331-b8d1-40ce-84cd-e16f6b339731,BLIOTHECA TINCTORIA CATALOG OF THE SIDNEY M. EDELSTEIN COLLECTION,MOSHE RON,,SKIPPED,,needs_review=true,,,BLIOTHECA TINCTORIA CATALOG OF THE SIDNEY M. EDELSTEIN COLLECTION,MOSHE RON
b4fe7303-5fd4-4d48-8ed5-9dd4776745b4,RACHI לא מוטלת על,קפלן,,SKIPPED,,needs_review=true,,,RACHI לא מוטלת על,קפלן
b50037dd-d0e7-41d3-9e80-8a46c50c19fa,Politics in the Ancient World,M.I. Finley,,SKIPPED,,needs_review=true,,,Politics in the Ancient World,M.I. Finley
b501435b-4b3a-41b6-8474-657a89283400,Arabic Thought and Culture,Ian Richard Netton,,SKIPPED,,needs_review=true,,,Arabic Thought and Culture,Ian Richard Netton
b50e9861-b285-425b-aa68-c35f2b66d2ad,Reader in Technical Services,Edmond L. Applebaum,,SKIPPED,,needs_review=true,,,Reader in Technical Services,Edmond L. Applebaum
b5166e11-2aac-4761-98fe-3fd78d78fc8c,LETTERS FROM THE WORLD OF OUR FATHERS,"Isaac Metzker, Harry Golden",,SKIPPED,,needs_review=true,,,LETTERS FROM THE WORLD OF OUR FATHERS,"Isaac Metzker, Harry Golden"
b520e696-0524-419c-9c8c-42a9faf4941e,THE GOOD SOLDIER,FORD MADOX FORD,,SKIPPED,,needs_review=true,,,THE GOOD SOLDIER,FORD MADOX FORD
b52ac4f0-7dc3-46a1-806a-8896e1759d1b,Judaism: Postbiblical and Talmudic Period,Salo W. Baron and Joseph L. Blau,,SKIPPED,,needs_review=true,,,Judaism: Postbiblical and Talmudic Period,Salo W. Baron and Joseph L. Blau
b52c4777-1487-45e8-a958-fc84ed7873da,THUCYDIDES BOOK VII,K. J. DOVER,,SKIPPED,,needs_review=true,,,THUCYDIDES BOOK VII,K. J. DOVER
b536fe61-ec22-46ea-bc88-61983348ef6d,Dutch Painting of the Golden Age,Unknown,,SKIPPED,,needs_review=true,,,Dutch Painting of the Golden Age,Unknown
b54d27f4-4a54-4562-a5e8-3dbf92971e6a,DEMOSTHENES UND SEINE ZEIT,ARNOLD SCHAEFER,,SKIPPED,,needs_review=true,,,DEMOSTHENES UND SEINE ZEIT,ARNOLD SCHAEFER
b54efb8c-5071-4f69-90e1-c7a3cf9bcf16,THE PHILOSOPHY OF THE KALAM,HARRY AUSTRYN WOLFSON,,SKIPPED,,needs_review=true,,,THE PHILOSOPHY OF THE KALAM,HARRY AUSTRYN WOLFSON
b5513585-f72a-4836-a115-834426d8e74f,LEBEN UND SCHICKSAL,Unknown,,SKIPPED,,needs_review=true,,,LEBEN UND SCHICKSAL,Unknown
b55d6a9e-08b4-4ab8-9390-27c2204f5c6c,English Dic Volume 1,Unknown,,SKIPPED,,needs_review=true,,,English Dic Volume 1,Unknown
b561f82a-39c3-4402-940e-979a196e65bd,Deliverance From Error,"Al-Ghazali, R.J. McCarthy (translator)",,SKIPPED,,needs_review=true,,,Deliverance From Error,"Al-Ghazali, R.J. McCarthy (translator)"
b56760f4-68d1-4370-8e6f-7dfa03064ac4,THE GOLDEN HOME AND HIGH SCHOOL ENCYCLOPEDIA,Unknown,,SKIPPED,,needs_review=true,,,THE GOLDEN HOME AND HIGH SCHOOL ENCYCLOPEDIA,Unknown
b568d967-a2e8-4312-b7e9-c9d6b5756c23,THEORY OF LITERATURE,AVAZELLEK AND AUSTIN WARREN,,SKIPPED,,needs_review=true,,,THEORY OF LITERATURE,AVAZELLEK AND AUSTIN WARREN
b56f386b-5746-4117-8bbb-a34082cf6cee,Computer and the Mind,Philip N. Johnson-Laird,,SKIPPED,,needs_review=true,,,Computer and the Mind,Philip N. Johnson-Laird
b578a0aa-e63c-4a6a-9ce5-4298018f8066,well ball,Unknown,,SKIPPED,,needs_review=true,,,well ball,Unknown
b5854ac7-5a3d-4521-9c33-16b4863c4ece,THE BIRTH OF WESTERN CIVILIZATION,Unknown,,SKIPPED,,needs_review=true,,,THE BIRTH OF WESTERN CIVILIZATION,Unknown
b5909981-b63c-45e7-a7ec-0ea7c3aefdbe,"Maimonides on the ""Decline of the Generations"" and the Nature of Rabbinic Authority",Menachem Kellner,,SKIPPED,,needs_review=true,,,"Maimonides on the ""Decline of the Generations"" and the Nature of Rabbinic Authority",Menachem Kellner
b5a79207-c068-4df3-8751-f09c94511a88,Nomos und Physis,Felix Heinimann,,SKIPPED,,needs_review=true,,,Nomos und Physis,Felix Heinimann
b5acf1a9-45f3-4ff5-b77f-2eb2b465f4f0,EINFÜHRUNG IN DIE RÖMISCHE METRIK,HANS DREXLER,,SKIPPED,,needs_review=true,,,EINFÜHRUNG IN DIE RÖMISCHE METRIK,HANS DREXLER
b5c5eae5-b4b7-4f2e-8572-7038fa0ae251,The Order of Things,Michel Foucault,,SKIPPED,,needs_review=true,,,The Order of Things,Michel Foucault
b5cbeddc-4b5b-4a6e-88db-bd70828435f9,A Handbook of Greek Mythology,H.J. Rose,,SKIPPED,,needs_review=true,,,A Handbook of Greek Mythology,H.J. Rose
b5cd56de-bafa-455b-b1c3-60fd25331097,Argonautica,"Apollonius Rhodius, Hermann Fraenkel",,SKIPPED,,needs_review=true,,,Argonautica,"Apollonius Rhodius, Hermann Fraenkel"
b5d794ea-7d6c-4faa-8b1f-4d8126d0903e,The Book of Jewish Knowledge,Nathan Ausubel,,SKIPPED,,needs_review=true,,,The Book of Jewish Knowledge,Nathan Ausubel
b601b759-fc64-4091-bfb8-ecadde2081a5,GUIDEBOOK FOR SEPHARDIC AND ORIENTAL GENEALOGICAL SOURCES IN ISRAEL,Mathilde A. Tagger & Yitzchak Kerem,,SKIPPED,,needs_review=true,,,GUIDEBOOK FOR SEPHARDIC AND ORIENTAL GENEALOGICAL SOURCES IN ISRAEL,Mathilde A. Tagger & Yitzchak Kerem
b605bce4-2650-44dd-ab46-a1497e3cc51b,Poetarum Melicorum Graecorum Fragmenta,M. Davies,,SKIPPED,,needs_review=true,,,Poetarum Melicorum Graecorum Fragmenta,M. Davies
b60e5394-af68-4d0e-873b-f66c0f7fe5f9,LITTLE BEAR,ELSE HOLMELUND MINARIK,,SKIPPED,,needs_review=true,,,LITTLE BEAR,ELSE HOLMELUND MINARIK
b6130e2f-de92-49bc-92ec-788aac04aaee,Maimonides' Principles: The Fundamentals of Jewish Faith,Aryeh Kaplan,,SKIPPED,,needs_review=true,,,Maimonides' Principles: The Fundamentals of Jewish Faith,Aryeh Kaplan
b61463f7-93c3-4e7e-a01c-3e801df20b45,Personal patronage under the early Empire,Richard P. Saller,,SKIPPED,,needs_review=true,,,Personal patronage under the early Empire,Richard P. Saller
b632fe6b-bcbf-4605-a8fc-c8c48f29c6ba,Manasseh of Ilya,Yitzhak Barzilay,,SKIPPED,,needs_review=true,,,Manasseh of Ilya,Yitzhak Barzilay
b63eec15-4a16-4c91-ac95-1b39f6f44bfb,German Idealism,"John Witte, Jr. and Michael J. Broyd",,SKIPPED,,needs_review=true,,,German Idealism,"John Witte, Jr. and Michael J. Broyd"
b63ff692-b53a-4434-972c-405a5706d187,The Decrees of the Demotionidai,"Charles W. Hedrick, Jr.",,SKIPPED,,needs_review=true,,,The Decrees of the Demotionidai,"Charles W. Hedrick, Jr."
b643ecb0-3746-46c6-b042-2389b2fdae68,A GLIMPSE OF LIGHT,Dr. J. Schamroth,,SKIPPED,,needs_review=true,,,A GLIMPSE OF LIGHT,Dr. J. Schamroth
b647d36c-1847-46d2-a6eb-8f729140e711,Les Jeux Sont Faits,Jean-Paul Sartre,,SKIPPED,,needs_review=true,,,Les Jeux Sont Faits,Jean-Paul Sartre
b658f2ff-c85c-492b-b9c9-1f9503bc239f,The Social Origins of Modern Middle,Gerber,,SKIPPED,,needs_review=true,,,The Social Origins of Modern Middle,Gerber
b66e8dc3-dd94-4504-9c61-1385c6ae94ed,Kosmas: Czechoslovak and Central European Journal,Unknown,,SKIPPED,,needs_review=true,,,Kosmas: Czechoslovak and Central European Journal,Unknown
b67bda08-6528-4ba3-b7c7-893829ee1c27,SO LAUGH A LITTLE,ETH CLIFFORD ROSENBERG,,SKIPPED,,needs_review=true,,,SO LAUGH A LITTLE,ETH CLIFFORD ROSENBERG
b67c4ec4-9d2d-4cad-8e09-1049bb050009,Diccionario de Autoridades,Unknown,,SKIPPED,,needs_review=true,,,Diccionario de Autoridades,Unknown
b6877726-c922-477f-b3c9-2d5f0e3256fb,philosophy for linguists,SIOBHAN CHAPMAN,,SKIPPED,,needs_review=true,,,philosophy for linguists,SIOBHAN CHAPMAN
b68fec60-3e8d-4946-9e7a-979244f7a770,כנסת לחזן,יהושע ליב נאמן,,SKIPPED,,needs_review=true,,,כנסת לחזן,יהושע ליב נאמן
b6950216-1cdf-49e5-80c9-1d40faef583d,PALESTINE DIARY,Lt.-Colonel F. H. KISCH,,SKIPPED,,needs_review=true,,,PALESTINE DIARY,Lt.-Colonel F. H. KISCH
b69669d6-25ae-407c-9652-60e911a432e9,Homer Odyssey Volume II,"Alfred Heubeck, Arie Hoekstra",,SKIPPED,,needs_review=true,,,Homer Odyssey Volume II,"Alfred Heubeck, Arie Hoekstra"
b6ab6082-d479-49ac-b94a-ea4d5220122a,Phoenix Volume XLV No. 1,Unknown,,SKIPPED,,needs_review=true,,,Phoenix Volume XLV No. 1,Unknown
b6abcee3-9cf6-4dab-9296-64d8f9284486,Reader in Medical Librarianship,Winifred Sewell,,SKIPPED,,needs_review=true,,,Reader in Medical Librarianship,Winifred Sewell
b6b5333f-9d89-454c-b534-d901aa1212a7,Reader in Documents of International Organizations,Robert D. Stevens and Helen C. Stevens,,SKIPPED,,needs_review=true,,,Reader in Documents of International Organizations,Robert D. Stevens and Helen C. Stevens
b6bb683f-8093-4f8e-8160-5ae773735c25,The Character of Xenophon's Hellenica,Vivienne Gray,,SKIPPED,,needs_review=true,,,The Character of Xenophon's Hellenica,Vivienne Gray
b6be877c-2cb0-41cd-bb35-56504f9e5ea5,Hayy Ibn Yaqzan,"Ibn Tufayl, Lenn Evan Goodman (translator)",,SKIPPED,,needs_review=true,,,Hayy Ibn Yaqzan,"Ibn Tufayl, Lenn Evan Goodman (translator)"
b6d99cb7-0b0d-4714-b741-063f4141dc8e,BAALTFILLAH,ABRAHAM BAER,,SKIPPED,,needs_review=true,,,BAALTFILLAH,ABRAHAM BAER
b6e2b064-833c-4cab-909b-6f08ed43bf74,Jewish Apostasy in the Modern World,TODD M. ENDELMAN,,SKIPPED,,needs_review=true,,,Jewish Apostasy in the Modern World,TODD M. ENDELMAN
b701d13d-17bf-46c7-a810-e0ffb931c222,THE CROWN OF SONG Metaphor in Pindar,Deborah Steiner,,SKIPPED,,needs_review=true,,,THE CROWN OF SONG Metaphor in Pindar,Deborah Steiner
b70861f3-9fa4-4c23-847e-ee5de1c4090e,Comoediae. Tomvs I.,Alfredi Fleckeiseni,,SKIPPED,,needs_review=true,,,Comoediae. Tomvs I.,Alfredi Fleckeiseni
b71a9819-7f92-40a2-8de6-f8b39357d512,YESHIVA CHOFETZ CHAIM OF RADIN,Unknown,,SKIPPED,,needs_review=true,,,YESHIVA CHOFETZ CHAIM OF RADIN,Unknown
b72871e2-ec39-497b-a8a9-2a2560f8bbee,Hebrew manuscripts at Cambridge University Library,Stefan C. Reif,,SKIPPED,,needs_review=true,,,Hebrew manuscripts at Cambridge University Library,Stefan C. Reif
b73656ba-3f2b-44d1-b813-6f7ea955a99a,The Transposed Heads,Thomas Mann,,SKIPPED,,needs_review=true,,,The Transposed Heads,Thomas Mann
b7377794-2ae8-4055-92c8-61fdbba1bb76,Robin Hood,Roger Lancelyn Green,,SKIPPED,,needs_review=true,,,Robin Hood,Roger Lancelyn Green
b746ce7f-5f7d-4b67-9edb-477569e7a87a,An Outline of Modern Psychology,Harriman,,SKIPPED,,needs_review=true,,,An Outline of Modern Psychology,Harriman
b74743dd-c0ae-40b8-9f9f-9f567f7eb2f8,Immortality and Freedom,Mircea Eliade,,SKIPPED,,needs_review=true,,,Immortality and Freedom,Mircea Eliade
b75a1d8a-a828-49ee-b4a5-3b7b36011c27,Thinking Between Gersonides Cosmology Pierre Duhem,Littman Shapiro Stern,,SKIPPED,,needs_review=true,,,Thinking Between Gersonides Cosmology Pierre Duhem,Littman Shapiro Stern
b76d5034-ce12-4406-ac09-635019b8e184,"Moira: Fate, Good, & Evil in Greek Thought",William Chase Greene,,SKIPPED,,needs_review=true,,,"Moira: Fate, Good, & Evil in Greek Thought",William Chase Greene
b76fde31-5fdb-4eb2-89f9-8d588fcf7561,Origin and History of the Calcutta Jews,Isaac S. Abraham,,SKIPPED,,needs_review=true,,,Origin and History of the Calcutta Jews,Isaac S. Abraham
b7700395-98c1-4aed-ab3c-815117fa4609,Judson's English Burmese Dictionary,A. Judson,,SKIPPED,,needs_review=true,,,Judson's English Burmese Dictionary,A. Judson
b784b144-2dfd-4765-9964-ad12794d3a32,King of the Confessors,Thomas Hoving,,SKIPPED,,needs_review=true,,,King of the Confessors,Thomas Hoving
b78bdbea-8f37-46f3-9c26-2c0b9d5c4523,Two Part Sabbath Morning Selections,Noah Schall,,SKIPPED,,needs_review=true,,,Two Part Sabbath Morning Selections,Noah Schall
b7951922-c48e-47a8-ba36-f9f394bebb0d,Brighton Rock,Graham Greene,,SKIPPED,,needs_review=true,,,Brighton Rock,Graham Greene
b79e13ac-b46a-4c21-9ac5-ebb9b7c0c29c,Isopolitie,Wilfried Gawantka,,SKIPPED,,needs_review=true,,,Isopolitie,Wilfried Gawantka
b7af1d9e-4984-4847-9951-769d3df65049,Der ausgewählten Gedichte anderer Teil,Rainer Maria Rilke,,SKIPPED,,needs_review=true,,,Der ausgewählten Gedichte anderer Teil,Rainer Maria Rilke
b7b4261a-5497-4662-8625-eaf1d10a679f,MINORITIES IN THE MIDDLE,WALTER P. ZENNER,,SKIPPED,,needs_review=true,,,MINORITIES IN THE MIDDLE,WALTER P. ZENNER
b7c3e111-08d3-4a30-bd12-6e2290591e24,Erinnerungen,Max Lazarus,,SKIPPED,,needs_review=true,,,Erinnerungen,Max Lazarus
b7cc811d-6f72-4b3d-8406-4197e3e3c7fb,Caravaggio in Sicilia,Unknown,,SKIPPED,,needs_review=true,,,Caravaggio in Sicilia,Unknown
b7d61439-f00b-4d86-9ac5-bcb356564414,Minorities in American Society,Marden Meyer,,SKIPPED,,needs_review=true,,,Minorities in American Society,Marden Meyer
b7eee70f-c179-4bb5-aac1-4dcce65a8cbf,BRAHMS SONATA in D major-Opus 78,"LORDANO FEDORA, JANOS STARKER",,SKIPPED,,needs_review=true,,,BRAHMS SONATA in D major-Opus 78,"LORDANO FEDORA, JANOS STARKER"
b7f19a9c-4f7b-41d5-b22c-4cba11400f75,וקירור,הגולץ,,SKIPPED,,needs_review=true,,,וקירור,הגולץ
b8072e3f-955d-43dc-92bc-5e8703001b99,ור,Unknown,,SKIPPED,,needs_review=true,,,ור,Unknown
b8bf9dbb-a1fc-4220-a12a-8ecdd3959bb1,--und nächstes Jahr in Jerusalem?,Manfred Frank Schenke,,SKIPPED,,"status=""failed""",,,--und nächstes Jahr in Jerusalem?,Manfred Frank Schenke
000d9c93-8c84-4146-943c-2b786b3460b0,"A Second Browser's Dictionary, and Native's Guide to the Unknown American Language",John Ciardi,,INSERT,,no match found,,,"A Second Browser's Dictionary, and Native's Guide to the Unknown American Language",John Ciardi
0013bb2b-34d0-47aa-aeeb-7567f8a6c7c5,The Religious Life of Man,Hopkins,,INSERT,,no match found,,,The Religious Life of Man,Hopkins
0014f545-6717-4b75-bb40-2e25bbd406c4,Les Ennéades de Plotin,Plotin,,INSERT,,no match found,,,Les Ennéades de Plotin,Plotin
002e30ca-ceb5-46ff-a685-92d933c22563,The Philosophy of Plotinus,William Ralph Inge,,INSERT,,no match found,,,The Philosophy of Plotinus,William Ralph Inge
00317ac5-fcc9-49be-87e9-ac634f4a6f18,Fauvism,Sarah Whitfield,,INSERT,,no match found,,,Fauvism,Sarah Whitfield
00336aab-cab2-4227-8d09-e50ac7ff791f,Israel of Tomorrow,Leo Jung,,INSERT,,no match found,,,Israel of Tomorrow,Leo Jung
0049e10f-ea94-4fd2-92a7-3c3e997cacd8,The Great Jewish Books,Samuel Caplan; Harold U. Ribalow,,INSERT,,no match found,,,The Great Jewish Books,Samuel Caplan; Harold U. Ribalow
005a9793-d746-4263-a645-784107041399,The Phoenix Project,Gene Kim; Kevin Behr; George Spafford,title+author(exact),BLOCKED,,title length ratio 2.14 > 1.5; title similarity 0.893 < 0.92,The Phoenix,Unknown,The Phoenix Project,Gene Kim; Kevin Behr; George Spafford
006c7f7f-eaa9-46d7-be3b-e46c07820831,A Homeric Dictionary for Use in Schools and Colleges,Georg Autenrieth,title+author(exact),UPDATE,year|language,,A Homeric Dictionary for Use in Schools and Colleges,Georg Autenrieth,A Homeric Dictionary for Use in Schools and Colleges,Georg Autenrieth
0070e8aa-2270-499a-b04c-8766c8ace4f7,Aristotle's De Motu Animalium,Martha Craven Nussbaum,title+author(exact),UPDATE,year|language,,Aristotle's De Motu Animalium,Martha Craven Nussbaum,Aristotle's De Motu Animalium,Martha Craven Nussbaum
007d89c6-b15d-4636-9274-e5af037c98ba,Célébration biblique,Elie Wiesel,title+author(exact),UPDATE,year|language,,Célébration biblique,Elie Wiesel,Célébration biblique,Elie Wiesel
00977c21-9ff8-42c2-a436-68d410c18c37,Agamemnon,Aeschylus; Eduard Fraenkel,title+author(exact),UPDATE,year|language,,Agamemnon,Aeschylus; Eduard Fraenkel,Agamemnon,Aeschylus; Eduard Fraenkel
009d1835-7770-4495-8487-fcd22769fbd9,Azure Cloud Projects,Hamid Sadeghpour Saleh,,INSERT,,no match found,,,Azure Cloud Projects,Hamid Sadeghpour Saleh
00aa4e0b-383e-4f09-9b03-74ce7c820704,Le Traitement des prisonniers de guerre dans la Grèce antique,Pierre Ducrey,,INSERT,,no match found,,,Le Traitement des prisonniers de guerre dans la Grèce antique,Pierre Ducrey
00ac85df-bca4-4971-bfb0-e9aeac1ca4b2,Endurance,Amnon Ajzenstadt,,INSERT,,no match found,,,Endurance,Amnon Ajzenstadt
00adb2a9-20b1-40a5-8bab-3303bee65e49,Psychoanalytic Therapy,Franz Alexander,,INSERT,,no match found,,,Psychoanalytic Therapy,Franz Alexander
00b13b9c-b127-45ce-993e-80e2bdbcb195,The Book of Tahkemoni,Judah Alharizi,,INSERT,,no match found,,,The Book of Tahkemoni,Judah Alharizi
00c5797c-1b84-4dd6-8dd1-b5131caf6682,The Middle East and the United States,David W. Lesch,title+author(exact),BLOCKED,,title similarity 0.859 < 0.92,The Middle East Yesterday and Today,David W. Miller and Clark D. Moore,The Middle East and the United States,David W. Lesch
01066c64-8d2e-43d6-a6dd-ca1145fd48ba,The Mother's Encyclopedia,P.P. - New York. - Parents' Magazine,,INSERT,,no match found,,,The Mother's Encyclopedia,P.P. - New York. - Parents' Magazine
011a353c-ded6-43eb-af7e-129e05ffff7e,A Dictionary of Biology,Michael Abercrombie; Clarence James Hickman; M. L. Johnson,,INSERT,,no match found,,,A Dictionary of Biology,Michael Abercrombie; Clarence James Hickman; M. L. Johnson
01226947-9da3-4bae-a938-12d25f368d69,Introduction to the Talmud and Midrash,Hermann L. Strack,title+author(exact),UPDATE,year|language,,Introduction to the Talmud and Midrash,Hermann L. Strack,Introduction to the Talmud and Midrash,Hermann L. Strack
0134ed94-2614-490e-bf5b-a924e07b50a7,Response to Modernity,Michael A. Meyer,,INSERT,,no match found,,,Response to Modernity,Michael A. Meyer
01477802-0471-4fe2-8f05-23874309244f,Israel Salanter,Hillel Goldberg,,INSERT,,no match found,,,Israel Salanter,Hillel Goldberg
014c8f3d-59a1-4bb3-b2e1-d3ca6de7ab21,The Hacker,Ken Corre,title+author(exact),BLOCKED,,title similarity 0.589 < 0.92,THE CORRE,Unknown,The Hacker,Ken Corre
014fdc3b-1620-4279-9337-820a2b43e5f5,Rabbi Esriel Hildesheimer and the Creation of a Modern Jewish Orthodoxy,David Ellenson,,INSERT,,no match found,,,Rabbi Esriel Hildesheimer and the Creation of a Modern Jewish Orthodoxy,David Ellenson
017c1f1c-0783-4157-86e7-09c766e124a2,Mansfield Park,Jane Austen,,INSERT,,no match found,,,Mansfield Park,Jane Austen
017cab56-9075-4360-b2cd-68fb6b6771eb,Aristophanes and the comic hero,Cedric H. Whitman,,INSERT,,no match found,,,Aristophanes and the comic hero,Cedric H. Whitman
018e9146-80dd-41c1-af2c-fe264dfd5f65,The Cambridge Companion to Bacon,Markku Peltonen,,INSERT,,no match found,,,The Cambridge Companion to Bacon,Markku Peltonen
01966fc2-5c5a-4fcc-82a5-b5324beef523,The Protestant Ethic and the Spirit of Capitalism,Max Weber,,INSERT,,no match found,,,The Protestant Ethic and the Spirit of Capitalism,Max Weber
01aef9fd-f110-4320-9f41-901bb3d26165,Yossel Rakover Speaks to God,Zvi Kolitz,,INSERT,,no match found,,,Yossel Rakover Speaks to God,Zvi Kolitz
01b218f4-9d08-4341-98bc-7c5eb7179a5a,The Encyclopaedia Britannica,Thomas Spencer Baynes,title+author(exact),UPDATE,year|language,,The Encyclopaedia Britannica,Thomas Spencer Baynes,The Encyclopaedia Britannica,Thomas Spencer Baynes
01c11f42-1b9e-4ec9-b308-5a69e8a292db,The Root and the Branch,Robert Gordis,title+author(exact),UPDATE,title|year|language,,The Root And The Branch,Robert Gordis,The Root and the Branch,Robert Gordis
01cd2597-2baf-4cf6-965d-46bc29cd1860,Proceedings of the 1974 Clinic on Library Applications of Data Processing,Frederick Wilfrid Lancaster,,INSERT,,no match found,,,Proceedings of the 1974 Clinic on Library Applications of Data Processing,Frederick Wilfrid Lancaster
01d96f88-79c7-4667-9723-5c6c7b20cf3d,Moralia,Plutarchus,,INSERT,,no match found,,,Moralia,Plutarchus
01de9bcb-abac-49a5-8001-ada352f4c7b2,Palmström,Christian Morgenstern,,INSERT,,no match found,,,Palmström,Christian Morgenstern
01e108cd-8b48-4243-b649-ec4d8236935e,Méthode élémentaire et graduée d'écriture et de lecture musicales,Paul André,,INSERT,,no match found,,,Méthode élémentaire et graduée d'écriture et de lecture musicales,Paul André
01e4b2b5-3542-42cd-9e21-3644d3097c31,The Library Journal,"W: E. A. Axon, George Bullen, H: A. Homes, J. D. Mullins et al.",,INSERT,,no match found,,,The Library Journal,"W: E. A. Axon, George Bullen, H: A. Homes, J. D. Mullins et al."
01fa7a38-19ce-4d7a-807c-a497db8aad54,Philosophy: Advanced Test,Mark Steiner; Judith F. Tormey,,INSERT,,no match found,,,Philosophy: Advanced Test,Mark Steiner; Judith F. Tormey
01ffad99-eb03-48b4-a09b-cc8f8f725685,Heinrich Heines sämtliche Werke,Heinrich Heine,,INSERT,,no match found,,,Heinrich Heines sämtliche Werke,Heinrich Heine
02016a2e-a25a-468f-9c2c-f750ecbf6010,"An historical description of the Tower of London, and its curiosities, etc",Tower of London (LONDON),,INSERT,,no match found,,,"An historical description of the Tower of London, and its curiosities, etc",Tower of London (LONDON)
0206c55b-f251-4d74-880e-3036c8b6d42f,The Metropolitan Museum of Art Bulletin,"Metropolitan Museum of Art New York, NY",,INSERT,,no match found,,,The Metropolitan Museum of Art Bulletin,"Metropolitan Museum of Art New York, NY"
020bcb59-92e0-4de7-8717-83ffa96de35c,Adolf Furtwängler,Walter Herwig Schuchhardt,,INSERT,,no match found,,,Adolf Furtwängler,Walter Herwig Schuchhardt
02374a42-434d-4834-8684-3262d01e3a36,Aristophanes II.,Aristophanes,fuzzy(0.923),BLOCKED,,author similarity 0.344 < 0.75,ARISTOPHANIS COMOEDIAE,"F. W. HALL, W. M. GELDART",Aristophanes II.,Aristophanes
02479fa6-1d42-40a4-98c5-3664093b1d01,"Sonata in A Minor, ""Arpeggione,""",Franz Schubert,,INSERT,,no match found,,,"Sonata in A Minor, ""Arpeggione,""",Franz Schubert
0254f61f-5f41-4caa-9471-82d9b0b44712,The Cambridge Companion to Heidegger,Charles Guignon,,INSERT,,no match found,,,The Cambridge Companion to Heidegger,Charles Guignon
02597d1c-8daf-4d94-ad4f-d79328cb2b28,Greek,Geoffrey Horrocks,,INSERT,,no match found,,,Greek,Geoffrey Horrocks
025bde72-0eb8-4584-9bc9-ec9b1cf5d33a,Jesus the Jew,Emeritus Professor of Jewish Studies Geza Vermes; Geza Vermes,,INSERT,,no match found,,,Jesus the Jew,Emeritus Professor of Jewish Studies Geza Vermes; Geza Vermes
026a3aed-170e-4b16-9b11-859e45967b0e,Encyclopedia of Indian Philosophies,Gerald Larson,title+author(exact),BLOCKED,,title length ratio 2.40 > 1.5; title similarity 0.883 < 0.92,ENCYCLOPEDIA OF INDIAN PHILOSOPHIES Volume XII Yoga: India's Philosophy of Meditation,"GERALD JAMES LARSON, RAM SHANKAR BHATTACHARYA",Encyclopedia of Indian Philosophies,Gerald Larson
027df65c-11a8-4338-ad59-af76196a3755,The Program in Judaic Studies,Brown University,,INSERT,,no match found,,,The Program in Judaic Studies,Brown University
0282320c-5cc8-4e3a-b887-13c8d294635f,Dear Chard,Jel Evans,,INSERT,,no match found,,,Dear Chard,Jel Evans
02893821-565f-40dc-906e-bac9206016bb,Swahili Language Handbook,Edgar C. Polomé,,INSERT,,no match found,,,Swahili Language Handbook,Edgar C. Polomé
029b0fed-538f-4abe-994c-00ed32c04f3b,The Ten Commandments in History and Tradition,Ben-Tsiyon Segal; Gershon Levi,,INSERT,,no match found,,,The Ten Commandments in History and Tradition,Ben-Tsiyon Segal; Gershon Levi
02a492cc-a243-4c14-891a-463454d15b49,Greeks and Pre-Greeks,Margalit Finkelberg,,INSERT,,no match found,,,Greeks and Pre-Greeks,Margalit Finkelberg
02ab421a-75be-494f-bb1b-e5fd2f02265f,"Learner's Swahili-English, English-Swahili Dictionary",Ali Jahadhmy,,INSERT,,no match found,,,"Learner's Swahili-English, English-Swahili Dictionary",Ali Jahadhmy
02b4623e-3536-4050-aa36-ba7d6766c214,Greek Literature for the Modern Reader,H. C. Baldry,,INSERT,,no match found,,,Greek Literature for the Modern Reader,H. C. Baldry
02c20af7-52fb-4447-9517-0bf273cfd09b,"Gilbert Murray, a Life",Francis West,,INSERT,,no match found,,,"Gilbert Murray, a Life",Francis West
02c30632-9fcd-453a-9a9b-af626648e5d1,The Phoenix Project,Gene Kim; Kevin Behr; George Spafford,title+author(exact),BLOCKED,,title length ratio 2.14 > 1.5; title similarity 0.893 < 0.92,The Phoenix,Unknown,The Phoenix Project,Gene Kim; Kevin Behr; George Spafford
02c309ec-620a-4830-8d2c-50bc268e3914,Mozart,Otto Erich Deutsch,,INSERT,,no match found,,,Mozart,Otto Erich Deutsch
02d6c4b0-3ef0-4d82-81b7-67df93231263,Collected Writings in Jewish Studies,Efraim Elimelech Urbach,,INSERT,,no match found,,,Collected Writings in Jewish Studies,Efraim Elimelech Urbach
02d98313-638d-4815-a724-dd9f1e8d81f3,New English-Croatian and Croatian-English Dictionary,F.A. Bogadek,,INSERT,,no match found,,,New English-Croatian and Croatian-English Dictionary,F.A. Bogadek
02da4ba4-cd6c-407e-bc38-157640a017ed,Commentaire. De Vienne a Alger. 1938-1944,Jean Chauvel,,INSERT,,no match found,,,Commentaire. De Vienne a Alger. 1938-1944,Jean Chauvel
02e444e8-7327-42bb-8de6-efe67d1726d3,On Jewish Law and Lore,Louis Ginzberg,,INSERT,,no match found,,,On Jewish Law and Lore,Louis Ginzberg
03011b7c-3cde-4c34-a5f5-c53b2df093da,La DerniEre Rose - Edition Bilingue Cata,Ven. S.,,INSERT,,no match found,,,La DerniEre Rose - Edition Bilingue Cata,Ven. S.
030c1a89-d80d-475d-a63c-2c4c2cea5a7b,Symphony no. 31,Wolfgang Amadeus Mozart,,INSERT,,no match found,,,Symphony no. 31,Wolfgang Amadeus Mozart
0324102f-12f9-47e3-ad3f-7aa2bcc2ee3c,The Odyssey,Homer,,INSERT,,no match found,,,The Odyssey,Homer
0324da75-005e-4dd1-a0ca-b0aad6ac7dd7,The Journey Through Wales and the Description of Wales,Gerald of Wales,,INSERT,,no match found,,,The Journey Through Wales and the Description of Wales,Gerald of Wales
03264c2c-2b54-4d46-980e-2c1d9423bde8,"Historic Hospitals of Europe, 1200-1981",Grace Goldin,,INSERT,,no match found,,,"Historic Hospitals of Europe, 1200-1981",Grace Goldin
032b8656-86cb-4b8e-8096-f92a03f374b3,The Oxford companion to classical literature,Sir Paul Harvey,,INSERT,,no match found,,,The Oxford companion to classical literature,Sir Paul Harvey
0335751a-3a61-48a1-bf88-f4b3f3eed7c6,Schwind,Georg Jacob Wolf,,INSERT,,no match found,,,Schwind,Georg Jacob Wolf
0354abad-923b-4c00-90de-cdfd1f854a93,The Torah,Moses King James Version,title+author(exact),UPDATE,description|publisher|year|language,,The Torah,Moses King James Version,The Torah,Moses King James Version
035614ca-f139-4db7-a7b3-7e488db9d960,La poétique de François Villon,David Mus,,INSERT,,no match found,,,La poétique de François Villon,David Mus
0365acab-b514-4c14-92bb-9021ffb192bc,"Max Nussbaum, from Berlin to Hollywood",Max Nussbaum,title+author(exact),BLOCKED,,title length ratio 1.62 > 1.5; title similarity 0.615 < 0.92,From Berlin to Hollywood: A Mid-Century Vision of Jewish Life,"Max Nussbaum, edited by Lewis M. Barth with Ruth Nussbaum","Max Nussbaum, from Berlin to Hollywood",Max Nussbaum
0372f4d0-b66d-4ef8-b6d6-71d7c8f4a993,The Posthumous Papers Of The Pickwick Club,Charles Dickens,,INSERT,,no match found,,,The Posthumous Papers Of The Pickwick Club,Charles Dickens
039ecb70-b34d-4c9a-9002-46d0a7ab7b06,Tigrinya-English dictionary,Thomas Leiper Kane,,INSERT,,no match found,,,Tigrinya-English dictionary,Thomas Leiper Kane
03a293c1-2d8a-46f9-bfef-22f320e5d0e0,Archaic and Classical Greek Coins,Colin M. Kraay,,INSERT,,no match found,,,Archaic and Classical Greek Coins,Colin M. Kraay
03a3721b-68ef-42f4-adf4-6ed6787cc85c,I was a Doctor in Auschwitz,Dr. Gisella Perl,,INSERT,,no match found,,,I was a Doctor in Auschwitz,Dr. Gisella Perl
03a7bd28-e20d-4f4b-b804-2142a033d800,Barnaby Rudge,Charles Dickens,,INSERT,,no match found,,,Barnaby Rudge,Charles Dickens
03bc15ec-e257-4f51-acee-f245e479aebf,The Thousand and One Nights in Arabic Literature and Society,Richard G. Hovannisian; Georges Sabagh,,INSERT,,no match found,,,The Thousand and One Nights in Arabic Literature and Society,Richard G. Hovannisian; Georges Sabagh
03bd1d5c-6051-470f-9626-c478e702f258,Introduction to Set Theory and Logic,Robert Roth Stoll,,INSERT,,no match found,,,Introduction to Set Theory and Logic,Robert Roth Stoll
03c3bc66-0a35-43d8-aefe-64008002910c,Don Quixote,Richard Strauss,,INSERT,,no match found,,,Don Quixote,Richard Strauss
03e1516c-bc66-4d71-9add-a2bd7eef26ba,One Thousand and One Anecdotes ... Arranged and Edited by A.H. Miles,Alfred Henry MILES,,INSERT,,no match found,,,One Thousand and One Anecdotes ... Arranged and Edited by A.H. Miles,Alfred Henry MILES
03e44fee-7d20-4728-b6d4-dddb300bfa7d,Sarrasine,Honoré de Balzac,,INSERT,,no match found,,,Sarrasine,Honoré de Balzac
03eec743-9f68-464b-ad8d-2cccd4d1f462,Jewish Perspectives on the Experience of Suffering,Shalom Carmy,,INSERT,,no match found,,,Jewish Perspectives on the Experience of Suffering,Shalom Carmy
0406eb9a-a740-47a6-9fb2-6f99d3a33032,"Shir HaShirim, Song of Songs",Unknown,,INSERT,,no match found,,,"Shir HaShirim, Song of Songs",Unknown
040a55a2-53a4-413a-9787-3633f1a76cb8,Black Athena,Martin Bernal,,INSERT,,no match found,,,Black Athena,Martin Bernal
041a4984-ebd1-4712-a470-cb3fd67d017a,Mario und der Zauberer,Thomas Mann,,INSERT,,no match found,,,Mario und der Zauberer,Thomas Mann
042c3542-f44c-49d5-a71a-53139c2feb17,Journal of Halacha and Contemporary Society,Unknown,,INSERT,,no match found,,,Journal of Halacha and Contemporary Society,Unknown
04306e6e-7668-4aaa-a71e-fa584bc36b41,"Plato: Ethics, politics and philosophy of art and religion",Gregory Vlastos,title+author(exact),BLOCKED,,title similarity 0.906 < 0.92,"PLATO II: Ethics, Politics, and Philosophy of Art and Religion",Gregory Vlastos,"Plato: Ethics, politics and philosophy of art and religion",Gregory Vlastos
0431416c-04dc-48e4-af98-5e8148ac1274,Jewish Spiritual Practices,Yitzhak Buxbaum,,INSERT,,no match found,,,Jewish Spiritual Practices,Yitzhak Buxbaum
04344546-84ba-4375-bd9f-d3863d90790c,A Concise History of Mathematics,Dirk J. Struik,,INSERT,,no match found,,,A Concise History of Mathematics,Dirk J. Struik
043b5a06-a67f-4ad2-9423-1179b7c5fa60,Studies in Maimonides and His Interpreters,Marc B. Shapiro,,INSERT,,no match found,,,Studies in Maimonides and His Interpreters,Marc B. Shapiro
043f49a1-cdbe-44b6-a926-0678e3e5bac4,The River's End,James Oliver Curwood,,INSERT,,no match found,,,The River's End,James Oliver Curwood
0443aa4a-9412-4a9b-a9e3-5019d272171b,Anke Girl Woman Notebook,Fansinn Publishing,,INSERT,,no match found,,,Anke Girl Woman Notebook,Fansinn Publishing
0447b35d-bef1-461c-9c08-312a9cd026c3,"Clinical Behavior Therapy, Expanded",Marvin R. Goldfried; Gerald C. Davison,,INSERT,,no match found,,,"Clinical Behavior Therapy, Expanded",Marvin R. Goldfried; Gerald C. Davison
044f075c-c872-4619-b9e5-dc6bd9906d87,"Aspects of Scientific Explanation, and Other Essays in the Philosophy of Science",Carl G. Hempel,,INSERT,,no match found,,,"Aspects of Scientific Explanation, and Other Essays in the Philosophy of Science",Carl G. Hempel
0459f251-1ede-48eb-8190-2172142343f4,Lyrics in the Original Greek with Translations by Willis Barnstone,Sappho; Willis Barnstone,title+author(exact),BLOCKED,,title length ratio 2.36 > 1.5; title similarity 0.885 < 0.92,Lyrics in the Original Greek,Willis Barnstone,Lyrics in the Original Greek with Translations by Willis Barnstone,Sappho; Willis Barnstone
045d4bb0-9557-4c5f-9cd7-a8b1fdf91bda,Freedom from Headaches,"Joel R Saper, M.D.",,INSERT,,no match found,,,Freedom from Headaches,"Joel R Saper, M.D."
045e0ab4-8863-447a-95c4-8d0a3428274e,Histoire politique du monde hellénistique,Édouard Will,title+author(exact),UPDATE,year|language,,Histoire politique du monde hellénistique,Édouard Will,Histoire politique du monde hellénistique,Édouard Will
046292ea-8563-4bab-ad34-72ed0a37c062,The Phillips Collection in the Making,Ruth W. Spiegel,,INSERT,,no match found,,,The Phillips Collection in the Making,Ruth W. Spiegel
0463407f-89d4-4cec-a50f-0ed94f16daf7,The Wings of the Dove,Henry James,title+author(exact),BLOCKED,,author similarity 0.430 < 0.75,The Wings of the Dove,James,The Wings of the Dove,Henry James
04668eac-70a4-46e6-8c66-45a632b853ac,Das Eisenbahnunglück,Thomas Mann,,INSERT,,no match found,,,Das Eisenbahnunglück,Thomas Mann
0466be2f-fcb5-4aed-8978-64b7c6d28cf6,Transactions of the American Philological Association,American Philological Association,,INSERT,,no match found,,,Transactions of the American Philological Association,American Philological Association
0472c801-12c3-49f1-97bd-af090d6af7ae,"Symphonie Nr. 2, D Major, Op. 43",Jean Sibelius,,INSERT,,no match found,,,"Symphonie Nr. 2, D Major, Op. 43",Jean Sibelius
047f2c0f-e4ca-41a1-80e9-6a9b7122a033,A Prince Without a Kingdom,Geoffrey Herman,,INSERT,,no match found,,,A Prince Without a Kingdom,Geoffrey Herman
04801d68-4651-4f7c-a7dc-cd1659b8015f,Einstein's Cosmos,Michio Kaku,,INSERT,,no match found,,,Einstein's Cosmos,Michio Kaku
0484caf9-c13d-4205-9159-d6e66654bf11,Schubert's songs to texts by Goethe,Franz Schubert; Stanley Appelbaum,,INSERT,,no match found,,,Schubert's songs to texts by Goethe,Franz Schubert; Stanley Appelbaum
048e10b2-d553-4713-8f66-aed0a24ba2f1,The Origins & Development of Classical Hinduism,A.L. Basham; Kenneth G. Zysk,,INSERT,,no match found,,,The Origins & Development of Classical Hinduism,A.L. Basham; Kenneth G. Zysk
048f1612-949f-489c-bef4-a375cfe48905,The Early Kabbalah,Joseph Dan; Ronald C. Kiener,,INSERT,,no match found,,,The Early Kabbalah,Joseph Dan; Ronald C. Kiener
0491e930-2104-4631-9053-a1775b9a4c91,Scholia Platonica,William Chase Greene,title+author(exact),UPDATE,year|language,,Scholia Platonica,William Chase Greene,Scholia Platonica,William Chase Greene
04954b92-d94a-4dc2-9f83-7f2e947f3933,Essay on Milton ; Life and Writings of Addison,Thomas Babington Macaulay Baron Macaulay,title+author(exact),BLOCKED,,title length ratio 1.63 > 1.5; title similarity 0.882 < 0.92; author similarity 0.650 < 0.75,ESSAY ON MILTON AND ADDISON,MACAULAY,Essay on Milton ; Life and Writings of Addison,Thomas Babington Macaulay Baron Macaulay
04954f14-a427-470f-91cf-24d27cc9bf52,American journal of ancient history,Unknown,,INSERT,,no match found,,,American journal of ancient history,Unknown
04ad3823-ccfa-4115-93b5-a8d249a23d5a,Stories of Three Decades,Thomas Mann,,INSERT,,no match found,,,Stories of Three Decades,Thomas Mann
04af196d-9eb5-405f-ab93-2b7b9375e87a,Jan de Bisschop and His Icones & Paradigmata. Classical Antiquities. . . Vol. I.,Jan G.Van Gelder,,INSERT,,no match found,,,Jan de Bisschop and His Icones & Paradigmata. Classical Antiquities. . . Vol. I.,Jan G.Van Gelder
04c1c6d2-7a22-4d0e-aaf5-bae43fbfd2c6,Killing Freud,Todd Dufresne,,INSERT,,no match found,,,Killing Freud,Todd Dufresne
04c633db-0085-4cd2-bb26-6bd1efbd7cd9,The Joy of Music,Leonard Bernstein,,INSERT,,no match found,,,The Joy of Music,Leonard Bernstein
04d74275-f559-495b-b377-985111bde990,Collected Poems 1934-1952,DYLAN. THOMAS,fuzzy(0.920),BLOCKED,,title length ratio 1.67 > 1.5; author similarity 0.426 < 0.75,Collected Poems,T. S. Eliot,Collected Poems 1934-1952,DYLAN. THOMAS
04ebb40a-7d01-43a2-952d-fb0e3e4319af,The Book of Tahkemoni,Judah Alharizi,,INSERT,,no match found,,,The Book of Tahkemoni,Judah Alharizi
04ef4253-50b1-4731-afe9-0fef219e5122,Scholar's Zulu Dictionary,G. R. Dent; C. L. S. Nyembezi,title+author(exact),UPDATE,year|language,,Scholar's Zulu Dictionary,G. R. Dent; C. L. S. Nyembezi,Scholar's Zulu Dictionary,G. R. Dent; C. L. S. Nyembezi
0509d356-9d25-4660-9dac-39c00e435d2b,The Route of Parmenides,Alexander P. D. Mourelatos,,INSERT,,no match found,,,The Route of Parmenides,Alexander P. D. Mourelatos
05259cf1-c0cd-46e2-aa57-2ea2a0ca0095,Shire Bet Adonai,Hirsch Weintraub,,INSERT,,no match found,,,Shire Bet Adonai,Hirsch Weintraub
0528f359-c525-40e7-ae4a-e7524a6577a0,Roman law,David Daube,,INSERT,,no match found,,,Roman law,David Daube
052ae06b-698e-4912-bb2c-2a82f712f63f,The Structure of the Synagogue Prayer-chant,Baruch Cohon,,INSERT,,no match found,,,The Structure of the Synagogue Prayer-chant,Baruch Cohon
052cf1a3-3aae-4c2e-b720-1cbbd5310ffc,Middle East Studies Association Bulletin,Unknown,title+author(exact),UPDATE,year|language,,Middle East Studies Association Bulletin,Unknown,Middle East Studies Association Bulletin,Unknown
053f9ca2-192f-47e2-856e-3713603465be,By Rocking-chair Across America,Alex Atkinson; Ronald Searle,,INSERT,,no match found,,,By Rocking-chair Across America,Alex Atkinson; Ronald Searle
05457b27-8cc8-4e7b-b45e-542d971be63e,Tzitzith,Aryeh Kaplan,,INSERT,,no match found,,,Tzitzith,Aryeh Kaplan
0546b995-fc7a-4991-8846-e2a16d1d400e,The Mystical Experience in Abraham Abulafia,Moshe Idel,,INSERT,,no match found,,,The Mystical Experience in Abraham Abulafia,Moshe Idel
055c9e96-cd9e-4266-bb85-8aa033c33d01,The Phoenix Project,Gene Kim; Kevin Behr; George Spafford,title+author(exact),BLOCKED,,title length ratio 2.14 > 1.5; title similarity 0.893 < 0.92,The Phoenix,Unknown,The Phoenix Project,Gene Kim; Kevin Behr; George Spafford
0562c630-98da-43c2-b3e5-bd7c55fc0f2a,Phoenix : the journal of the Classical Association of Canada,Classical Association of Canada,title+author(exact),BLOCKED,,title length ratio 8.29 > 1.5; title similarity 0.824 < 0.92,Phoenix,Classical Association of Canada,Phoenix : the journal of the Classical Association of Canada,Classical Association of Canada
057bf225-78a3-49a8-bd00-b2c6016609e4,The Cambridge Companion to Locke,Vere Claiborne Chappell,,INSERT,,no match found,,,The Cambridge Companion to Locke,Vere Claiborne Chappell
057f8334-2aec-489c-8856-600deca64eea,Exiles,James Joyce,,INSERT,,no match found,,,Exiles,James Joyce
05842164-39e1-45b8-b146-ff9c11f5a7a4,"APPIAN'S ROMAN HISTORY,.",HORACE. WHITE,,INSERT,,no match found,,,"APPIAN'S ROMAN HISTORY,.",HORACE. WHITE
0590eefb-f296-4f09-a3e6-9a7bc8c2ae4e,Manon Lescaut,Giacomo Puccini,,INSERT,,no match found,,,Manon Lescaut,Giacomo Puccini
059da92b-b59a-4223-9dca-052e888d7efa,Jews in the Economic and Political Life of Mediaeval Islam,Walter Joseph Fischel,,INSERT,,no match found,,,Jews in the Economic and Political Life of Mediaeval Islam,Walter Joseph Fischel
05b0318b-58a8-4e06-bb61-ea9bdea73bf7,History of Palestine,Angelo S. Rappoport,,INSERT,,no match found,,,History of Palestine,Angelo S. Rappoport
05b522a8-e416-4be5-b621-b905377db462,Symbola,Philippe Gauthier,,INSERT,,no match found,,,Symbola,Philippe Gauthier
05b9e093-5ed2-4ea4-9e97-58c1f5e92ac5,Histoire d'Angleterre,André Maurois; Michel Mohrt,,INSERT,,no match found,,,Histoire d'Angleterre,André Maurois; Michel Mohrt
05c1eea8-7edc-47bd-8359-1435fdfd68fd,The Complete Concordance to Shakespeare: Being a Verbal Index to All the Passages in the Dramatic Works of the Poet,Mary Cowden- Clarke,,INSERT,,no match found,,,The Complete Concordance to Shakespeare: Being a Verbal Index to All the Passages in the Dramatic Works of the Poet,Mary Cowden- Clarke
05cd8c91-92c5-445f-ba2b-d613db7467ce,Finlandia,Jean Sibelius,,INSERT,,no match found,,,Finlandia,Jean Sibelius
05cefb9f-a20d-465b-8f85-bd2e9a0f9a87,"US-206 Improvement, CR-518 to Somerville Circle, Somerset County",Unknown,,INSERT,,no match found,,,"US-206 Improvement, CR-518 to Somerville Circle, Somerset County",Unknown
05e41fcd-5cdd-4b9c-9cc3-ab2e74dc41b2,The Politics,Aristotle,,INSERT,,no match found,,,The Politics,Aristotle
05e7b711-c70b-4c29-9b50-602ff66630e5,The Structure of Thucydides' History,Hunter R. Rawlings III,,INSERT,,no match found,,,The Structure of Thucydides' History,Hunter R. Rawlings III
0613f4c4-2bd2-460d-9006-e1c855ba9977,Heinrich Von Kleist Samtliche Werke Und Briefe,Heinrich von Kleist,,INSERT,,no match found,,,Heinrich Von Kleist Samtliche Werke Und Briefe,Heinrich von Kleist
062241ba-bf13-40ca-9ca9-5ffe7cb2a855,The Brothers Karamazov,Fyodor Dostoyevsky,fuzzy(1.000),BLOCKED,,author similarity 0.719 < 0.75,The Brothers Karamazov,Dostoyevsky,The Brothers Karamazov,Fyodor Dostoyevsky
062d57e0-3c2c-4263-a9e1-47cf6026fcda,Freud Teaches Psychotherapy,Richard D. Chessick,,INSERT,,no match found,,,Freud Teaches Psychotherapy,Richard D. Chessick
0636a959-217e-4cae-add9-1e58d9cbb0ad,The Way of All Flesh,Samuel Butler,,INSERT,,no match found,,,The Way of All Flesh,Samuel Butler
063b3956-2271-404b-99e9-8044d444db1e,Great Prints & Printmakers,Herman Joel Wechsler,,INSERT,,no match found,,,Great Prints & Printmakers,Herman Joel Wechsler
063bbb7f-7d28-4476-9fe5-5dec77b70472,Sämtliche Musikdramen: Der fliegende Holländer,Richard Wagner,,INSERT,,no match found,,,Sämtliche Musikdramen: Der fliegende Holländer,Richard Wagner
064b5337-b081-4cac-9e7b-9abaf8389cbb,Tacitus,Ronald Syme,,INSERT,,no match found,,,Tacitus,Ronald Syme
065a19bc-3292-4a37-80c0-98eebf4c1c04,History of the Jews,Heinrich Graetz,fuzzy(0.965),BLOCKED,,author similarity 0.517 < 0.75,THE STORY OF THE JEWS,LEWIS BROWNE,History of the Jews,Heinrich Graetz
065c81a4-d61e-441d-afb1-3b477cb6e08e,The Jewish Encyclopedia,Cyrus Adler,fuzzy(1.000),UPDATE,author|publisher|year|language,,The Jewish Encyclopedia,"Cyrus Adler, Gotthard Deutsch, Louis Ginzberg, et al.",The Jewish Encyclopedia,Cyrus Adler
06644ac8-aa7b-4458-b384-485519350aef,A Living Covenant,David Hartman,,INSERT,,no match found,,,A Living Covenant,David Hartman
0669bdd9-3dfb-4847-a2be-74f63e64fb9c,Jewish Bioethics,Fred Rosner; J. David Bleich,,INSERT,,no match found,,,Jewish Bioethics,Fred Rosner; J. David Bleich
06702ca7-1cf6-44e1-aff0-01d9ff98ac04,"Autonomia, Its Genesis and Early History",Martin Ostwald,,INSERT,,no match found,,,"Autonomia, Its Genesis and Early History",Martin Ostwald
067f2f05-9d9d-4d92-a811-adc6bf14bae4,The Sassoons,Stanley Jackson,,INSERT,,no match found,,,The Sassoons,Stanley Jackson
0680953f-dac7-4ed7-b249-4334046f0f01,GESSI,Gabi Koepp,title+author(exact),BLOCKED,,author similarity 0.431 < 0.75,GESSI,Zahallesi Zylom,GESSI,Gabi Koepp
0684829f-113c-41d9-9762-d882e67641ad,Palto's Euthyphro and the Ealier Theory of Forms,R. E. Allen,,INSERT,,no match found,,,Palto's Euthyphro and the Ealier Theory of Forms,R. E. Allen
06851e50-c5c5-40b2-a8e8-4fd9269f963c,The Five Megilloth,Abraham Cohen,,INSERT,,no match found,,,The Five Megilloth,Abraham Cohen
06951a4e-bfbb-4582-9eb3-e0db98e026c3,Judeo Romance Languges,Isaac Benabu; Joseph Sermoneta,,INSERT,,no match found,,,Judeo Romance Languges,Isaac Benabu; Joseph Sermoneta
06ad90a0-5e13-4409-82b5-6471d3561a5a,One People?,Jonathan Sacks,,INSERT,,no match found,,,One People?,Jonathan Sacks
06b27016-027f-4203-812b-6589601a54aa,Interview with India,John Frederick Muehl,,INSERT,,no match found,,,Interview with India,John Frederick Muehl
06c0dddd-4dc2-45dc-94f4-12937ff1757c,Reading Greek,Joint Association of Classical Teachers,,INSERT,,no match found,,,Reading Greek,Joint Association of Classical Teachers
06c91fee-9ca9-4dad-9363-4b66ad316ec6,The Legend of the Baal-Shem,Martin Buber,,INSERT,,no match found,,,The Legend of the Baal-Shem,Martin Buber
06d264db-909f-4e3f-8c04-0661d3fe3958,The Miracle of Theism,J. L. MacKie,,INSERT,,no match found,,,The Miracle of Theism,J. L. MacKie
06f5649a-347a-4179-ae97-0e5b62b339f4,The responsabilities of journalism,Robert SCHMUHL,,INSERT,,no match found,,,The responsabilities of journalism,Robert SCHMUHL
06f8328d-69d8-42f5-96de-078766b1c06c,Tchaikovsky,David Brown,,INSERT,,no match found,,,Tchaikovsky,David Brown
07199cd9-08b5-412f-a40a-e2caca8a170b,Enchanting Powers,Lawrence Eugene Sullivan,,INSERT,,no match found,,,Enchanting Powers,Lawrence Eugene Sullivan
0719f6d5-6f06-48e5-a498-32a891e85a9f,Plato's Examination of Pleasure,Plato,title+author(exact),BLOCKED,,author similarity 0.527 < 0.75,Plato's Examination of Pleasure,R. Hackforth,Plato's Examination of Pleasure,Plato
0723549b-bc13-4824-93f3-79587290fef5,Only Connect,David H. Porter,,INSERT,,no match found,,,Only Connect,David H. Porter
072cbe81-1e6e-469d-afeb-444936c3733c,Catalogue of the Hebrew books in the Library of the British Museum,British Library. Department of Oriental Manuscripts and Printed Books,,INSERT,,no match found,,,Catalogue of the Hebrew books in the Library of the British Museum,British Library. Department of Oriental Manuscripts and Printed Books
0730c28f-859c-44d0-b50d-5cbaf29197bf,The Divine Comedy,Dante Alighieri,,INSERT,,no match found,,,The Divine Comedy,Dante Alighieri
073836ff-7d1b-4e4e-adab-560d39c011d1,Discourse on Method and the Meditations,René Descartes,,INSERT,,no match found,,,Discourse on Method and the Meditations,René Descartes
073e2cd5-6bc6-47fa-b739-0dd4e77000e2,Tour Israel,M. Gabrieli; Isaac Sachs,,INSERT,,no match found,,,Tour Israel,M. Gabrieli; Isaac Sachs
0748da7e-8459-49be-adc8-911dc5bfcda4,Ripley's Believe it Or Not!,Robert LeRoy Ripley,,INSERT,,no match found,,,Ripley's Believe it Or Not!,Robert LeRoy Ripley
075745d9-63eb-41e0-9638-8195ead72501,Santorini,Christos D̲oumas,,INSERT,,no match found,,,Santorini,Christos D̲oumas
075efdb3-c42e-4663-956c-1032dcebecde,The Time for Decision,Sumner Welles,,INSERT,,no match found,,,The Time for Decision,Sumner Welles
0767b8f3-ced4-4995-b903-1ef6bebb8cf2,A History of Private Life,Philippe Ariès; Georges Duby,,INSERT,,no match found,,,A History of Private Life,Philippe Ariès; Georges Duby
076eb269-357d-42eb-aa47-24bbf48e862f,Tradition,Jonathan Sacks; Erica Brown; Edward Reichman; Dov Finkelstein; J. Bleich; Shoshana Schechter; Pinchas Roth; Yoel Finkelman; Jeffrey Saks,title+author(exact),BLOCKED,,title length ratio 5.11 > 1.5; title similarity 0.839 < 0.92,Tradition: A Journal of Orthodox Jewish Thought,Unknown,Tradition,Jonathan Sacks; Erica Brown; Edward Reichman; Dov Finkelstein; J. Bleich; Shoshana Schechter; Pinchas Roth; Yoel Finkelman; Jeffrey Saks
076f018d-3771-4577-8c8c-71b067753969,A Rationale of Textual Criticism,G. Thomas Tanselle,,INSERT,,no match found,,,A Rationale of Textual Criticism,G. Thomas Tanselle
076f86b7-9039-45e5-bab1-5b70a50eafd5,Modern Painting and the Northern Romantic Tradition,Robert Rosenblum,,INSERT,,no match found,,,Modern Painting and the Northern Romantic Tradition,Robert Rosenblum
0771b94f-19a2-40de-87a9-f3654dbf023f,Messen,Joseph Haydn; Günter Thomas,,INSERT,,no match found,,,Messen,Joseph Haydn; Günter Thomas
077d7939-7edc-4c07-b2d8-891d97cb346e,"The Modern World, 1848 to the Present",Hans Kohn,,INSERT,,no match found,,,"The Modern World, 1848 to the Present",Hans Kohn
0787fd74-b08f-4863-a83a-0bd95080ad48,The Meters of Greek and Latin Poetry,James W. Halporn; Martin Ostwald; Thomas G. Rosenmeyer,,INSERT,,no match found,,,The Meters of Greek and Latin Poetry,James W. Halporn; Martin Ostwald; Thomas G. Rosenmeyer
078ad29b-827d-4cb5-bb4a-4123d1a1cad4,Proceedings of the Cambridge Philological Society,Cambridge Philological Society,,INSERT,,no match found,,,Proceedings of the Cambridge Philological Society,Cambridge Philological Society
078cdb79-5977-455d-96e8-1d9ffc29a66a,A Dictionary Of The Mixed Dialects And Foreign Words Used In Telugu,CHARLES PHILIP. BROWN,,INSERT,,no match found,,,A Dictionary Of The Mixed Dialects And Foreign Words Used In Telugu,CHARLES PHILIP. BROWN
07966b0a-49be-4617-9b2a-bf54f8957a40,Briefe - Zeugnisse deutscher Sprachkultur,Katrin Bibiella,,INSERT,,no match found,,,Briefe - Zeugnisse deutscher Sprachkultur,Katrin Bibiella
07a75202-74ca-4ed2-b2f7-37835eba3f88,Italienische Buchmalerei der Renaissance im 15. Jahrhundert,J.J.G. Alexander,,INSERT,,no match found,,,Italienische Buchmalerei der Renaissance im 15. Jahrhundert,J.J.G. Alexander
07ad3498-ae29-4d82-917e-44510cba8f17,215 ימים ששינו פני מולדתנו,M. Zinger,,INSERT,,no match found,,,215 ימים ששינו פני מולדתנו,M. Zinger
07af8656-f760-4d91-8b17-cd83e0eb172e,Concise Amharic Dictionary,Wolf Leslau,,INSERT,,no match found,,,Concise Amharic Dictionary,Wolf Leslau
07b759a4-1c01-465f-a4c7-3b3c91d2dc4a,Jewish Spirituality and Divine Law,Adam Mintz; Lawrence H. Schiffman,,INSERT,,no match found,,,Jewish Spirituality and Divine Law,Adam Mintz; Lawrence H. Schiffman
07be56c7-859a-4902-ab4e-7da1a9ff3283,"Ctesias' Persian History: Introduction, text, and translation",Ctesias; Jan P. Stronk,,INSERT,,no match found,,,"Ctesias' Persian History: Introduction, text, and translation",Ctesias; Jan P. Stronk
07cbef1a-6a67-4ee4-8eed-326ff59afc49,SSSS,Society for Social Studies of Science,,INSERT,,no match found,,,SSSS,Society for Social Studies of Science
07db6203-c176-4160-8124-e260f17d95af,The Apocrypha and Pseudepigrapha of the Old Testament,R.H.. Charles,,INSERT,,no match found,,,The Apocrypha and Pseudepigrapha of the Old Testament,R.H.. Charles
07e6c9d5-3dd2-4a5b-8c06-31255deaeef3,News and Society in the Greek Polis,Sian Lewis,,INSERT,,no match found,,,News and Society in the Greek Polis,Sian Lewis
07ff96bd-8f5d-4b95-b8af-f7184eb7afdc,Untying the Knot,Galit Hasan-Rokem; David Shulman,,INSERT,,no match found,,,Untying the Knot,Galit Hasan-Rokem; David Shulman
080203c8-b04f-4852-ad8c-63b5e4995d09,Ṣüryanice incil ve mezmurlar,redhas redu,,INSERT,,no match found,,,Ṣüryanice incil ve mezmurlar,redhas redu
0804d03d-59ef-4537-a398-1e5d3e23bd2c,The Prophets,Abraham J. Heschel,,INSERT,,no match found,,,The Prophets,Abraham J. Heschel
0804e2e0-06e2-4ce9-bad0-b70575d59765,The Athenian Board of Generals from 501 to 404,Charles W. Fornara,,INSERT,,no match found,,,The Athenian Board of Generals from 501 to 404,Charles W. Fornara
08091d78-1b95-491b-bd49-126d7fd8694e,The Story of Albert Schweitzer,Anita Daniel,,INSERT,,no match found,,,The Story of Albert Schweitzer,Anita Daniel
08103a03-d583-4697-8b92-571a32f1ff5e,A Rabbinic Commentary on the New Testament,Samuel Tobias Lachs,,INSERT,,no match found,,,A Rabbinic Commentary on the New Testament,Samuel Tobias Lachs
082e83d4-f021-4d4f-828e-90a50132cb1c,The Sacred Bridge,Eric Werner,,INSERT,,no match found,,,The Sacred Bridge,Eric Werner
082f056f-24c2-4ace-9d39-9f7abda11336,Euripides& Bacchae,Hans Oranje,,INSERT,,no match found,,,Euripides& Bacchae,Hans Oranje
0831ef8f-eb6a-4824-ac95-3049ef628800,AJS Review,Association for Jewish Studies,,INSERT,,no match found,,,AJS Review,Association for Jewish Studies
084d4b7e-2a56-4788-a7c9-0f1603b26d63,The Shaping of Jewish History,Ellis Rivkin,,INSERT,,no match found,,,The Shaping of Jewish History,Ellis Rivkin
085ae71f-46e1-4e4c-b9c4-33238f9429e5,Oliver Twist,Charles Dickens,,INSERT,,no match found,,,Oliver Twist,Charles Dickens
085f9d87-1d33-438a-b7d1-a599b18c0f01,Confucianism,Ronnie L. Littlejohn,,INSERT,,no match found,,,Confucianism,Ronnie L. Littlejohn
0862e91e-cf31-45bd-8f4a-dbd158dbbba7,Rare Book Librarianship,Roderick Cave,,INSERT,,no match found,,,Rare Book Librarianship,Roderick Cave
086a2131-593c-4d27-b479-cbfe0f161d78,Anthologie grecque,Unknown,,INSERT,,no match found,,,Anthologie grecque,Unknown
086aef51-6fe1-4e4d-9ae8-4e29fc408287,Cicero's second Philippic,Marcus Tullius Cicero; Karl Halm,,INSERT,,no match found,,,Cicero's second Philippic,Marcus Tullius Cicero; Karl Halm
087564e6-b56e-4348-b9bf-86739cdf3035,Rudolf Serkin,Stephen Lehmann; Marion Faber,,INSERT,,no match found,,,Rudolf Serkin,Stephen Lehmann; Marion Faber
08794037-ab22-43c6-8780-3e52066d82dd,A Coloured Key to the Wildfowl of the World,Peter Scott,,INSERT,,no match found,,,A Coloured Key to the Wildfowl of the World,Peter Scott
0884f259-7552-4270-8d56-b57001533430,"La sacra Bibbia, tradotta in lingua italiana, e commentata da Giovanni Diodati, di nation lucchese",Giovanni Diodati,,INSERT,,no match found,,,"La sacra Bibbia, tradotta in lingua italiana, e commentata da Giovanni Diodati, di nation lucchese",Giovanni Diodati
08a4db3d-6c82-421f-9661-e4a3a9754102,A Shorter Lamb. Chosen Essays and Letters. Edited by E.E. Reynolds,Charles Lamb; Ernest Edwin REYNOLDS,title+author(exact),BLOCKED,,title length ratio 5.08 > 1.5; title similarity 0.839 < 0.92; author similarity 0.559 < 0.75,A SHORTER LAMB,E. E. Reynolds,A Shorter Lamb. Chosen Essays and Letters. Edited by E.E. Reynolds,Charles Lamb; Ernest Edwin REYNOLDS
08b1fcf0-e479-4e8e-bd85-5eab36926f93,The essays,David Mus,,INSERT,,no match found,,,The essays,David Mus
08c03923-d146-4345-a75d-45d4221edcc7,The Hasidic Movement and the Gaon of Vilna,Elijah Judah Schochet,,INSERT,,no match found,,,The Hasidic Movement and the Gaon of Vilna,Elijah Judah Schochet
08c2799b-cf2b-4833-9d2c-89c12b6ade86,Heinrich Heines sämtliche Werke,Heinrich Heine,,INSERT,,no match found,,,Heinrich Heines sämtliche Werke,Heinrich Heine
08d4a9b0-f1a9-4c5f-a511-90f33908586c,501 Arabic Verbs,Raymond P. Scheindlin,,INSERT,,no match found,,,501 Arabic Verbs,Raymond P. Scheindlin
08e98dc9-9330-4221-bd23-0e5301a07d29,In the Beginning,W.K.C. Guthrie,,INSERT,,no match found,,,In the Beginning,W.K.C. Guthrie
08f2bd5b-bdd9-4c66-9788-595c8daaa2e0,The Phoenix,Unknown,title+author(exact),UPDATE,year|language,,The Phoenix,Unknown,The Phoenix,Unknown
091fc835-6cfb-4174-8194-e38f65179d7d,Jewish Philosophy and the Crisis of Modernity,Leo Strauss,,INSERT,,no match found,,,Jewish Philosophy and the Crisis of Modernity,Leo Strauss
092e9cd2-c17c-44d1-9371-5ab16e7247dd,Financing the Athenian Fleet,Vincent Gabrielsen,,INSERT,,no match found,,,Financing the Athenian Fleet,Vincent Gabrielsen
092f80ef-85c0-4865-9736-9ef6457d3186,Ancient Greece at Work,Gustave Glotz,,INSERT,,no match found,,,Ancient Greece at Work,Gustave Glotz
09361d6e-ff78-4bfb-ba64-0943eba061f8,Andromacha,Euripides,,INSERT,,no match found,,,Andromacha,Euripides
0945376c-9eb1-4e96-b35b-56d52d88cc7a,The First Circle,Alexander Solzhenitsyn,,INSERT,,no match found,,,The First Circle,Alexander Solzhenitsyn
09509bc2-e7bd-4e60-89a0-d7ccbc5ebcbc,Introductory Lectures on Psycho-analysis,Sigmund Freud,,INSERT,,no match found,,,Introductory Lectures on Psycho-analysis,Sigmund Freud
0962598a-fb04-441c-8b68-383ff4b4d32d,Aristotle's School; a Study of a Greek Educational Institution,John Patrick Lynch,,INSERT,,no match found,,,Aristotle's School; a Study of a Greek Educational Institution,John Patrick Lynch
09673801-e06e-4860-896c-84d95f703439,Old Master Drawings from the National Gallery of Scotland,National Gallery of Scotland; Hugh Macandrew; National Gallery of Art (U.S.); Kimbell Art Museum,,INSERT,,no match found,,,Old Master Drawings from the National Gallery of Scotland,National Gallery of Scotland; Hugh Macandrew; National Gallery of Art (U.S.); Kimbell Art Museum
098612ad-6d54-4d5b-a51f-42d06752dde0,Being and Time,Martin Heidegger,,INSERT,,no match found,,,Being and Time,Martin Heidegger
09915dea-d316-40c7-a2ae-c4cfaed605ff,"Itzik, be Strong",Yitzchok Pomerantz,,INSERT,,no match found,,,"Itzik, be Strong",Yitzchok Pomerantz
099a673c-ca67-4b8f-8265-1b356c5180f2,The Impressionist and the City,Richard R. Brettell; Camille Pissarro; Joachim Pissarro,,INSERT,,no match found,,,The Impressionist and the City,Richard R. Brettell; Camille Pissarro; Joachim Pissarro
099e9f62-5018-435c-9bbc-59e90b530397,The Divine Comedy,Dante Alighieri,,INSERT,,no match found,,,The Divine Comedy,Dante Alighieri
09a145ce-264d-4c94-a44a-c2769cdd1764,Histoire de l'art,Alphonse Roux,,INSERT,,no match found,,,Histoire de l'art,Alphonse Roux
09a82a83-cef6-48a8-b0b9-d4a3e58dc5a7,Annalium Libri I-IV,Cornelius Tacitus,title+author(exact),UPDATE,year|language,,Annalium Libri I-IV,Cornelius Tacitus,Annalium Libri I-IV,Cornelius Tacitus
09ae9e19-ebe4-43af-a8f2-5c8cd583719f,English-Greek Dictionary,S. C. Woodhouse,,INSERT,,no match found,,,English-Greek Dictionary,S. C. Woodhouse
09c57c2b-cfe7-4eec-9ba6-bf611b794706,Thucydidis historiae,Thucydides; Henricus Stuart Jones; Johannes Enoch Powell,,INSERT,,no match found,,,Thucydidis historiae,Thucydides; Henricus Stuart Jones; Johannes Enoch Powell
09e1bd5f-2f1e-4e01-b1b9-1138cbf78447,Jewish Views of the Afterlife,Simcha Paull Raphael,,INSERT,,no match found,,,Jewish Views of the Afterlife,Simcha Paull Raphael
09ebcfa4-b6a7-4013-9eb2-221fed94ea25,The Thurber Letters,Harrison Kinney; Rosemary A. Thurber,,INSERT,,no match found,,,The Thurber Letters,Harrison Kinney; Rosemary A. Thurber
09f772d8-327f-4e98-91c8-a5d065aab131,Before and After Socrates,F. M. Cornford,,INSERT,,no match found,,,Before and After Socrates,F. M. Cornford
09f94a9c-bc97-48bd-b373-677f665d733b,Practical Method of Italian Singing,Nicola Vaccai,,INSERT,,no match found,,,Practical Method of Italian Singing,Nicola Vaccai
09fd3d31-baba-4325-90b0-4e72957b4ac0,Louis Ginzberg Jubilee Volume,American Academy for Jewish Research,,INSERT,,no match found,,,Louis Ginzberg Jubilee Volume,American Academy for Jewish Research
0a076df8-d08a-4504-8f07-b096ace82518,Between the Yeshiva World and Modern Orthodoxy,Marc B. Shapiro,,INSERT,,no match found,,,Between the Yeshiva World and Modern Orthodoxy,Marc B. Shapiro
0a07f506-f24d-4e01-aac0-68d4691ff028,A Method of Teaching Harmony,"Frederick George), Shinn",title+author(exact),BLOCKED,,title length ratio 1.92 > 1.5; title similarity 0.904 < 0.92,A METHOD OF TEACHING HARMONY PART 1 DIATONIC HARMONY,FREDERICK G. SHINN,A Method of Teaching Harmony,"Frederick George), Shinn"
0a0a0fae-31ce-4e89-97a9-e7121d234826,Tamil Lexicon; Supplement,University of Madras,,INSERT,,no match found,,,Tamil Lexicon; Supplement,University of Madras
0a0b28fe-2e05-4b55-8648-6bdcf9d105ab,Phoenix : the journal of the Classical Association of Canada,Classical Association of Canada,title+author(exact),BLOCKED,,title length ratio 8.29 > 1.5; title similarity 0.824 < 0.92,Phoenix,Classical Association of Canada,Phoenix : the journal of the Classical Association of Canada,Classical Association of Canada
0a0b7596-97ff-416b-b8ad-3477b6cc196a,Raphael,Jean Pierre Cuzin,,INSERT,,no match found,,,Raphael,Jean Pierre Cuzin
0a0d5389-40e5-4389-8cf4-c7524daabfa1,Briefwechsel 1916-1955 [von] Albert Einstein [und] Hedwig und Max Born,Albert Einstein,title+author(exact),BLOCKED,,title length ratio 3.00 > 1.5; title similarity 0.867 < 0.92,Briefwechsel 1916-1955,"Albert Einstein, Hedwig und Max Born",Briefwechsel 1916-1955 [von] Albert Einstein [und] Hedwig und Max Born,Albert Einstein
0a240c8e-f660-455e-bce5-2b1d50cbbe81,The Cambridge History of Classical Literature,LYCOMITUA AAMINI CASALINA AUNT A LA DULCIA QUOTU,fuzzy(0.939),UPDATE,title|author|year|language,,The Cambridge History of Classical Literature: The Late Republic,Unknown,The Cambridge History of Classical Literature,LYCOMITUA AAMINI CASALINA AUNT A LA DULCIA QUOTU
0a2ae876-02f4-4c83-88ce-0f8be47d8b71,Archaic Greece,L.H. Jeffery,,INSERT,,no match found,,,Archaic Greece,L.H. Jeffery
0a2f54a7-7ba7-4918-b89d-8f5de96b95f4,Genetics and the Races of Man,William C. Boyd,,INSERT,,no match found,,,Genetics and the Races of Man,William C. Boyd
0a39fee5-b855-4889-93db-e2eb41980ca5,Plato,Zack Horton,,INSERT,,no match found,,,Plato,Zack Horton
0a5106fa-cb15-487e-858c-4dcb6b285fb8,Economic and Social History of Ancient Greece,M. M. Austin; P. Vidal-Naquet,,INSERT,,no match found,,,Economic and Social History of Ancient Greece,M. M. Austin; P. Vidal-Naquet
0a5254ef-cafe-48f6-938c-0bce20077f50,Life in the English country house,Mark Girouard,,INSERT,,no match found,,,Life in the English country house,Mark Girouard
0a671e92-a3b2-4339-92d3-5eddff167645,Le dernier des Justes,André Schwarz-Bart,,INSERT,,no match found,,,Le dernier des Justes,André Schwarz-Bart
0a7bd8a5-7d34-462d-a93d-d1e70078e838,Five Stages of Greek Religion,Gilbert Murray,,INSERT,,no match found,,,Five Stages of Greek Religion,Gilbert Murray
0a7d206b-b7a3-40e4-93a9-8ba0d8135ef9,The Aristocratic Ideal in Ancient Greece,Walter Donlan,,INSERT,,no match found,,,The Aristocratic Ideal in Ancient Greece,Walter Donlan
0a86556b-e4f3-4330-a7cb-2f5d6d7ab736,Akkadisches Handwörterbuch,Wolfram von Soden,,INSERT,,no match found,,,Akkadisches Handwörterbuch,Wolfram von Soden
0a874dde-c67f-4761-bcc2-99b5611f7839,"Race, Language, and Culture",Franz Boas,,INSERT,,no match found,,,"Race, Language, and Culture",Franz Boas
0a925944-ac9f-4777-92b2-e92cc1a7e0c5,Language,Sir Alfred Jules Ayer,,INSERT,,no match found,,,Language,Sir Alfred Jules Ayer
0a93441c-cea4-4c1a-8d8e-d498982aa391,new dictionary armenian,m. bedrossian,,INSERT,,no match found,,,new dictionary armenian,m. bedrossian
0a95cf5b-c2c2-4d88-b03a-39b3cf270e77,Lucia Di Lammermoor,Gaetano Donizetti,,INSERT,,no match found,,,Lucia Di Lammermoor,Gaetano Donizetti
0a96b15b-9579-4528-8df7-d2a0d7464d9e,The Papers of the Bibliographical Society of America,Bibliographical Society of America,fuzzy(1.000),BLOCKED,,author similarity 0.548 < 0.75,The PAPERS of the BIBLIOGRAPHICAL SOCIETY of AMERICA,"RICHARD KNOWLES, MARCUS A. McCORISON, ALAN R. YOUNG, SYDNEY J. SHEP",The Papers of the Bibliographical Society of America,Bibliographical Society of America
0aa27f59-dad0-4c57-8a61-d3f89a483712,"The Geography of Strabo, with an English Translation by Horace Leonard Jones ... Based in Part Upon the Unfinished Version of J. R. S. Sterrett. [With a Bibliography.].",Horace Leonard JONES; John Robert Sitlington STERRETT,,INSERT,,no match found,,,"The Geography of Strabo, with an English Translation by Horace Leonard Jones ... Based in Part Upon the Unfinished Version of J. R. S. Sterrett. [With a Bibliography.].",Horace Leonard JONES; John Robert Sitlington STERRETT
0ab76a31-b0f3-4f45-a42e-c35d14935e1a,Das Borgia-Testament,Nigel Balchin; Herberth E. Herlitschka,,INSERT,,no match found,,,Das Borgia-Testament,Nigel Balchin; Herberth E. Herlitschka
0ad61a34-023b-4c83-b387-af0cf7ff28fc,American journal of ancient history,Unknown,,INSERT,,no match found,,,American journal of ancient history,Unknown
0ad7518b-8a1a-468a-82bf-da265a62ecbb,"Buddhist Logic, I-II.",Th Stcherbatsky,,INSERT,,no match found,,,"Buddhist Logic, I-II.",Th Stcherbatsky
0adcc331-bbe3-4ed5-acc8-74c89deffdd3,Scripta Classica Israelica,Unknown,,INSERT,,no match found,,,Scripta Classica Israelica,Unknown
0aee62ab-bee8-4993-9d96-78e1de1c08c4,Jewish Heritage Reader,Morris Adler; Lily Edelman,,INSERT,,no match found,,,Jewish Heritage Reader,Morris Adler; Lily Edelman
0b00001a-8d39-4bbd-a379-1fe7e401c902,Trade and industry in classical Greece,R. J. Hopper,,INSERT,,no match found,,,Trade and industry in classical Greece,R. J. Hopper
0b0ea923-2f19-4e9d-a7ff-ddf8413ea59a,Hippocrates ; English Translation by W.H.S. Jones,Hippocrates; W. H. S. Jones,,INSERT,,no match found,,,Hippocrates ; English Translation by W.H.S. Jones,Hippocrates; W. H. S. Jones
0b1a427d-bb73-4225-83b7-40a86772f0ea,Cassell's German Dictionary,Harold T. Betteridge,,INSERT,,no match found,,,Cassell's German Dictionary,Harold T. Betteridge
0b1f1f9e-5975-4307-bd05-a2fc7e6b9bea,The Authorised Daily Prayer Book,Joseph Herman Hertz,,INSERT,,no match found,,,The Authorised Daily Prayer Book,Joseph Herman Hertz
0b282c6d-3ad0-42c1-9506-82c59c85bb48,The Jews in Our Time,Norman Bentwich,,INSERT,,no match found,,,The Jews in Our Time,Norman Bentwich
0b28a797-1f68-4a48-908c-1dc773bb7504,Exodus,U. Cassuto,title+author(exact),UPDATE,year|language,,Exodus,U. Cassuto,Exodus,U. Cassuto
0b2e38a9-38fe-4fe7-bae1-bb1e9eba3241,The Chemistry of Some Life Processes. [With Illustrations.].,Robert Warren NEWBURGH; Vernon Hendrum CHELDELIN (and NEWBURGH (Robert Warren)),title+author(exact),BLOCKED,,title length ratio 1.59 > 1.5; author similarity 0.534 < 0.75,The Chemistry of Some Life Processes,Cheldelin-Newburgh,The Chemistry of Some Life Processes. [With Illustrations.].,Robert Warren NEWBURGH; Vernon Hendrum CHELDELIN (and NEWBURGH (Robert Warren))
0b4cbfda-c0b0-427a-8184-8c6c77eb12ee,The Torah,Moses King James Version,title+author(exact),UPDATE,description|publisher|year|language,,The Torah,Moses King James Version,The Torah,Moses King James Version
0b4e413b-4fb9-4355-9427-d6974994d57c,Sunflower Splendor,Wuji Liu; Irving Yucheng Lo,,INSERT,,no match found,,,Sunflower Splendor,Wuji Liu; Irving Yucheng Lo
0b5445b7-f481-4049-af4f-e32fc3f18c43,Siegfried,Richard Wagner,,INSERT,,no match found,,,Siegfried,Richard Wagner
0b5bf5fb-1295-4100-953a-cfa52c95cd71,The Laws of Pesach-Summary,Rabbi Y. Goldstein,,INSERT,,no match found,,,The Laws of Pesach-Summary,Rabbi Y. Goldstein
0b69ea93-150a-4b6c-b4a5-9d3aca554b22,L'enfant prophète,Edmond Fleg,,INSERT,,no match found,,,L'enfant prophète,Edmond Fleg
0b755a1f-3673-4c5c-ac9b-8d63c92bec3f,Colloquial Polish,B. W. Mazur,,INSERT,,no match found,,,Colloquial Polish,B. W. Mazur
0b7ce159-acc2-4550-b392-c438fbf05471,Sharpe's Tiger,Bernard Cornwell,,INSERT,,no match found,,,Sharpe's Tiger,Bernard Cornwell
0b90b835-b1cd-41e8-b36a-92e488a0cea1,Phantastische Erzählungen Band 1,Edgar Allan Poe,,INSERT,,no match found,,,Phantastische Erzählungen Band 1,Edgar Allan Poe
0b9123a8-18cb-41da-8f7f-fad8b8783e67,Guinness World Records 2000,Unknown,title+author(exact),BLOCKED,,title length ratio 2.25 > 1.5; title similarity 0.448 < 0.92,Records 2000,Unknown,Guinness World Records 2000,Unknown
0b9ff893-10ff-4787-9877-72a020f19fee,Josephus's Interpretation of the Bible,Louis H. Feldman,,INSERT,,no match found,,,Josephus's Interpretation of the Bible,Louis H. Feldman
0ba71907-838d-4d53-8e63-ffd1cb44db9f,Phoenix : the journal of the Classical Association of Canada,Classical Association of Canada,title+author(exact),BLOCKED,,title length ratio 8.29 > 1.5; title similarity 0.824 < 0.92,Phoenix,Classical Association of Canada,Phoenix : the journal of the Classical Association of Canada,Classical Association of Canada
0ba9df86-35bc-4bd4-b4c0-3067b5d42c71,Le Grand Meaulnes,Alain-Fournier,,INSERT,,no match found,,,Le Grand Meaulnes,Alain-Fournier
0bbbc06e-1b91-4c02-a8b5-be8374f5e264,How prints look,William Mills Ivins (Jr.),,INSERT,,no match found,,,How prints look,William Mills Ivins (Jr.)
0bc40292-b573-4e26-bfd8-89a00bd0220d,The Mycenaean World,John Chadwick,,INSERT,,no match found,,,The Mycenaean World,John Chadwick
0bce981c-eca3-4993-b077-eadcd7c48e0f,The Problems of Philosophy,Bertrand Russell,,INSERT,,no match found,,,The Problems of Philosophy,Bertrand Russell
0bf43d29-6634-4219-b834-2a8c97f22039,The Social Construction of Reality,Peter L. Berger; Thomas Luckmann,,INSERT,,no match found,,,The Social Construction of Reality,Peter L. Berger; Thomas Luckmann
0bf69c59-2dc3-427d-bd46-42673fd99ff8,Studien zu den politischen Ideen des Isokrates,Klaus Bringmann,,INSERT,,no match found,,,Studien zu den politischen Ideen des Isokrates,Klaus Bringmann
0bf7dfd7-ecd1-460a-a8fb-2a183044a477,Cancionero Sefardí,Alberto Hemsi,,INSERT,,no match found,,,Cancionero Sefardí,Alberto Hemsi
0c05d5c8-48f5-496a-8ef6-7671e9199a37,The Cambridge Ancient History,S. A. Cook; Frank Ezra Adcock; Martin Percival Charlesworth,,INSERT,,no match found,,,The Cambridge Ancient History,S. A. Cook; Frank Ezra Adcock; Martin Percival Charlesworth
0c1e2ebc-ab11-4920-be1a-7ad47b529a78,The Mother's Encyclopedia,P.P. - New York. - Parents' Magazine,,INSERT,,no match found,,,The Mother's Encyclopedia,P.P. - New York. - Parents' Magazine
0c280830-a0bd-4067-8964-fb42b330c9c5,The Scarlet Pimpernel,Baroness Orczy,,INSERT,,no match found,,,The Scarlet Pimpernel,Baroness Orczy
0c307792-a935-438f-8b3f-6364280fecde,The Gift,Vladimir Nabokov,,INSERT,,no match found,,,The Gift,Vladimir Nabokov
0c384f22-e19a-4b79-bc4f-01807bd15e5f,The Origins of Modern Freedom in the West,Richard W. Davis,,INSERT,,no match found,,,The Origins of Modern Freedom in the West,Richard W. Davis
0c39ec23-0077-4dcc-8f08-41fc5f8d2714,23 Problems in Systems Neuroscience,Jan Leonard Hemmen; Terrence J. Sejnowski,,INSERT,,no match found,,,23 Problems in Systems Neuroscience,Jan Leonard Hemmen; Terrence J. Sejnowski
0c453507-c217-465b-8a89-3ef4ab33eaed,Studies on the Origin of Harmonic Tonality,Carl Dahlhaus,,INSERT,,no match found,,,Studies on the Origin of Harmonic Tonality,Carl Dahlhaus
0c5f3a6c-3281-414a-b9eb-3187e4be82d1,Jewish Bankers and the Holy See,Léon Poliakov,,INSERT,,no match found,,,Jewish Bankers and the Holy See,Léon Poliakov
0c5f7d3d-623c-495a-9d5f-c22f43994164,A History of Magic and Experimental Science,Lynn Thorndike,,INSERT,,no match found,,,A History of Magic and Experimental Science,Lynn Thorndike
0c690bd9-8e38-42a4-b4f0-3a8d1efd00dd,Ma Tovu,Ute Steyer,,INSERT,,no match found,,,Ma Tovu,Ute Steyer
0c6961ab-6fb4-473a-a688-d81e7d48fc95,Journal of the American Society for Information Science,American Society for Information Science,,INSERT,,no match found,,,Journal of the American Society for Information Science,American Society for Information Science
0c6a1b2b-f699-4e67-9e5a-fd5b76b0b0b1,Children and Childhood in Classical Athens,Mark Golden,,INSERT,,no match found,,,Children and Childhood in Classical Athens,Mark Golden
0c75525b-1548-4abd-9572-aa99e75a33ab,Sharpe's Gold,Bernard Cornwell,,INSERT,,no match found,,,Sharpe's Gold,Bernard Cornwell
0c7e292a-2ec4-4b5f-8680-a2747746c5a3,"The Resurrection of the Body in Western Christianity, 200–1336",Caroline Walker Bynum,,INSERT,,no match found,,,"The Resurrection of the Body in Western Christianity, 200–1336",Caroline Walker Bynum
0c8912c3-bc8d-4b03-81ca-33c20de61fb3,The Memoirs,C. B. Sissons,,INSERT,,no match found,,,The Memoirs,C. B. Sissons
0c899e62-5bd7-4506-adb4-c44a6480cf32,The Polemic of Nestor the Priest,Daniel Lasker,,INSERT,,no match found,,,The Polemic of Nestor the Priest,Daniel Lasker
0c9d5cad-6d81-48e0-9f8a-da6fb966ad12,Abnormal Psychology and Modern Life,James Covington Coleman; James Neal Butcher; Robert C. Carson,,INSERT,,no match found,,,Abnormal Psychology and Modern Life,James Covington Coleman; James Neal Butcher; Robert C. Carson
0cbf8b7f-cdd1-4674-a494-b533b9207d58,The Lysistrata. The Thesmophoriazusae. The Ecclesiazusae. The Plutus,Aristophanes,,INSERT,,no match found,,,The Lysistrata. The Thesmophoriazusae. The Ecclesiazusae. The Plutus,Aristophanes
0cc9e504-8dd4-489e-9dec-4e114a1c2769,Der Sohn des verlorenen Sohnes,Soma Morgenstern; Ingolf Schulte,,INSERT,,no match found,,,Der Sohn des verlorenen Sohnes,Soma Morgenstern; Ingolf Schulte
0cd27e64-2a2f-44a2-beee-44424b73922e,The New Encyclopedia Britannica,Unknown,title+author(exact),UPDATE,year|language,,The New Encyclopedia Britannica,Unknown,The New Encyclopedia Britannica,Unknown
0cdc53cd-0ef6-4fca-9791-54f4848b23aa,A Book of Greek Coins,Charles Theodore Seltman,,INSERT,,no match found,,,A Book of Greek Coins,Charles Theodore Seltman
0ce154dc-2e6b-4918-b584-5c8afa975535,Thinking God,Alan Brill,,INSERT,,no match found,,,Thinking God,Alan Brill
0cf1d3b8-1df8-4a12-87af-90aec65cda48,Karaite Judaism,Meira Polliack,,INSERT,,no match found,,,Karaite Judaism,Meira Polliack
0cf67811-6f4c-4e9a-91d0-59bce7acba58,On Becoming a Person,Carl R. Rogers,,INSERT,,no match found,,,On Becoming a Person,Carl R. Rogers
0d0af996-8286-4830-ad1c-8601b0c56202,From Parnassus,William Robert Keylor; Dora B. Weiner,,INSERT,,no match found,,,From Parnassus,William Robert Keylor; Dora B. Weiner
0d11705a-c2fe-427b-b9ba-096cdd844b85,Science and Engineering Literature,Harold Robert Malinowsky; Jeanne M. Richardson,,INSERT,,no match found,,,Science and Engineering Literature,Harold Robert Malinowsky; Jeanne M. Richardson
0d1dfa8a-f7dd-487f-b362-b8d8bd2a210d,Passion,David Mus,,INSERT,,no match found,,,Passion,David Mus
0d261636-5c60-4fbc-9251-337214aea8f1,Corrupting Youth,J. Peter Euben,,INSERT,,no match found,,,Corrupting Youth,J. Peter Euben
0d2a0c66-fed3-42a8-b748-8c8d976c4d41,Chemistry: Principles and Properties,Michell J. Sienko,,INSERT,,no match found,,,Chemistry: Principles and Properties,Michell J. Sienko
0d38e030-45a6-4e52-bf72-a7ba781bcf61,A History of the Jews,Ilan Halevi,fuzzy(0.965),BLOCKED,,author similarity 0.482 < 0.75,THE STORY OF THE JEWS,LEWIS BROWNE,A History of the Jews,Ilan Halevi
0d3d82c7-8511-4699-871a-ee263f0f8ae4,Faust,Johann Wolfgang Goethe,,INSERT,,no match found,,,Faust,Johann Wolfgang Goethe
0d476fbe-9237-434a-a215-e10e3f37d0c4,Der Wortbruch,Leo Slezak,,INSERT,,no match found,,,Der Wortbruch,Leo Slezak
0d484a64-478a-433c-a377-2dac01486cf7,Lonely Planet Myanmar (Burma),Lonely Planet,,INSERT,,no match found,,,Lonely Planet Myanmar (Burma),Lonely Planet
0d4dca3b-980d-44ca-9019-d952daacd9f0,Problems of Knowledge and Freedom,Noam Chomsky,,INSERT,,no match found,,,Problems of Knowledge and Freedom,Noam Chomsky
0d79cec9-fc48-4e18-aa24-6ba34fe52ba0,An Introduction to Philo Judaeus,Erwin R. Goodenough,,INSERT,,no match found,,,An Introduction to Philo Judaeus,Erwin R. Goodenough
0d88a2ca-02b0-40c6-a639-baf2d19a503c,The Ogden Nash Pocket Book,Ogden Nash,,INSERT,,no match found,,,The Ogden Nash Pocket Book,Ogden Nash
0d8d7a10-65dc-400e-90e6-fa6f34ba9ac7,"History of the Armenians ; and, The letter to Vahan Mamikonean",Ghazar (Pʻarpetsʻi),title+author(exact),BLOCKED,,author similarity 0.716 < 0.75,History of the Armenians and the Letter to Vahan Mamikonean,"Lazar P'arpets'i, Dickran Kouymjian","History of the Armenians ; and, The letter to Vahan Mamikonean",Ghazar (Pʻarpetsʻi)
0d8e3be8-212c-4228-b3c1-e4168edaf20e,Barchester Towers and the Warden,Anthony Trollope,,INSERT,,no match found,,,Barchester Towers and the Warden,Anthony Trollope
0d93d3e4-4edd-4c9f-a193-87b18dd7b32b,The Jew in the Lotus,Rodger Kamenetz,,INSERT,,no match found,,,The Jew in the Lotus,Rodger Kamenetz
0da00528-cc31-4868-bcb1-e3ec9115b2e7,Introduction to Prakrit,Alfred C. Woolner,,INSERT,,no match found,,,Introduction to Prakrit,Alfred C. Woolner
0da7be8c-26d6-4ea6-9cfa-e5333b04ee20,Higher Mathematics,Richard Stevens Burington; Charles Chapman Torrance,,INSERT,,no match found,,,Higher Mathematics,Richard Stevens Burington; Charles Chapman Torrance
0db5ff9b-f34b-4b85-a148-577693c8ba5a,Arabic Loanwords in Ethiopian Semitic,Wolf Leslau,,INSERT,,no match found,,,Arabic Loanwords in Ethiopian Semitic,Wolf Leslau
0dbe6ca7-e71c-4529-922b-d26df9779fd5,Public Policy and Economic Competition in Japan,Michael L. Beeman,,INSERT,,no match found,,,Public Policy and Economic Competition in Japan,Michael L. Beeman
0dc13bde-1bdb-49ea-86db-8ed07849a55a,Don't They Know the World Stopped Breathing?,Renée Fersen-Osten,,INSERT,,no match found,,,Don't They Know the World Stopped Breathing?,Renée Fersen-Osten
0dc3c27d-8078-4037-9e7b-4dd0c7af795a,Psychology,William James (filosoof),title+author(exact),BLOCKED,,title length ratio 2.90 > 1.5; title similarity 0.869 < 0.92; author similarity 0.547 < 0.75,PSYCHOLOGY THE BRIEFER COURSE,"James, edited by Gordon Allport",Psychology,William James (filosoof)
0dc842b3-af5f-414c-91f8-ea66151325cb,Die Glaubensstufen des Judentums,Friedrich Thieberger,,INSERT,,no match found,,,Die Glaubensstufen des Judentums,Friedrich Thieberger
0dcdb220-2dd6-47bb-ab73-309e5d824fa9,"Yeshiva University Alumni Directory, 1992",Yeshiva University,,INSERT,,no match found,,,"Yeshiva University Alumni Directory, 1992",Yeshiva University
0dd61749-d549-4987-a370-e218525ac93d,The Pentateuch,Samson Raphael Hirsch,,INSERT,,no match found,,,The Pentateuch,Samson Raphael Hirsch
0dd9e8cd-4098-4455-b960-e44e7b021085,Essays in the Philosophy of Science,Charles S. Peirce,,INSERT,,no match found,,,Essays in the Philosophy of Science,Charles S. Peirce
0dddbb0f-769b-4cdd-9b05-3d09a5d42a51,Ennéades,Plotin,,INSERT,,no match found,,,Ennéades,Plotin
0dde5e1f-db67-453f-abb3-693170e3abe4,Other People's Money,Al MacKaye,,INSERT,,no match found,,,Other People's Money,Al MacKaye
0ddf5cf1-383e-4ffe-b1a6-d62bb83e2f37,Complete Piano Sonatas,Ludwig van Beethoven,,INSERT,,no match found,,,Complete Piano Sonatas,Ludwig van Beethoven
0df4a720-e626-41b1-839e-a347fa6f2fb6,The Persian Wars,Herodotus,,INSERT,,no match found,,,The Persian Wars,Herodotus
0e069beb-b809-4078-b236-c7a206720ca2,Jewish and Roman Law,Boaz Cohen,,INSERT,,no match found,,,Jewish and Roman Law,Boaz Cohen
0e1068a3-81fc-4931-becd-da5c9bdbb932,Der Teufel in Frankreich,Lion Feuchtwanger,,INSERT,,no match found,,,Der Teufel in Frankreich,Lion Feuchtwanger
0e16d683-a400-4b41-abc8-e037a31fe548,Alchemy of the Word,Philip Beitchman,,INSERT,,no match found,,,Alchemy of the Word,Philip Beitchman
0e2274c2-7584-403f-9b04-a22854b56977,Hegel,Frederick C. Beiser,,INSERT,,no match found,,,Hegel,Frederick C. Beiser
0e24dd16-89c0-4cd2-821c-87061d384ea3,The Wordsworth Book of Usage & Abusage,Eric Partridge,title+author(exact),BLOCKED,,title length ratio 2.67 > 1.5; title similarity 0.639 < 0.92,SAGE & ABUSAGE,ERIC PARTRIDGE,The Wordsworth Book of Usage & Abusage,Eric Partridge
0e250270-374d-4ec0-8ba5-68e79d8c3796,Lafayette in America,André Maurois,,INSERT,,no match found,,,Lafayette in America,André Maurois
0e26bbd2-7c0e-48e5-ab4c-5342e048806b,The Rule of Metaphor,Paul Ricoeur,,INSERT,,no match found,,,The Rule of Metaphor,Paul Ricoeur
0e35a53d-fc15-4e1f-8d39-7178437cda52,The Road Back,Mayer Schiller,,INSERT,,no match found,,,The Road Back,Mayer Schiller
0e489ecb-fc28-44ec-8968-346c476d963c,Greek Manuscripts of the Ancient World,Eric G. Turner,,INSERT,,no match found,,,Greek Manuscripts of the Ancient World,Eric G. Turner
0e4a1f05-a206-420c-b560-087fe543f1cd,A Short Grammar Of Classical Greek,Adolf Kaegi; James A. Kleist,,INSERT,,no match found,,,A Short Grammar Of Classical Greek,Adolf Kaegi; James A. Kleist
0e4a6dfd-bddb-4245-bae6-e8f24c06ec84,"The Metamorphosis, In the Penal Colony, and Other Stories",Franz Kafka,,INSERT,,no match found,,,"The Metamorphosis, In the Penal Colony, and Other Stories",Franz Kafka
0e577d76-c7a2-48f5-a78e-6ad66b78df22,"Yearbook, American Philosophical Society (2002-2003)",American Philosophical Society,title+author(exact),BLOCKED,,title similarity 0.809 < 0.92; author similarity 0.568 < 0.75,American Philosophical Society Yearbook 2003-2004,M.T MACHILL S,"Yearbook, American Philosophical Society (2002-2003)",American Philosophical Society
0e6c1b0d-8e8e-4f53-be7c-994557014c96,The Power of Money,Thomas Figueira,,INSERT,,no match found,,,The Power of Money,Thomas Figueira
0e6ea2bc-ea60-4188-ab8a-0c23270c9a6c,The Art of Abstracting,Edward T. Cremmins,title+author(exact),UPDATE,year|language,,The Art of Abstracting,Edward T. Cremmins,The Art of Abstracting,Edward T. Cremmins
0e799094-a235-4f5d-9eef-ce1d081b27c3,The Terrorism Reader,David J. Whittaker,title+author(exact),BLOCKED,,title length ratio 2.94 > 1.5; title similarity 0.543 < 0.92; author similarity 0.550 < 0.75,The Documentary History of the Middle East Conflict,Walter Laqueur,The Terrorism Reader,David J. Whittaker
0e7ad7b7-a361-4c70-b67c-84f49734adfd,Inventing the Barbarian,Edith Hall,,INSERT,,no match found,,,Inventing the Barbarian,Edith Hall
0ea47a43-6dab-426b-9b7b-42d11d3a84b8,Structured Analysis and System Specification,Tom DeMarco,,INSERT,,no match found,,,Structured Analysis and System Specification,Tom DeMarco
0ea6871b-7c37-4c66-a099-0b6007fd692c,Hornblower and the Atropos,C.S. Forester,,INSERT,,no match found,,,Hornblower and the Atropos,C.S. Forester
0eafcb3e-84a8-48b9-a902-950abb370e83,Festschrift zur 700-Jahrfeier der Stadt Wolgast,Wolgast,,INSERT,,no match found,,,Festschrift zur 700-Jahrfeier der Stadt Wolgast,Wolgast
0ecff5b2-98b4-417b-ad3a-52e965bf262c,The Mother's Encyclopedia,P.P. - New York. - Parents' Magazine,,INSERT,,no match found,,,The Mother's Encyclopedia,P.P. - New York. - Parents' Magazine
0eda5d22-02be-48f6-8a83-173126439adf,Rabbinic Culture and Its Critics,Daniel Frank; Matt Goldish,,INSERT,,no match found,,,Rabbinic Culture and Its Critics,Daniel Frank; Matt Goldish
0ee3496c-4be9-4de2-9c50-06af5ac3e613,Scripta Classica Israelica,Unknown,,INSERT,,no match found,,,Scripta Classica Israelica,Unknown
0ee576ff-8af1-48d7-8bb2-33a246566527,Antiphon the Athenian,Michael Gagarin,,INSERT,,no match found,,,Antiphon the Athenian,Michael Gagarin
0ee8f213-837c-4e8e-9b72-d592352eca67,Catalogue of Netherlandish Drawings in the National Gallery of Scotland: The plates,Keith Andrews; National Gallery of Scotland,,INSERT,,no match found,,,Catalogue of Netherlandish Drawings in the National Gallery of Scotland: The plates,Keith Andrews; National Gallery of Scotland
0ef80902-d641-41d9-8583-0412dd5ee9ae,An Appeal from the New to the Old Whigs,Edmund Burke,,INSERT,,no match found,,,An Appeal from the New to the Old Whigs,Edmund Burke
0f00da9f-f4c7-4312-a398-20cce6998492,Baal T'filo: Cantor's manual : עבודת החזן,Joshua Samuel Weisser,,INSERT,,no match found,,,Baal T'filo: Cantor's manual : עבודת החזן,Joshua Samuel Weisser
0f18be48-1b09-4b54-a3b6-e271ca6fbac5,An ABC of English usage,H. A. Treble; G. H. Vallins,title+author(exact),UPDATE,year|language,,An ABC of English usage,H. A. Treble; G. H. Vallins,An ABC of English usage,H. A. Treble; G. H. Vallins
0f2b3c64-1473-4cbb-8051-e7d9daab9ea1,Jewish Thought and the Scientific Revolution of the Sixteenth Century,André Neher,,INSERT,,no match found,,,Jewish Thought and the Scientific Revolution of the Sixteenth Century,André Neher
0f2b4aa2-f11e-4228-b83e-f348cf9179a2,Scoop--,Evelyn Waugh,title+author(exact),UPDATE,year|language,,Scoop--,Evelyn Waugh,Scoop--,Evelyn Waugh
0f2b9138-e5c8-4958-8a67-181ab4c51bb5,Oeuvres morales de Plutarque,Plutarque,title+author(exact),BLOCKED,,title length ratio 2.15 > 1.5; title similarity 0.420 < 0.92,TRAITÉS 27-36,PLUTARQUE,Oeuvres morales de Plutarque,Plutarque
0f2b9d27-3292-4025-b416-195b10275b4f,In the Valley of the Shadow,James L. Kugel,,INSERT,,no match found,,,In the Valley of the Shadow,James L. Kugel
0f2b9f2f-2be2-4f75-8084-ffe1538b5213,"Guinness world records, 2001",AMERICAN ACADEMY OF ARTS & SCIENCES,title+author(exact),BLOCKED,,title length ratio 2.25 > 1.5; title similarity 0.448 < 0.92,Records 2001,AMERICAN ACADEMY OF ARTS & SCIENCES,"Guinness world records, 2001",AMERICAN ACADEMY OF ARTS & SCIENCES
0f358a44-2d27-487d-8a51-6c438924514f,Jewish Luminaries in Medical History,Harry Friedenwald,title+author(exact),UPDATE,year|language,,Jewish Luminaries in Medical History,Harry Friedenwald,Jewish Luminaries in Medical History,Harry Friedenwald
0f3fceb0-ea20-408d-a9e9-5c353c3a1c1b,Q. Asconii Pediani Orationvm Ciceronis Qvinqve Enarratio; Recognovit Brevique Adnotatione Critica Instrvxit Albertvs Cvrtis Clark - Primary Source Edi,Albert Curtis Clark; Quintus Asconius Pedianus,title+author(exact),BLOCKED,,title length ratio 2.65 > 1.5; title similarity 0.875 < 0.92,Q. Asconii Pediani Orationvm Ciceronis Qvinqve Enarratio,Albertvs Cvrtis Clark,Q. Asconii Pediani Orationvm Ciceronis Qvinqve Enarratio; Recognovit Brevique Adnotatione Critica Instrvxit Albertvs Cvrtis Clark - Primary Source Edi,Albert Curtis Clark; Quintus Asconius Pedianus
0f4cd2e7-f9fc-4355-a6a2-5a12b516ac36,Unraveling the Knot,Erika Engstrom,,INSERT,,no match found,,,Unraveling the Knot,Erika Engstrom
0f564f3c-574c-48b3-a5e7-11c9b8e25b0e,"The Menuchah Principle in Shidduchim, Dating & Engagement",Shaya Ostrov,title+author(exact),UPDATE,year|language,,"The Menuchah Principle in Shidduchim, Dating & Engagement",Shaya Ostrov,"The Menuchah Principle in Shidduchim, Dating & Engagement",Shaya Ostrov
0f843b4f-63de-484a-b9bf-b136001a408b,Le nozze di Figaro,Wolfgang Amadeus Mozart,,INSERT,,no match found,,,Le nozze di Figaro,Wolfgang Amadeus Mozart
0f8cfbb6-ad3f-4747-8210-8c804a0e84b5,Herod the Great,Michael Grant,,INSERT,,no match found,,,Herod the Great,Michael Grant
0f96f36b-e07d-4a65-a091-fd8b1ed09826,Theogony,Hesiod,,INSERT,,no match found,,,Theogony,Hesiod
0f9873d3-5344-487c-86c4-bc2aa4be813d,Objective Knowledge,Karl R. Popper,,INSERT,,no match found,,,Objective Knowledge,Karl R. Popper
0fa4953c-aa0b-4b6d-a317-834b335b8c30,The Spire,William Golding,,INSERT,,no match found,,,The Spire,William Golding
0fb31e90-112e-492a-9074-e46f3e43b887,Duties of the Heart,Baḥya ben Joseph ibn Paḳuda,,INSERT,,no match found,,,Duties of the Heart,Baḥya ben Joseph ibn Paḳuda
0fc09560-5f30-4429-b1f5-bad93e06b6ad,Cunning Intelligence in Greek Culture and Society,Marcel Detienne; Jean Pierre Vernant,title+author(exact),UPDATE,year|language,,Cunning Intelligence in Greek Culture and Society,Marcel Detienne; Jean Pierre Vernant,Cunning Intelligence in Greek Culture and Society,Marcel Detienne; Jean Pierre Vernant
0fcc17cc-81dc-417e-ab77-995c739d0d60,La France d'aujourd'hui,Patrick Mérienne,,INSERT,,no match found,,,La France d'aujourd'hui,Patrick Mérienne
0fd2c856-a838-4b2e-8df3-06bef81d3abb,The Biblical Period From Abraham to Ezra,W.F. Albright,,INSERT,,no match found,,,The Biblical Period From Abraham to Ezra,W.F. Albright
0fe8a912-3101-44fd-9dd3-8f6f6e4c1db2,Famous Utopias,Tommasco Campanella; Sir Francis Bacon; Sir Thomas More; Jean-Jacques Rousseau,,INSERT,,no match found,,,Famous Utopias,Tommasco Campanella; Sir Francis Bacon; Sir Thomas More; Jean-Jacques Rousseau
0fec22fe-06db-48f8-b895-b3f7aa08f8e9,Social Case Records from Psychiatric Clinics,Charlotte Towle,,INSERT,,no match found,,,Social Case Records from Psychiatric Clinics,Charlotte Towle
0ff4edc2-762d-49f4-b679-572663d9ded4,The Art and Thought of Heraclitus,Charles H. Kahn,,INSERT,,no match found,,,The Art and Thought of Heraclitus,Charles H. Kahn
0ff52e2a-bea7-4cad-9b9a-0f9e1210ea99,Poems of Dedication,Stephen Spender,,INSERT,,no match found,,,Poems of Dedication,Stephen Spender
1015bff9-487c-4341-bd63-3a3a836d19c8,5 Jahre Jüdisches Gemeindehaus Berlin,Jüdische Gemeinde zu Berlin,,INSERT,,no match found,,,5 Jahre Jüdisches Gemeindehaus Berlin,Jüdische Gemeinde zu Berlin
10240384-75e7-4b5c-a746-d6762dab60ae,The Original Art of Music,Dorothy Ling,,INSERT,,no match found,,,The Original Art of Music,Dorothy Ling
102c3ce2-9032-4bac-b9a3-c9b8be37ca2d,Daytrips Israel,Earl Steinbicker,title+author(exact),UPDATE,publisher|year|language,,Daytrips Israel,Earl Steinbicker,Daytrips Israel,Earl Steinbicker
10322cea-a530-440d-9cd4-ded651def8f4,The Disputation,Unknown,,INSERT,,no match found,,,The Disputation,Unknown
103320af-63c7-4c8f-84b3-b0339bc2d3c7,The Making of Menander's Comedy,Sander M. Goldberg,,INSERT,,no match found,,,The Making of Menander's Comedy,Sander M. Goldberg
1035c6e4-de31-426f-b343-cf7cce10b6ff,"Reverence, Righteousness, and Rahamanut",Jacob J. Schacter,,INSERT,,no match found,,,"Reverence, Righteousness, and Rahamanut",Jacob J. Schacter
103da227-51dc-4997-a3ee-4fcd735b0291,The Phoenix Project,Gene Kim; Kevin Behr; George Spafford,title+author(exact),BLOCKED,,title length ratio 2.14 > 1.5; title similarity 0.893 < 0.92,The Phoenix,Unknown,The Phoenix Project,Gene Kim; Kevin Behr; George Spafford
103dd3d3-a749-4528-928d-fd2b8ec59f28,Eleanor Farjeon's Book,Eleanor Farjeon,,INSERT,,no match found,,,Eleanor Farjeon's Book,Eleanor Farjeon
105fa62c-d9e8-433e-b545-c62433c33c6b,"Counting the People in Hellenistic Egypt: Volume 1, Population Registers (P. Count)",Willy Clarysse; Dorothy J. Thompson,,INSERT,,no match found,,,"Counting the People in Hellenistic Egypt: Volume 1, Population Registers (P. Count)",Willy Clarysse; Dorothy J. Thompson
107729bf-b029-4826-b8fe-9e0c94ced107,Plato,Gregory Vlastos,title+author(exact),BLOCKED,,title length ratio 7.20 > 1.5; title similarity 0.828 < 0.92,PLATO I:Metaphysics and Epistemology,Gregory Vlastos,Plato,Gregory Vlastos
107aed4e-8bbc-4391-bc74-8e591b089880,Korinthiaka,Édouard Will,title+author(exact),UPDATE,year|language,,Korinthiaka,Édouard Will,Korinthiaka,Édouard Will
10919e58-443c-4efc-bfd1-6383ba84db60,"Time, Creation and the Continuum",Richard Sorabji,,INSERT,,no match found,,,"Time, Creation and the Continuum",Richard Sorabji
1092b7f6-285a-4f2c-b109-cd5049f5414d,The Guide of the Perplexed,Moses Maimonides,,INSERT,,no match found,,,The Guide of the Perplexed,Moses Maimonides
10943a0c-a8d6-4d3b-9b91-86caa4fceb9e,The Musical Mind,John A. Sloboda,,INSERT,,no match found,,,The Musical Mind,John A. Sloboda
109c7342-ba5c-4234-890c-f8af7a8d2e05,Denkwürdigkeiten der Glückel von Hameln,Glueckel (of Hameln),,INSERT,,no match found,,,Denkwürdigkeiten der Glückel von Hameln,Glueckel (of Hameln)
109e1129-bdcc-4366-964a-d6754e21e44b,The Greek and Latin Literary Texts from Greco-Roman Egypt,Roger A. Pack,,INSERT,,no match found,,,The Greek and Latin Literary Texts from Greco-Roman Egypt,Roger A. Pack
10acc862-5260-48f7-8bbd-62417c7b79c3,The Faith of the Counsellors,Paul Halmos,,INSERT,,no match found,,,The Faith of the Counsellors,Paul Halmos
10f5dabb-6919-4ec6-a880-ccb53de2aa87,Two Legends: Oedipus and Theseus,André Gide,,INSERT,,no match found,,,Two Legends: Oedipus and Theseus,André Gide
10f64306-65e6-4a46-b776-43a4b29aa5c0,Equity in Jewish Law,Aaron Kirschenbaum,,INSERT,,no match found,,,Equity in Jewish Law,Aaron Kirschenbaum
11012745-c616-4a66-b6a7-49ed8b9238b7,Rembrandt's Bathsheba Reading King David's Letter,Ann Jensen Adams,,INSERT,,no match found,,,Rembrandt's Bathsheba Reading King David's Letter,Ann Jensen Adams
11119063-06d3-4312-ae0f-7ae9e8b002c1,The Sculpture and Sculptors of the Greeks. By Gisela M.A. Richter. New Revised Edition. [With Illustrations.].,Gisela Marie Augusta Richter,,INSERT,,no match found,,,The Sculpture and Sculptors of the Greeks. By Gisela M.A. Richter. New Revised Edition. [With Illustrations.].,Gisela Marie Augusta Richter
111a870e-faaf-4424-ac53-4ba96c582b63,Griechische Vasen,Hans Schaal,title+author(exact),UPDATE,year|language,,Griechische Vasen,Hans Schaal,Griechische Vasen,Hans Schaal
112c8e20-9c81-427b-8fc5-147006cd3329,The Venture of Islam,Marshall G. S. Hodgson,title+author(exact),UPDATE,year|language,,The Venture of Islam,Marshall G. S. Hodgson,The Venture of Islam,Marshall G. S. Hodgson
1137b3be-f4da-4733-9ed7-b717d65875c4,Stephen Hero,James Joyce,title+author(exact),UPDATE,year|language,,Stephen Hero,James Joyce,Stephen Hero,James Joyce
113e086d-0a1c-45a5-a9b2-539522b3ec16,CIVILIZED SHAMANS PB,SAMUEL GEOFFREY,,INSERT,,no match found,,,CIVILIZED SHAMANS PB,SAMUEL GEOFFREY
11474ba7-14b6-4339-ab4a-f7d09923d7f6,Proceedings of the Cambridge Philological Society,Cambridge Philological Society,,INSERT,,no match found,,,Proceedings of the Cambridge Philological Society,Cambridge Philological Society
115262fb-7346-4199-a3a5-02af8f5fab86,Conversation Dictionary of the Thai Language,Wit Thiengburanathum,,INSERT,,no match found,,,Conversation Dictionary of the Thai Language,Wit Thiengburanathum
1158be6f-4ad8-4b57-9070-b2184bb31472,Ancient Portraits from the Athenian Agora,Evelyn B. Harrison,,INSERT,,no match found,,,Ancient Portraits from the Athenian Agora,Evelyn B. Harrison
115bf1fa-5d3e-49de-9808-3c7721a5b639,An den Toren des Lebens,Ernst Hardt,,INSERT,,no match found,,,An den Toren des Lebens,Ernst Hardt
115e5879-cba1-4f81-926a-aa1a5bded80f,The Contradictions of Modern Moral Philosophy,Dr Paul Johnston,,INSERT,,no match found,,,The Contradictions of Modern Moral Philosophy,Dr Paul Johnston
116d0fb4-123e-44d9-8a8e-809de8701ee3,The Miracle Worker,William Gibson,,INSERT,,no match found,,,The Miracle Worker,William Gibson
1174cec6-d41e-40d1-a8d5-1c1a21498ae5,A New Dictionary of Music,Arthur Jacobs,,INSERT,,no match found,,,A New Dictionary of Music,Arthur Jacobs
117541cc-c8b9-448c-8c9b-63035901e5f4,Young Joseph,Thomas Mann,,INSERT,,no match found,,,Young Joseph,Thomas Mann
1176ec04-491c-4056-b88b-11e9dc4d6b1a,Homeri opera,Homer,fuzzy(1.000),BLOCKED,,author similarity 0.476 < 0.75,Homeri Opera,David B. Munro et Thomas W. Allen,Homeri opera,Homer
117e567b-1834-4db2-b455-caa525b8a4e5,A concordance of the Armenian Apocryphal Adam books,Michael E. Stone,,INSERT,,no match found,,,A concordance of the Armenian Apocryphal Adam books,Michael E. Stone
11a9348c-76a1-4886-8c1e-5e2348a2e5af,Palestine in the 18th Century,Amnon Cohen,,INSERT,,no match found,,,Palestine in the 18th Century,Amnon Cohen
11b1c6c7-7679-4b61-89b4-7f05b5dbe591,"(LII, [4], LI, 282 p.)",Gaetano Filangieri,,INSERT,,no match found,,,"(LII, [4], LI, 282 p.)",Gaetano Filangieri
11c0b489-46fb-48b6-b5ad-bd66cf08718d,Kamusi Ya Kiswahili Yaani Kitabu Cha Maneno Ya Kiswahili,F. Johnson,,INSERT,,no match found,,,Kamusi Ya Kiswahili Yaani Kitabu Cha Maneno Ya Kiswahili,F. Johnson
11d65001-45a9-4abe-b864-48c2095eca05,Soil Conservation Service Curve Number (SCS-CN) Methodology,S.K. Mishra; Vijay Singh,,INSERT,,no match found,,,Soil Conservation Service Curve Number (SCS-CN) Methodology,S.K. Mishra; Vijay Singh
11eb5b15-1fe3-42b7-8da4-badd4d0a2d59,Contraception and Abortion from the Ancient World to the Renaissance,John M. Riddle,,INSERT,,no match found,,,Contraception and Abortion from the Ancient World to the Renaissance,John M. Riddle
11ed7b60-6695-47e2-ad85-dc9bb4ce58ea,The General Will before Rousseau,Patrick Riley,,INSERT,,no match found,,,The General Will before Rousseau,Patrick Riley
1214e332-b674-4b07-907d-2f0bd156aa28,Seurat,Antoine Terrasse,,INSERT,,no match found,,,Seurat,Antoine Terrasse
12159ec0-8c21-4677-8bf3-3de2b1f8094c,Thucydides Mythistoricus,Francis Macdonald Cornford,,INSERT,,no match found,,,Thucydides Mythistoricus,Francis Macdonald Cornford
121f6aca-4b16-4075-94db-2057e1fc7830,Art and Literature,William Sebastian Heckscher,title+author(exact),BLOCKED,,title length ratio 2.33 > 1.5; title similarity 0.886 < 0.92,Art and Literature: Studies in Relationship,William S. Heckscher,Art and Literature,William Sebastian Heckscher
12302e2b-9e70-4ca2-abbb-bd1f13eaa67a,"Rashi, the Man and His World",Esra Shereshevsky,,INSERT,,no match found,,,"Rashi, the Man and His World",Esra Shereshevsky
1253f2f8-7de3-4ce3-afdf-2277b16b334d,Religion and the Rise of Capitalism,R. H.Tawney,,INSERT,,no match found,,,Religion and the Rise of Capitalism,R. H.Tawney
125ad215-d39e-4bbd-b225-3b9068f2fc4d,The Manticore,Robertson Davies,,INSERT,,no match found,,,The Manticore,Robertson Davies
126f8c9e-f0b2-42c2-97f6-0ec2825fb2ed,Middle Egyptian,James P. Allen,,INSERT,,no match found,,,Middle Egyptian,James P. Allen
12880cfc-6587-422e-b0dd-95cbab520eb6,"Etudes, opus 38, cello solo",Friedrich Grützmacher,,INSERT,,no match found,,,"Etudes, opus 38, cello solo",Friedrich Grützmacher
1290ae37-afe0-42b9-9ea7-48beeee0b162,Introduction to the Philosophy of Mathematics,Hugh Lehman,,INSERT,,no match found,,,Introduction to the Philosophy of Mathematics,Hugh Lehman
129bcdf9-520b-4c98-a6b5-62549d6ddf29,On the Social Contract,Jean-Jacques Rousseau,,INSERT,,no match found,,,On the Social Contract,Jean-Jacques Rousseau
129d9b8d-218a-4c3e-8722-78351a490441,"Southern France, with Corsica",Litellus Russell Muirhead,,INSERT,,no match found,,,"Southern France, with Corsica",Litellus Russell Muirhead
12aaa462-fd18-431f-abff-f3746a86de88,Moralia: VI.,Plutarch,,INSERT,,no match found,,,Moralia: VI.,Plutarch
12c2aba3-8010-4ace-8f83-c9b30db86050,Time and Process in Ancient Judaism,Sacha Stern,title+author(exact),UPDATE,description|publisher|year|language,,Time and Process in Ancient Judaism,Sacha Stern,Time and Process in Ancient Judaism,Sacha Stern
12d05ee5-5841-49a4-92e0-1a89e3b66f71,Phoenix,Unknown,title+author(exact),UPDATE,title|year|language,,The Phoenix,Unknown,Phoenix,Unknown
12d131eb-ebdc-4ec9-a4c2-1758fc972179,Schir Zion,Salomon Sulzer,,INSERT,,no match found,,,Schir Zion,Salomon Sulzer
12d53530-3f81-4cfc-b09a-2d7a4524df26,Love poems,John Donne,title+author(exact),BLOCKED,,title length ratio 6.10 > 1.5; title similarity 0.833 < 0.92,"Love Poems Together with the Devotion ""For Whom the Bell Tolls""",John Donne,Love poems,John Donne
12e30d25-d68f-496b-87f2-a0a2bbcb909f,Time and Process in Ancient Judaism,Sacha Stern,title+author(exact),UPDATE,description|publisher|year|language,,Time and Process in Ancient Judaism,Sacha Stern,Time and Process in Ancient Judaism,Sacha Stern
12f598b9-3d45-420f-a999-4ea08f8b7875,Introduction to the Talmud and Midrash,Hermann L. Strack,title+author(exact),UPDATE,year|language,,Introduction to the Talmud and Midrash,Hermann L. Strack,Introduction to the Talmud and Midrash,Hermann L. Strack
12f7eba4-205f-4221-8812-ad2ccf5525d7,Walk a Straight Path in a Crooked World,Isaac Stewart; Rebecca Stewart,,INSERT,,no match found,,,Walk a Straight Path in a Crooked World,Isaac Stewart; Rebecca Stewart
131298aa-6472-4971-91fc-7e83f1ad227c,The Sacred Chain,Norman F. Cantor,,INSERT,,no match found,,,The Sacred Chain,Norman F. Cantor
1316b2ec-6e17-49da-ba07-0c975b8d4ca7,The Encyclopedia Britannica,Thomas Spencer Baynes,title+author(exact),UPDATE,author|year|language,,The Encyclopedia Britannica,Unknown,The Encyclopedia Britannica,Thomas Spencer Baynes
131764de-0319-458d-8ed6-daf9fc3f05e6,"Judaism, Human Values, and the Jewish State",Yeshayahu Leibowitz,,INSERT,,no match found,,,"Judaism, Human Values, and the Jewish State",Yeshayahu Leibowitz
131cd456-e236-4c30-a268-2e63dbe17d4d,"Gedenkausgabe der Werke, Briefe und Gespräche",Johann Wolfgang von Goethe,title+author(exact),UPDATE,title|author|year|language,,"GEDENKAUSGABE DER WERKE, BRIEFE UND GESPRÄCHE",JOHANN WOLFGANG GOETHE,"Gedenkausgabe der Werke, Briefe und Gespräche",Johann Wolfgang von Goethe
132cd199-7719-4a08-921c-48ab7e4b424f,Current Issues and the Study of Ancient History,Stanley Mayer Burstein,,INSERT,,no match found,,,Current Issues and the Study of Ancient History,Stanley Mayer Burstein
13366c24-c2c9-4b52-963a-142f8b86f28e,Souviens-toi d'Amalek,Frédéric Chimon Hammel,,INSERT,,no match found,,,Souviens-toi d'Amalek,Frédéric Chimon Hammel
13473ddc-7991-4c24-b0bd-c666d95202be,The Devil at Isenheim,Ruth Mellinkoff,,INSERT,,no match found,,,The Devil at Isenheim,Ruth Mellinkoff
134d7990-b607-4c42-b8ca-2e426db504e5,L'Aube du savoir,Pierre Maurice Marie Duhem; Anastasios Brenner,,INSERT,,no match found,,,L'Aube du savoir,Pierre Maurice Marie Duhem; Anastasios Brenner
13525fe1-8061-436d-aae5-8117ea0c2f37,Citation Indexing,Eugene Garfield,,INSERT,,no match found,,,Citation Indexing,Eugene Garfield
1355bcb3-903c-4817-bd25-2e77385e6cee,Three Plays for Puritans,Bernard Shaw,,INSERT,,no match found,,,Three Plays for Puritans,Bernard Shaw
1356e5a1-acf0-4472-b29b-e055a6ffb5bc,A History of Boeotia,Robert J. Buck,,INSERT,,no match found,,,A History of Boeotia,Robert J. Buck
13578141-31f8-48c2-b9b2-b0a10ee9830f,Geger Sokmo,A. Aziz Deraman (Dato'),title+author(exact),BLOCKED,,title length ratio 2.20 > 1.5; title similarity 0.891 < 0.92,GEGER,Unknown,Geger Sokmo,A. Aziz Deraman (Dato')
1389b377-6b90-4a55-ba30-4aa9346d7cc7,Proceedings of the Cambridge Philological Society,Cambridge Philological Society,,INSERT,,no match found,,,Proceedings of the Cambridge Philological Society,Cambridge Philological Society
13a0f2f9-093a-4f12-8742-9f56d24831c1,Encyclopedic Dictionary of Yoga,Georg Feuerstein,,INSERT,,no match found,,,Encyclopedic Dictionary of Yoga,Georg Feuerstein
13a3030a-d953-441c-9dcf-584723705b7a,Your Voice Like a Ram's Horn,Marc Saperstein,,INSERT,,no match found,,,Your Voice Like a Ram's Horn,Marc Saperstein
13a6cae5-3534-499c-a5d3-60ff95411166,A Panorama of Indo-European Languages,W. B. Lockwood,,INSERT,,no match found,,,A Panorama of Indo-European Languages,W. B. Lockwood
13a8aa7d-80e9-4f10-87af-18a75ea40e50,"History - Remembered, Recovered, Invented",Bernard Lewis,,INSERT,,no match found,,,"History - Remembered, Recovered, Invented",Bernard Lewis
13b6da52-9e8c-4b65-8720-3a76bae6bbbf,On Aggression,Konrad Lorenz,,INSERT,,no match found,,,On Aggression,Konrad Lorenz
13b8e65a-e92f-463b-9564-81c17d0b47e5,Between the Yeshiva World and Modern Orthodoxy,Marc B. Shapiro,,INSERT,,no match found,,,Between the Yeshiva World and Modern Orthodoxy,Marc B. Shapiro
13b96dca-d423-4951-8298-fe30488134e6,Telling Time,Alexander Sturgis; National Gallery (Great Britain),,INSERT,,no match found,,,Telling Time,Alexander Sturgis; National Gallery (Great Britain)
13c39d90-2f52-4818-931d-a5a7dbe9a972,"Ben-Yehuda's pocket English-Hebrew, Hebrew-English dictionary",Ehud Ben-Yehuda,,INSERT,,no match found,,,"Ben-Yehuda's pocket English-Hebrew, Hebrew-English dictionary",Ehud Ben-Yehuda
13dd5e4b-3254-496a-b4ec-9365b9a35039,English Social History,G. M. Trevelyan,,INSERT,,no match found,,,English Social History,G. M. Trevelyan
13ecfa21-5899-466b-8416-36b58116487e,The Columbia-Viking Desk Encyclopedia,William Bridgwater,,INSERT,,no match found,,,The Columbia-Viking Desk Encyclopedia,William Bridgwater
13f4b82c-d5bd-414f-81d4-18f74890133d,Die Bucher Der Bibel,Ephraim Moses Lilien; D. Eduard Reuss,,INSERT,,no match found,,,Die Bucher Der Bibel,Ephraim Moses Lilien; D. Eduard Reuss
13f5ef1a-f791-407e-b9f9-68dc02b3c83a,S.,Slavenka Drakulić,,INSERT,,no match found,,,S.,Slavenka Drakulić
13f8a00f-ebc1-4232-ad43-0ec973a0d7e1,The Manuscript Library of the Armenian Patriarchate in Jerusalem,Michael E. Stone,,INSERT,,no match found,,,The Manuscript Library of the Armenian Patriarchate in Jerusalem,Michael E. Stone
13fc25e2-4dbd-451b-aeb2-3acaf4256683,Kisebb magyar nyelvtan,Szende Riedl,,INSERT,,no match found,,,Kisebb magyar nyelvtan,Szende Riedl
141c2207-e754-43c3-b1e5-b3cd46c5651e,Colloquial Serbo-Croat,Celia Hawkesworth,,INSERT,,no match found,,,Colloquial Serbo-Croat,Celia Hawkesworth
141c3c9c-f788-4b8d-8c3e-75da33143b2b,"Philosophical Papers: Volume 3, Realism and Reason",Hilary Putnam,,INSERT,,no match found,,,"Philosophical Papers: Volume 3, Realism and Reason",Hilary Putnam
141d260b-f3b6-4a71-8e21-9c5f480281db,The Yogasutra of Patanjali,Patañjali; Bangali Baba,,INSERT,,no match found,,,The Yogasutra of Patanjali,Patañjali; Bangali Baba
142197ba-2dad-4bb1-8a79-c59515e21b56,Views and controversies,S. Perlman,,INSERT,,no match found,,,Views and controversies,S. Perlman
14269db6-eccc-4553-8074-df57db622904,Vocational English Course (VEC) Intermediate,Amin Abu-Ayyash,title+author(exact),BLOCKED,,title length ratio 14.00 > 1.5; title similarity 0.621 < 0.92,vec,Unknown,Vocational English Course (VEC) Intermediate,Amin Abu-Ayyash
14341a85-8c6b-4f9d-a5be-7b1e7cd38917,La Juive,F Halevy,,INSERT,,no match found,,,La Juive,F Halevy
14366976-57d3-4f1c-8706-2763865ad297,Northanger Abbey,Jane Austen,,INSERT,,no match found,,,Northanger Abbey,Jane Austen
144461a5-b4a5-4a44-91d2-b68edc226c93,Outlines of the Philosophy of Aristotle,Edwin Wallace,,INSERT,,no match found,,,Outlines of the Philosophy of Aristotle,Edwin Wallace
14483d68-8909-4d05-89e6-595004e1f284,The Basilica of Vézelay,François Vogade,,INSERT,,no match found,,,The Basilica of Vézelay,François Vogade
145c42d5-e02b-42a8-8a4b-b64712d6b275,L'enseignement du violoncelle,Diran Alexanian,,INSERT,,no match found,,,L'enseignement du violoncelle,Diran Alexanian
148115f6-172f-4ab5-8c90-d0d1aeeabb32,La Pureté de l'amour,Ghislaine Chabrol,,INSERT,,no match found,,,La Pureté de l'amour,Ghislaine Chabrol
14843f44-7018-4573-9e10-7350e18e8c43,A Dictionary of Jewish Names and Their History,Benzion C. Kaganoff,,INSERT,,no match found,,,A Dictionary of Jewish Names and Their History,Benzion C. Kaganoff
14850872-2f9d-43c5-af82-b2860d509e67,The Fixer,Bernard Malamud,,INSERT,,no match found,,,The Fixer,Bernard Malamud
148fc749-5d22-44e0-8619-bccf29f82508,Six Poets of Modern Greece,Edmund Keeley,,INSERT,,no match found,,,Six Poets of Modern Greece,Edmund Keeley
148ff81a-1a70-4d60-85cd-08b373c16352,Remembrance of Things Past,Marcel Proust,,INSERT,,no match found,,,Remembrance of Things Past,Marcel Proust
14935c7e-de02-4033-8ac3-f395a9e7f676,The Kabbalistic Culture of Eighteenth-Century Prague,Sharon Flatto,,INSERT,,no match found,,,The Kabbalistic Culture of Eighteenth-Century Prague,Sharon Flatto
1495f0fd-d145-4f88-ba64-60d73cbeae11,The Lüscher color test,Max Lüscher,,INSERT,,no match found,,,The Lüscher color test,Max Lüscher
14a806bf-5d00-45b0-941d-8f4cae40af86,Czechoslovakia,David W Paul,,INSERT,,no match found,,,Czechoslovakia,David W Paul
14a89b40-34e4-4c27-ac7c-2d25961dc04f,"Play, Dreams, and Imitation in Childhood",Jean Piaget,,INSERT,,no match found,,,"Play, Dreams, and Imitation in Childhood",Jean Piaget
14b59385-c879-4d1e-bb72-b4d2f91a5b48,Daily exercises,Friedrich Grützmacher,,INSERT,,no match found,,,Daily exercises,Friedrich Grützmacher
14b96857-123c-401c-8af2-63cf3db5ddc9,Schriften zur griechischen und römischen Verfassungsgeschichte und Verfassungstheorie,Kurt von Fritz,,INSERT,,no match found,,,Schriften zur griechischen und römischen Verfassungsgeschichte und Verfassungstheorie,Kurt von Fritz
14c62dfe-c38d-4fce-a7b9-055f26d1ef4b,The Psychology of the Child,Jean Piaget,,INSERT,,no match found,,,The Psychology of the Child,Jean Piaget
14c6e514-afad-4a66-bfa6-fb2e49acd460,The Jewish Woman in Rabbinic Literature: A psychohistorical perspective,Menachem M. Brayer,,INSERT,,no match found,,,The Jewish Woman in Rabbinic Literature: A psychohistorical perspective,Menachem M. Brayer
14d8bb6f-7c99-43f2-b9da-f3ec9a7c52b1,Demosthenes,Werner Jaeger,,INSERT,,no match found,,,Demosthenes,Werner Jaeger
14ec53dd-544d-4e2e-95d1-812a2d432267,Samuel Palmer,Alfred Herbert Palmer,,INSERT,,no match found,,,Samuel Palmer,Alfred Herbert Palmer
14f24663-da02-49bf-83cc-22868aa37cd9,"Gedenkausgabe der Werke, Briefe und Gespräche",Johann Wolfgang von Goethe,title+author(exact),UPDATE,title|author|year|language,,"GEDENKAUSGABE DER WERKE, BRIEFE UND GESPRÄCHE",JOHANN WOLFGANG GOETHE,"Gedenkausgabe der Werke, Briefe und Gespräche",Johann Wolfgang von Goethe
15088e2e-48ac-431e-9955-dfb869eed217,Labor Law for the General Practitioner,American Bar Association. Section of General Practice,,INSERT,,no match found,,,Labor Law for the General Practitioner,American Bar Association. Section of General Practice
150ad4e4-2fa0-4bae-91ce-4c4849a06b66,"Gedenkausgabe der Werke, Briefe und Gespräche",Johann Wolfgang von Goethe,title+author(exact),UPDATE,title|author|year|language,,"GEDENKAUSGABE DER WERKE, BRIEFE UND GESPRÄCHE",JOHANN WOLFGANG GOETHE,"Gedenkausgabe der Werke, Briefe und Gespräche",Johann Wolfgang von Goethe
1511ed9f-1410-46c8-af73-d7b2a1741039,"Agricola, Germany, and Dialogue on Orators",Tacitus,,INSERT,,no match found,,,"Agricola, Germany, and Dialogue on Orators",Tacitus
15254acc-b478-48f0-845f-c0d8056fda5a,Supplément Aux Dictionnaires Arabes (2 Vols),R. Dozy,,INSERT,,no match found,,,Supplément Aux Dictionnaires Arabes (2 Vols),R. Dozy
1530ab33-ef23-47b9-b6a7-5fe170de5212,De l'éthique de l'amour à une philosophie première de la personne,Emmanuel Dor,,INSERT,,no match found,,,De l'éthique de l'amour à une philosophie première de la personne,Emmanuel Dor
153eabfe-22b4-40b1-a9ee-1eaaa12e69bd,The Papers of the Bibliographical Society of America,Bibliographical Society of America,fuzzy(1.000),BLOCKED,,author similarity 0.548 < 0.75,The PAPERS of the BIBLIOGRAPHICAL SOCIETY of AMERICA,"RICHARD KNOWLES, MARCUS A. McCORISON, ALAN R. YOUNG, SYDNEY J. SHEP",The Papers of the Bibliographical Society of America,Bibliographical Society of America
15456633-a47c-401a-bbf9-6c60de038b4f,M. Tullii Ciceronis Epistolae Selectae,Marcus Tullius Cicero; August Matthiae,title+author(exact),BLOCKED,,author similarity 0.528 < 0.75,M. TULLII CICERONIS EPISTOLAE SELECTAE,ALBERTO WATSON,M. Tullii Ciceronis Epistolae Selectae,Marcus Tullius Cicero; August Matthiae
154a7642-8869-4057-8db0-9d88a5eac6c3,Rabbi Nachman,Rabbi Nachman,,INSERT,,no match found,,,Rabbi Nachman,Rabbi Nachman
1566707e-efd4-49f8-8be2-f37c974aa302,These are the Names,Alfred J. Kolatch,,INSERT,,no match found,,,These are the Names,Alfred J. Kolatch
15670496-3e43-4044-a945-b9fb3844bebe,How to Sing,Lilli Lehmann,,INSERT,,no match found,,,How to Sing,Lilli Lehmann
1570ee9c-ccfe-4c45-b4f1-ea4082f89923,"Hercules, My Shipmate",Robert Graves,,INSERT,,no match found,,,"Hercules, My Shipmate",Robert Graves
15765afb-000e-4da1-a7c4-9025fd2d6cde,The Portable S. Scott Fitzgerald,Dorothy Parker,title+author(exact),BLOCKED,,author similarity 0.616 < 0.75,The Portable F. Scott Fitzgerald,"F. Scott Fitzgerald, Dorothy Parker, John O'Hara",The Portable S. Scott Fitzgerald,Dorothy Parker
1577cea5-36b3-4730-9c16-965b500a2e63,Madness and Civilization,Michel Foucault,,INSERT,,no match found,,,Madness and Civilization,Michel Foucault
157f8fd3-44bd-4784-8f26-e91ff937b159,The Presocratic Philosophers,Jonathan Barnes,,INSERT,,no match found,,,The Presocratic Philosophers,Jonathan Barnes
158888aa-afc0-4285-a307-27fe76ebdfc5,Gujarati language course,H. M. Lambert,,INSERT,,no match found,,,Gujarati language course,H. M. Lambert
158c2bc5-f147-4117-ab1c-1a318cab4371,"Prolegomena to a Greek-Hebrew, Hebrew-Greek Index to Aquila",Joseph Reider,,INSERT,,no match found,,,"Prolegomena to a Greek-Hebrew, Hebrew-Greek Index to Aquila",Joseph Reider
1595e9bf-e60a-4571-9ba3-5fd49bf7f794,Life and Letters To-day,Styra Avins,,INSERT,,no match found,,,Life and Letters To-day,Styra Avins
15a03d6d-dc20-4365-9dd3-75c9c11a3f5d,A Handbook for Archival Research in the USSR,Patricia Kennedy Grimsted,,INSERT,,no match found,,,A Handbook for Archival Research in the USSR,Patricia Kennedy Grimsted
15a4d0e1-5fa9-4a7a-85e1-040e96104032,The Rabbinic Class of Roman Palestine in Late Antiquity,Lee I. Levine,title+author(exact),UPDATE,language,,The Rabbinic Class of Roman Palestine in Late Antiquity,Lee I. Levine,The Rabbinic Class of Roman Palestine in Late Antiquity,Lee I. Levine
15aac93f-0f8b-47b8-9029-8403c26d3a7a,Central Europe,Christopher Lord,,INSERT,,no match found,,,Central Europe,Christopher Lord
15bbe9f9-f9fa-48a8-ba48-ee3008a02cd4,Sharpe's Sword,Bernard Cornwell,,INSERT,,no match found,,,Sharpe's Sword,Bernard Cornwell
15bd1b6a-11c9-44d9-866c-36e25f1e4949,The World as Will and Representation,Arthur Schopenhauer,,INSERT,,no match found,,,The World as Will and Representation,Arthur Schopenhauer
15be7de0-1815-4385-a10a-5389560cfb4c,Waterloo,Bernard Cornwell,title+author(exact),UPDATE,publisher|year|language,,Waterloo,Bernard Cornwell,Waterloo,Bernard Cornwell
15c61a2b-b61f-42a9-8f04-982c29063f6e,History and Destiny of the Jews,Josef Kastein,,INSERT,,no match found,,,History and Destiny of the Jews,Josef Kastein
15c946d3-6cb8-44da-beed-266d03b9be4c,A History of Philosophy Volume 5 - Modern Philosophy: The British Philosophers Part I Hobbes to Paley,Frederick C. Copleston,title+author(exact),UPDATE,year|language,,A History of Philosophy Volume 5 - Modern Philosophy: The British Philosophers Part I Hobbes to Paley,Frederick C. Copleston,A History of Philosophy Volume 5 - Modern Philosophy: The British Philosophers Part I Hobbes to Paley,Frederick C. Copleston
15cb81ee-41e6-487f-9b07-e7ccae806e54,Theravada Buddhism,Richard Gombrich,,INSERT,,no match found,,,Theravada Buddhism,Richard Gombrich
15cde8d7-cd86-4ed9-842a-2952cbc1e98b,A Mediterranean Society,S. D. Goitein,title+author(exact),BLOCKED,,title length ratio 5.33 > 1.5; title similarity 0.838 < 0.92,A Mediterranean Society: The Jewish Communities of the Arab World as Portrayed in the Documents of the Cairo Geniza,S. D. Goitein,A Mediterranean Society,S. D. Goitein
15cdf4f2-a80b-4982-bb8b-bb782c669fed,The Transfiguration of the Commonplace,Arthur C. Danto,,INSERT,,no match found,,,The Transfiguration of the Commonplace,Arthur C. Danto
15d30ebb-b4ec-4337-8c69-3326b167ec8f,"Dutch Art and Architecture, 1600 to 1800. [By] Jakob Rosenberg, Seymour Slive, E.H. Ter Kuile",Jakob Rosenberg,,INSERT,,no match found,,,"Dutch Art and Architecture, 1600 to 1800. [By] Jakob Rosenberg, Seymour Slive, E.H. Ter Kuile",Jakob Rosenberg
15d33973-2f19-462d-9fe5-619894b8aa69,The Philosophy of Al Farabi and Its Influence on Medieval Thought,"Robert Hammond (révérend.); Robert Hammond, MRC",,INSERT,,no match found,,,The Philosophy of Al Farabi and Its Influence on Medieval Thought,"Robert Hammond (révérend.); Robert Hammond, MRC"
15d392b5-7115-479d-8dda-02f2c4840508,Reader in Library Technology,Shirley Gray Adamovich,,INSERT,,no match found,,,Reader in Library Technology,Shirley Gray Adamovich
15f296e6-9463-4f58-b9ff-b7fb7501a280,Botsford and Robinson's Hellenic History. Fifth Edition. Revised by Donald Kagan,George Willis BOTSFORD (and ROBINSON (Charles Alexander)); Donald Kagan; Charles Alexander Robinson,,INSERT,,no match found,,,Botsford and Robinson's Hellenic History. Fifth Edition. Revised by Donald Kagan,George Willis BOTSFORD (and ROBINSON (Charles Alexander)); Donald Kagan; Charles Alexander Robinson
15fc0d68-9584-4852-81aa-ca95046e668d,Vies,Plutarque,,INSERT,,no match found,,,Vies,Plutarque
1604b539-5aed-4eeb-a839-4986811e7d93,Beethoven,Donald Francis Tovey,,INSERT,,no match found,,,Beethoven,Donald Francis Tovey
160951b0-12b8-42b8-b669-84610ed5d9d6,Bahir,Aryeh Kaplan; Roman Kořan,,INSERT,,no match found,,,Bahir,Aryeh Kaplan; Roman Kořan
161d65f6-11bc-47b9-995e-2dead3fbc0d5,Roma in bianco e nero,Claudio Corrivetti,,INSERT,,no match found,,,Roma in bianco e nero,Claudio Corrivetti
162f4c9e-c188-4602-9b63-b326205690e5,The Cambridge Encyclopedia of Language,David Crystal,,INSERT,,no match found,,,The Cambridge Encyclopedia of Language,David Crystal
1633bac4-e5c8-4840-a249-ae55d6c94f20,Bare-Metal Embedded C Programming,Israel Gbati,title+author(exact),BLOCKED,,title length ratio 33.00 > 1.5; title similarity 0.000 < 0.92,C,Unknown,Bare-Metal Embedded C Programming,Israel Gbati
163a2d34-1844-4f5c-9239-3ac65948f1b8,Coptic,Johanna Brankaer,,INSERT,,no match found,,,Coptic,Johanna Brankaer
163dfdcc-b64a-4e0c-8a5a-cbc50c0c2d7a,Helyesírási tanácsadó szótár,Unknown,title+author(exact),UPDATE,year|language,,Helyesírási tanácsadó szótár,Unknown,Helyesírási tanácsadó szótár,Unknown
164272bc-44ad-450a-a4cb-651889d435e3,Theophrastean Studies,William Wall Fortenbaugh; Robert W. Sharples,,INSERT,,no match found,,,Theophrastean Studies,William Wall Fortenbaugh; Robert W. Sharples
16451dcd-f8f7-42da-b040-429a120bd60b,"OECD Guidelines for the Testing of Chemicals, Section 3 Test No. 310: Ready Biodegradability - CO2 in sealed vessels (Headspace Test)",OECD,,INSERT,,no match found,,,"OECD Guidelines for the Testing of Chemicals, Section 3 Test No. 310: Ready Biodegradability - CO2 in sealed vessels (Headspace Test)",OECD
165af59e-41e6-4550-88bf-a8c7de0b18f4,Annales,Cornelius Tacitus,,INSERT,,no match found,,,Annales,Cornelius Tacitus
165c721c-9d3a-4db7-a094-816747a7f9f0,Shorter Atlas of the Bible,Luc H. GROLLENBERG,,INSERT,,no match found,,,Shorter Atlas of the Bible,Luc H. GROLLENBERG
165c7363-d8c5-4216-bb7d-f4cbcd60021e,The Journal of Hellenic Studies,"P. Athanassiadi, A.B. Bosworth, E.M. Craik, et al.",,INSERT,,no match found,,,The Journal of Hellenic Studies,"P. Athanassiadi, A.B. Bosworth, E.M. Craik, et al."
165f6063-8078-4a6c-a970-5dac542069d3,Cellist,Gregor Piatigorsky,,INSERT,,no match found,,,Cellist,Gregor Piatigorsky
16701b85-4800-4ca9-8c24-5f1b618f4a8e,Terentius' comoediae,Publius Terentius Afer,,INSERT,,no match found,,,Terentius' comoediae,Publius Terentius Afer
16752ebe-dad6-4465-bb73-049ea54b4210,Begin Chess,D. B. Pritchard,,INSERT,,no match found,,,Begin Chess,D. B. Pritchard
16806268-7f3e-4bf8-b82d-95be5ea9f4f0,The Psychology of Women,Helene Deutsch,fuzzy(0.927),BLOCKED,,title length ratio 1.58 > 1.5,The Psychology of Women: Motherhood,Helene Deutsch,The Psychology of Women,Helene Deutsch
168799e9-fc81-459b-a506-7442c78dcb20,Science and Civilization in Islam,Seyyed Hossein Nasr,,INSERT,,no match found,,,Science and Civilization in Islam,Seyyed Hossein Nasr
16a099e8-97d6-4aaa-a68e-acef1894d796,A Historical Commentary on Thucydides: the Ten Years' War,A. W. Gomme,fuzzy(0.932),BLOCKED,,title length ratio 1.51 > 1.5,A Historical Commentary on Thucydides,A. W. Gomme,A Historical Commentary on Thucydides: the Ten Years' War,A. W. Gomme
16aaee1c-8192-4ecc-8b42-5018057d542c,"A Manual of the Bengali Language, by J.D. Anderson ...",J. D. Anderson,,INSERT,,no match found,,,"A Manual of the Bengali Language, by J.D. Anderson ...",J. D. Anderson
16ac242a-2773-4ee9-a2ea-897fb352d5ed,Jew-hate as a Sociological Problem,Peretz F. Bernstein,,INSERT,,no match found,,,Jew-hate as a Sociological Problem,Peretz F. Bernstein
16b32b3a-6bed-4529-b742-7497d572a061,The Varieties of Religious Experience,William James,,INSERT,,no match found,,,The Varieties of Religious Experience,William James
16b4e074-9a08-40f7-b12d-07d82a102c17,Glossaire des mots espagnols et portugais dérivés de l'arabe,Reinhart Dozy,,INSERT,,no match found,,,Glossaire des mots espagnols et portugais dérivés de l'arabe,Reinhart Dozy
16b5ecd0-c46a-4759-b594-3ad0d0b98a46,The Complete Works Of O. Henry,O. Henry,,INSERT,,no match found,,,The Complete Works Of O. Henry,O. Henry
16b717e3-667b-4492-b524-7a0449dae9e5,The teacher's guide for a treasury of Sephardic laws and customs,Rabbi Herbert C. Dobrinsky,,INSERT,,no match found,,,The teacher's guide for a treasury of Sephardic laws and customs,Rabbi Herbert C. Dobrinsky
16ba0359-ee72-4f64-a46c-96ca8e4b06e7,The Meaning of Hamlet,Levin Ludwig Schücking,,INSERT,,no match found,,,The Meaning of Hamlet,Levin Ludwig Schücking
16bb3994-bd58-4847-9bdc-e2c842e16f8f,Dego dei cancellieri di Pistoia e una questione di decime a Reggio Emilia nell'anno 1280,Quinto Santoli,,INSERT,,no match found,,,Dego dei cancellieri di Pistoia e una questione di decime a Reggio Emilia nell'anno 1280,Quinto Santoli
16bcd8fb-3bef-47db-8cf1-f4c2beadc18b,Love & Joy,Yochanan Muffs,,INSERT,,no match found,,,Love & Joy,Yochanan Muffs
16d44b82-2d8d-45b4-968e-a829b7470eef,Dramatic bibliography,Blanch M. Baker,,INSERT,,no match found,,,Dramatic bibliography,Blanch M. Baker
16d9d1ea-adb4-4133-99e5-e2f29de2dcf2,An English-Tamil Dictionary,P. Percival (Rev.),,INSERT,,no match found,,,An English-Tamil Dictionary,P. Percival (Rev.)
16e547e0-fd18-43f0-866b-bbea710a0dcb,The Historians of Greece and Rome,Stephen Usher,,INSERT,,no match found,,,The Historians of Greece and Rome,Stephen Usher
16e58765-5d2d-4547-acbb-f13878eb0fad,Maimonides and the Hermeneutics of Concealment,James Arthur Diamond,,INSERT,,no match found,,,Maimonides and the Hermeneutics of Concealment,James Arthur Diamond
16ea1d91-3988-4eb8-ba69-a1a4553f339d,Joseph and Aseneth and the Jewish Temple in Heliopolis,Gideon Bohak,,INSERT,,no match found,,,Joseph and Aseneth and the Jewish Temple in Heliopolis,Gideon Bohak
16ee1441-0f21-4838-82f4-d6a022de7724,The Seven Laws of Noah,Aaron Lichtenstein,,INSERT,,no match found,,,The Seven Laws of Noah,Aaron Lichtenstein
16f8a766-f271-4991-ad2d-1def8a468080,Demosthenis Orationes,S. H. Butcher,,INSERT,,no match found,,,Demosthenis Orationes,S. H. Butcher
16fec97c-cf52-49bd-ac6d-e18cea3928c6,Lehrbuch der jüdischen Geschichte,Hugo Fuchs,,INSERT,,no match found,,,Lehrbuch der jüdischen Geschichte,Hugo Fuchs
170be640-c656-4f4f-82a4-5e861acf94d8,History of the Hellenic world,George A. Christopoulos; Geōrgios S. Phylaktopoulos,,INSERT,,no match found,,,History of the Hellenic world,George A. Christopoulos; Geōrgios S. Phylaktopoulos
1717d11e-2ce2-4036-9188-c6211fe8a0ad,The exact sciences in antiquity,O. Neugebauer,,INSERT,,no match found,,,The exact sciences in antiquity,O. Neugebauer
173d0cd7-c910-4245-b2a8-887ae954a992,Heinrich Heines sämtliche Werke,Heinrich Heine,,INSERT,,no match found,,,Heinrich Heines sämtliche Werke,Heinrich Heine
173e6732-0c4d-4585-a3e1-107907d55518,Phoenix,Unknown,title+author(exact),UPDATE,title|year|language,,The Phoenix,Unknown,Phoenix,Unknown
173e9548-47d9-42fb-8b89-f8d670b2fc74,A History of Religious Ideas,Mircea Eliade,,INSERT,,no match found,,,A History of Religious Ideas,Mircea Eliade
17408010-8d72-42db-9d0a-f874e2ff5f6a,The Story of the Second World War,Henry Steele Commager,,INSERT,,no match found,,,The Story of the Second World War,Henry Steele Commager
1743fe66-e055-4349-a47d-6d6e244ad5c8,M. T. Ciceronis pars secunda sive Orationes omnes,Marcus Tullius Cicero,,INSERT,,no match found,,,M. T. Ciceronis pars secunda sive Orationes omnes,Marcus Tullius Cicero
175138c2-7f8a-481e-a99e-ae0030fddbc2,Towards a New Manifesto,Theodor Adorno; Max Horkheimer,,INSERT,,no match found,,,Towards a New Manifesto,Theodor Adorno; Max Horkheimer
175de9a0-5a67-4150-9084-dde4f2d2418c,A Tale of Two Cities,"Vivian B. Mann; Jewish Museum (New York, N.Y.)",,INSERT,,no match found,,,A Tale of Two Cities,"Vivian B. Mann; Jewish Museum (New York, N.Y.)"
175f3f8c-895f-4d0b-a1e7-ceffae26e7a5,Armenia in Ancient and Medieval Times,Robert Bedrosian,,INSERT,,no match found,,,Armenia in Ancient and Medieval Times,Robert Bedrosian
17698690-a261-475c-aaa2-591d31dc0011,"Piano Concerto No. 1 in B-Flat Minor, Op. 23",Peter Ilyich Tchaikovsky,,INSERT,,no match found,,,"Piano Concerto No. 1 in B-Flat Minor, Op. 23",Peter Ilyich Tchaikovsky
176b1256-ce37-41b3-bad4-ecc6a53e1d10,Kafkas Dichtungen. Die Travestien Des Mythos,Kurt Weinberg,title+author(exact),BLOCKED,,title length ratio 2.53 > 1.5; title similarity 0.879 < 0.92,KAFKAS DICHTUNGEN,KURT WEINBERG,Kafkas Dichtungen. Die Travestien Des Mythos,Kurt Weinberg
1774e4b9-df04-4bce-bae3-661c404d7e1b,Into the Arms of Strangers,Mark Jonathan Harris,,INSERT,,no match found,,,Into the Arms of Strangers,Mark Jonathan Harris
177ab43f-1525-4a45-b06f-5ac1c2d01131,The Subject is Murder,Albert J. Menendez,,INSERT,,no match found,,,The Subject is Murder,Albert J. Menendez
177e6698-0266-400d-ae0d-8e4098181109,Cancionero,John Donald Robb,,INSERT,,no match found,,,Cancionero,John Donald Robb
178059c8-f26b-47f5-b3d2-11224b2161de,Metamorphoses,Ovid,fuzzy(1.000),BLOCKED,,author similarity 0.458 < 0.75,Metamorphoses,Apuleius,Metamorphoses,Ovid
179a01e9-a807-437b-a303-2046e6df8aad,Pietro Testa,Pietro Testa,,INSERT,,no match found,,,Pietro Testa,Pietro Testa
17a30759-bac7-49b4-9b53-a3a74cd18453,Der Schriftsteller Heinrich Böll,Heinrich Böll,,INSERT,,no match found,,,Der Schriftsteller Heinrich Böll,Heinrich Böll
17a3a4b2-6050-4776-92c8-2816a6e8cb23,Democracy in America,Alexis de Tocqueville; John Stuart Mill; Henry Reeve,,INSERT,,no match found,,,Democracy in America,Alexis de Tocqueville; John Stuart Mill; Henry Reeve
17af6891-b056-4ca3-a8cc-66c7a2f5d744,The Cults of the Greek States,LR. Farnell,fuzzy(1.000),BLOCKED,,author similarity 0.450 < 0.75,THE CULTS OF THE GREEK STATES,"Theodor W. Adorno, Farnell",The Cults of the Greek States,LR. Farnell
17bb3995-2778-497d-9410-c3d32a3674ac,The Journal of Hellenic Studies,"Society for the Promotion of Hellenic Studies (London, England)",,INSERT,,no match found,,,The Journal of Hellenic Studies,"Society for the Promotion of Hellenic Studies (London, England)"
17bff147-ebcb-42f9-b14f-3e374f5b6c36,American journal of ancient history,Unknown,,INSERT,,no match found,,,American journal of ancient history,Unknown
17cf777f-2d72-4f0b-a825-3b39cbd6de5c,Report on Project History Retrieval,Elizabeth Ingerman Wood; Drexel Institute of Technology. Graduate School of Library Science; Henry Francis du Pont Winterthur Museum,title+author(exact),BLOCKED,,title similarity 0.758 < 0.92,Project History Retrieval,Elizabeth Ingerman Wood,Report on Project History Retrieval,Elizabeth Ingerman Wood; Drexel Institute of Technology. Graduate School of Library Science; Henry Francis du Pont Winterthur Museum
17dc7fbf-b3d6-43aa-8385-67da359164f0,The Venture of Islam,Marshall G. S. Hodgson,title+author(exact),UPDATE,year|language,,The Venture of Islam,Marshall G. S. Hodgson,The Venture of Islam,Marshall G. S. Hodgson
17de084e-9dd4-458f-9098-56fbe4694bc6,"Japanese, Nazis & Jews",David Kranzler,,INSERT,,no match found,,,"Japanese, Nazis & Jews",David Kranzler
17df738b-8a79-4b5b-bab1-be798daac055,Charting the Sea of Darkness,Donald S. Johnson,,INSERT,,no match found,,,Charting the Sea of Darkness,Donald S. Johnson
17e1da18-b6e7-46d7-94f8-adf7325fe023,Aristotle,Jonathan Barnes,,INSERT,,no match found,,,Aristotle,Jonathan Barnes
17e24bca-84ad-4291-9686-8457233fbacd,The Second Middle Age,Ronald J. Manheimer,,INSERT,,no match found,,,The Second Middle Age,Ronald J. Manheimer
17e3f50a-8547-4e7b-b0b3-bba39f434ec2,Les petites hontes,Frédéric Saldmann,,INSERT,,no match found,,,Les petites hontes,Frédéric Saldmann
17e421d8-94db-43b3-af0b-4f1626b1e1f9,Lady Chatterley's Lover,D.H. Lawrence,,INSERT,,no match found,,,Lady Chatterley's Lover,D.H. Lawrence
17f12d54-05a3-47e1-9144-5555f5610c6d,The Open Society and Its Enemies,Karl Popper,,INSERT,,no match found,,,The Open Society and Its Enemies,Karl Popper
17f52590-fa07-4998-a4da-b193b26db969,Seven Archangels,iMinds,,INSERT,,no match found,,,Seven Archangels,iMinds
17fa1f49-be45-4bd9-9dec-b4825e710cfd,The Greek Dialects,Carl Darling Buck,,INSERT,,no match found,,,The Greek Dialects,Carl Darling Buck
17ff7855-6c45-46e3-83e4-08fe203b9bd0,Upton House,National Trust (Great Britain),,INSERT,,no match found,,,Upton House,National Trust (Great Britain)
1813c03a-0a0c-4046-a23f-55ba156ec63d,Proceedings of the Cambridge Philological Society,Cambridge Philological Society,,INSERT,,no match found,,,Proceedings of the Cambridge Philological Society,Cambridge Philological Society
1826543a-4246-4ba8-949b-ff65daf976cf,Structural Functions in Music,Wallace Berry,,INSERT,,no match found,,,Structural Functions in Music,Wallace Berry
18270f08-cb6e-4afa-a40e-4a894e2d321b,Doctor Zhivago (Vintage Classic Russians Series),Boris Pasternak,,INSERT,,no match found,,,Doctor Zhivago (Vintage Classic Russians Series),Boris Pasternak
182bd831-912e-4d29-82b3-eb9514478d3d,Proceedings of the Cambridge Philological Society,Cambridge Philological Society,,INSERT,,no match found,,,Proceedings of the Cambridge Philological Society,Cambridge Philological Society
182de8e9-30e6-47bb-9b80-743441c01966,Jewish Perspectives on the Experience of Suffering,Shalom Carmy,,INSERT,,no match found,,,Jewish Perspectives on the Experience of Suffering,Shalom Carmy
1837dcfc-a254-425d-b415-8027f25eff1e,Haydn's Oratorio 'The Creation' (composed in the Years 1797 and 1798),Joseph Haydn; Vincent Novello,,INSERT,,no match found,,,Haydn's Oratorio 'The Creation' (composed in the Years 1797 and 1798),Joseph Haydn; Vincent Novello
1854c72e-428d-40ae-8808-352b409a3adb,St. Jerome as a Satirist,David S. Wiesen,,INSERT,,no match found,,,St. Jerome as a Satirist,David S. Wiesen
1856679a-4712-4078-b22c-31736f710417,The Doves' Nest and Other Stories,Katherine Mansfield,,INSERT,,no match found,,,The Doves' Nest and Other Stories,Katherine Mansfield
1868d6f4-7a50-4a8a-b611-304ae267e805,Birds,Herbert S. Zim; Ira N. Gabrielson,,INSERT,,no match found,,,Birds,Herbert S. Zim; Ira N. Gabrielson
188bfe78-eec9-4229-9318-e61f07eb5013,Rhythmical Articulation,Pasquale Bona,,INSERT,,no match found,,,Rhythmical Articulation,Pasquale Bona
189ff59b-b3ec-465d-aee1-93823c6e3ddd,Roman Art,Paul Zanker,,INSERT,,no match found,,,Roman Art,Paul Zanker
18acce45-3b5a-49a7-a88b-8719e24ba5eb,Biblical Archaeologist Reader,"David N. Freedman; Edward F. Campbell, Jr.",,INSERT,,no match found,,,Biblical Archaeologist Reader,"David N. Freedman; Edward F. Campbell, Jr."
18b5324c-2771-416b-8484-24a897d356f5,Anthology of Music traditions in Israel,Raymond Goldstein,,INSERT,,no match found,,,Anthology of Music traditions in Israel,Raymond Goldstein
18c531eb-2301-4d0d-b8bb-594639a3020f,Power and Preparedness in Thucydides,June W. Allison,,INSERT,,no match found,,,Power and Preparedness in Thucydides,June W. Allison
18caef76-c9b2-4f4c-a081-299158a722e8,The Cambridge Ancient History,John Bagnell Bury; S.A. Cook; Frank Ezra Adcock,,INSERT,,no match found,,,The Cambridge Ancient History,John Bagnell Bury; S.A. Cook; Frank Ezra Adcock
18d5957c-dee7-4e81-9244-d8bdadda6bb7,Governing Morals,Alan Hunt,,INSERT,,no match found,,,Governing Morals,Alan Hunt
18dc6e33-404d-4d54-af5d-57530caec2d8,The Art of the West,Henri Focillon,title+author(exact),BLOCKED,,title length ratio 1.67 > 1.5,The Art of the West II GOTHIC,Henri Focillon,The Art of the West,Henri Focillon
18e15321-03b6-4b1a-8948-34edc991f54a,An Introduction to the Comparative Grammar of the Semitic Languages,"Sabatino; Spitaler Moscati (Anton; Ullendorff, Edward; von Soden, Wolfram)",,INSERT,,no match found,,,An Introduction to the Comparative Grammar of the Semitic Languages,"Sabatino; Spitaler Moscati (Anton; Ullendorff, Edward; von Soden, Wolfram)"
18e2cced-2ce8-4530-8df5-e000179e3e80,Parsifal,Richard Wagner,,INSERT,,no match found,,,Parsifal,Richard Wagner
18ee3ffd-eadb-44d8-90a5-ec78ac04b004,"A Companion to the Philosophy of Language, 2 Volume Set",Bob Hale; Crispin Wright; Alexander Miller,,INSERT,,no match found,,,"A Companion to the Philosophy of Language, 2 Volume Set",Bob Hale; Crispin Wright; Alexander Miller
18f8dbb5-43b5-446c-831e-1eb5137f12fa,The Cambridge Companion to Medieval Jewish Philosophy,Daniel H. Frank; Oliver Leaman,,INSERT,,no match found,,,The Cambridge Companion to Medieval Jewish Philosophy,Daniel H. Frank; Oliver Leaman
19189ee4-1805-48b1-a68f-8bf5202ebfc8,Coming to Terms with Security,Steve Tulliu; Thomas Schmalberger,,INSERT,,no match found,,,Coming to Terms with Security,Steve Tulliu; Thomas Schmalberger
192c55b7-5b7f-46d9-87d9-192af93c973f,Feudalism. 3rd ed,F.L. Ganshof,title+author(exact),BLOCKED,,title length ratio 1.78 > 1.5; title similarity 0.912 < 0.92,FEUDALISM,FLGANSHOP,Feudalism. 3rd ed,F.L. Ganshof
19306bad-d83f-48e6-bd06-728538ded44a,The National Gallery London,Michael Wilson,title+author(exact),UPDATE,year|language,,The National Gallery London,Michael Wilson,The National Gallery London,Michael Wilson
1933eb74-6780-43ae-b4f8-3fbb6d386988,Eleven Plays of Henrik Ibsen,Henrik Ibsen,title+author(exact),UPDATE,year|language,,Eleven Plays of Henrik Ibsen,Henrik Ibsen,Eleven Plays of Henrik Ibsen,Henrik Ibsen
1936c83b-33ee-4ac8-8f70-391ce0f30a61,Septem quae supersunt tragoedias [sic],Sir Denys Lionel Page,,INSERT,,no match found,,,Septem quae supersunt tragoedias [sic],Sir Denys Lionel Page
194367d1-6f58-4290-91f9-584576b9ac64,Larousse Encyclopedia of Prehistoric and Ancient Art,Ethel & Raymond,,INSERT,,no match found,,,Larousse Encyclopedia of Prehistoric and Ancient Art,Ethel & Raymond
19470838-24a4-4774-be31-2b732aca4253,A History of the Jewish People,Abraham Malamat,,INSERT,,no match found,,,A History of the Jewish People,Abraham Malamat
194860af-5249-43df-86ff-3bd0e8e29b7d,The Bond Teller,RABBI JULES HARLOW,title+author(exact),UPDATE,year|language,,The Bond Teller,RABBI JULES HARLOW,The Bond Teller,RABBI JULES HARLOW
1958b2a4-68e4-4544-b9d4-0355718963b8,Women and Jewish Divorce,Shlomo Riskin,,INSERT,,no match found,,,Women and Jewish Divorce,Shlomo Riskin
196160b4-e9a3-4a1c-a2bf-7575e408d65e,Plato's Protagoras,B. A. F. Hubbard; Ellen S. Karnofsky,title+author(exact),UPDATE,publisher|year|language,,Plato's Protagoras,B. A. F. Hubbard; Ellen S. Karnofsky,Plato's Protagoras,B. A. F. Hubbard; Ellen S. Karnofsky
19907bab-cd04-4175-a57a-2fcb0f0a9ff3,Indonesian Readings,John U. Wolff,title+author(exact),BLOCKED,,title length ratio 1.90 > 1.5; title similarity 0.905 < 0.92,Indonesian,John B. Kwee,Indonesian Readings,John U. Wolff
1990ea23-2c93-43d1-95f6-9b13fcaec53b,San Francisco at Your Feet,Margot Patterson Doss,title+author(exact),UPDATE,year|language,,San Francisco at Your Feet,Margot Patterson Doss,San Francisco at Your Feet,Margot Patterson Doss
19a87c34-64eb-4091-b138-8b58616b5642,Fundamentals of Behavioral Statistics,Richard P. Runyon; Audrey Haber,,INSERT,,no match found,,,Fundamentals of Behavioral Statistics,Richard P. Runyon; Audrey Haber
19b0047f-7744-42ef-abb8-686b1c1b1015,“An” American Jewish Bibliography,Abraham S. W. Rosenbach,,INSERT,,no match found,,,“An” American Jewish Bibliography,Abraham S. W. Rosenbach
19c67e1b-8cdd-4a08-94a0-b55cac3cb2b5,Worlds in Collision,Immanuel Velikovsky,,INSERT,,no match found,,,Worlds in Collision,Immanuel Velikovsky
19c6d04c-ed39-48f3-81d6-5aa354f38323,Epitome of Copernican Astronomy,Johannes Kepler,,INSERT,,no match found,,,Epitome of Copernican Astronomy,Johannes Kepler
19e6293e-4648-4d10-a1c8-b145007b3acf,Rede und Antwort,Thomas Mann,,INSERT,,no match found,,,Rede und Antwort,Thomas Mann
19f5f12a-a0b9-4b00-9aa1-c64186ccaeba,Paris,Unknown,,INSERT,,no match found,,,Paris,Unknown
19fe3fbd-f968-4c2b-9715-43a9f42edae4,Rome of the Caesars,Leonardo B. Dal Maso,,INSERT,,no match found,,,Rome of the Caesars,Leonardo B. Dal Maso
19ff4b7b-d7ce-4750-a077-fa5aa7bba3d2,Making Peace with Your Parents,Harold H. Bloomfield,,INSERT,,no match found,,,Making Peace with Your Parents,Harold H. Bloomfield
1a34b15a-5e22-49d3-933c-035371fe5867,The Blue and Brown Books,Ludwig Wittgenstein,,INSERT,,no match found,,,The Blue and Brown Books,Ludwig Wittgenstein
1a3c8748-8d54-4f75-9b8b-c8f9c3fb0264,Love and Terror in the God Encounter,David Hartman,,INSERT,,no match found,,,Love and Terror in the God Encounter,David Hartman
1a3d0613-291a-4097-b279-3a202b676448,The Hidden and Manifest God,Peter Schafer; Peter Schäfer,,INSERT,,no match found,,,The Hidden and Manifest God,Peter Schafer; Peter Schäfer
1a4e1aa9-4c38-4998-8605-7e523d29207b,Anatomy of Criticism,Northrop Frye,,INSERT,,no match found,,,Anatomy of Criticism,Northrop Frye
1a4e695d-6540-4691-adf9-eeff04cb76c6,A Statistical Linguistic Analysis of American English,A. Hood Roberts,,INSERT,,no match found,,,A Statistical Linguistic Analysis of American English,A. Hood Roberts
1a508ec0-4e64-4d19-b04c-41c9b6b176ec,Sämtliche Lieder,Robert Schumann,,INSERT,,no match found,,,Sämtliche Lieder,Robert Schumann
1a5283ff-ab10-4edf-a928-7fce529d5ccd,Moral Notions,Julius Kovesi,,INSERT,,no match found,,,Moral Notions,Julius Kovesi
1a5335eb-5672-4584-ac0d-9ae832a3a5bd,Diodorus Siculus: transl ..,C. H. Oldfather,,INSERT,,no match found,,,Diodorus Siculus: transl ..,C. H. Oldfather
1a577934-ec8b-4722-a216-c2f8ecf4a902,The History of the Church,Eusebius,,INSERT,,no match found,,,The History of the Church,Eusebius
1a5a3535-aec8-4577-9925-c49bce6154a0,The Pity of it All,Amos Elon,,INSERT,,no match found,,,The Pity of it All,Amos Elon
1a69a670-21d7-41b7-b055-75baf7188830,The Jew in the Medieval World,Jacob R. Marcus,,INSERT,,no match found,,,The Jew in the Medieval World,Jacob R. Marcus
1a6b75c7-8bf3-4755-81b9-7b3ac68e3948,Anthologie grecque,Unknown,title+author(exact),BLOCKED,,title length ratio 2.11 > 1.5; title similarity 0.895 < 0.92,Anthologie Grecque Anthologie Palatine,Unknown,Anthologie grecque,Unknown
1a6daeb9-c347-4bbd-b7a0-c27a2e4137df,Deciphering the Signs of God,Annemarie Schimmel,,INSERT,,no match found,,,Deciphering the Signs of God,Annemarie Schimmel
1a7498ae-57f2-49d7-b408-f867736ca6e0,42 studi per violoncello,Rodolphe Kreutzer,,INSERT,,no match found,,,42 studi per violoncello,Rodolphe Kreutzer
1a80a01a-9176-4f59-ae7f-28f7c828f773,An Introduction to Plato's Laws,R. F. Stalley,,INSERT,,no match found,,,An Introduction to Plato's Laws,R. F. Stalley
1a871a1b-4e65-4019-aaec-b5fc29baf4b3,Sehnsucht - mein geliebtes Kind,Eva Ehrenberg,,INSERT,,no match found,,,Sehnsucht - mein geliebtes Kind,Eva Ehrenberg
1a8aeffd-f725-4e5d-a016-885e4b4cadf8,Oxford Lectures on Poetry,A.C Bradley,,INSERT,,no match found,,,Oxford Lectures on Poetry,A.C Bradley
1aa40d8b-b01d-46e4-821c-3b799b342544,The Tahkemoni of Judah al-Harizi,Yehudah ben Shelomoh Alḥarizi; Victor Emanuel Reichert,,INSERT,,no match found,,,The Tahkemoni of Judah al-Harizi,Yehudah ben Shelomoh Alḥarizi; Victor Emanuel Reichert
1aa79ec8-d439-4f18-9ec7-f589f5d5e03e,Arthur Darby Nock,Arthur Darby Nock,,INSERT,,no match found,,,Arthur Darby Nock,Arthur Darby Nock
1aa94d97-96ee-4a51-b63a-7addbdbafc5a,Wörterbuch der aegyptischen Sprache,Adolf Erman,title+author(exact),UPDATE,year|language,,Wörterbuch der aegyptischen Sprache,Adolf Erman,Wörterbuch der aegyptischen Sprache,Adolf Erman
1aab31dc-5873-4077-b9ae-9d890902ef33,Cleisthenes the Athenian,Pierre Lévêque; Pierre Vidal-Naquet,,INSERT,,no match found,,,Cleisthenes the Athenian,Pierre Lévêque; Pierre Vidal-Naquet
1aad388f-f694-4d73-b0a6-38645931f66e,Dialogues Concerning Natural Religion,David Hume,,INSERT,,no match found,,,Dialogues Concerning Natural Religion,David Hume
1aae1eae-6df3-4b50-9d16-96acd76f729a,Das sasanidische Rechtsbuch ’Mātakdān-i hazār dātistān’ (Teil II),Maria Macuch,,INSERT,,no match found,,,Das sasanidische Rechtsbuch ’Mātakdān-i hazār dātistān’ (Teil II),Maria Macuch
1abb5d7f-8ae2-4be7-ae71-6f0b7977ca8e,A Tree of Life,Louis Jacobs,,INSERT,,no match found,,,A Tree of Life,Louis Jacobs
1acedba2-be21-449d-b8b5-fbdf7ae0a484,Apollodorus,Apollodorus (of Athens.); Sir James George Frazer,fuzzy(0.969),BLOCKED,,author similarity 0.485 < 0.75,Apollodorus I,Sir J. G. Frazer,Apollodorus,Apollodorus (of Athens.); Sir James George Frazer
1ad315de-cbbf-4ab8-9e03-79012c669992,A Commentary on Herodotus,W. W. How; J. Wells,title+author(exact),UPDATE,year|language,,A Commentary on Herodotus,W. W. How; J. Wells,A Commentary on Herodotus,W. W. How; J. Wells
1ad80c11-02f6-4873-811e-4b368d8ed20f,The Book of Hebrew Script,Ada Yardeni,,INSERT,,no match found,,,The Book of Hebrew Script,Ada Yardeni
1ae116e2-ab2e-4bea-a8c9-2be4666f21ee,The Cambridge Companion to Newton,I. Bernard Cohen; George E. Smith,,INSERT,,no match found,,,The Cambridge Companion to Newton,I. Bernard Cohen; George E. Smith
1ae5b26f-d366-414f-a0a1-7336e395e2bb,The Ambassadors,Henry James,,INSERT,,no match found,,,The Ambassadors,Henry James
1ae71709-066b-49f8-917d-5db3bd257600,La pensée juive,André Chouraqui,,INSERT,,no match found,,,La pensée juive,André Chouraqui
1ae98ad8-7d7d-471c-b39a-49235ff5d45d,An Introduction to Language,Victoria Fromkin; Robert Rodman,title+author(exact),UPDATE,publisher|year|language,,An Introduction to Language,Victoria Fromkin; Robert Rodman,An Introduction to Language,Victoria Fromkin; Robert Rodman
1aeb6f1b-1804-49e7-8df1-9555c92e1555,Paths of Faith,John Alexander Hutchison,,INSERT,,no match found,,,Paths of Faith,John Alexander Hutchison
1af47e38-d471-45e2-ad24-370cf7b12710,Sumerisches Glossar,Friedrich Ellermeier,title+author(exact),UPDATE,year|language,,Sumerisches Glossar,Friedrich Ellermeier,Sumerisches Glossar,Friedrich Ellermeier
1af49351-b67d-434f-92b1-d0ea0944d24f,Thucydides and Athenian Imperialism,Jacqueline de Romilly,title+author(exact),UPDATE,year|language,,Thucydides and Athenian Imperialism,Jacqueline de Romilly,Thucydides and Athenian Imperialism,Jacqueline de Romilly
1afa7b36-58a2-4487-947d-cb22bfc8d9f4,Golem,Moshe Idel,title+author(exact),UPDATE,description|publisher|year|language,,Golem,Moshe Idel,Golem,Moshe Idel
1afe86f3-0812-4e0f-a902-d70d0539a918,Separation of Church and State,Gil Graff,,INSERT,,no match found,,,Separation of Church and State,Gil Graff
1afeab22-6d22-496d-95b1-5748c448fd5e,The I Ching,Frank Lauran,title+author(exact),UPDATE,description|year|language,,The I Ching,Frank Lauran,The I Ching,Frank Lauran
1b00b4a5-4e5b-4648-8af4-7acba51fa08d,Thucydides' War Narrative,Carolyn Dewald,,INSERT,,no match found,,,Thucydides' War Narrative,Carolyn Dewald
1b0c0b2c-c9b1-4e6d-b58e-00057719cc36,Kobbe's Complete Opera Book,The Earl of Harewood,title+author(exact),UPDATE,year|language,,Kobbe's Complete Opera Book,The Earl of Harewood,Kobbe's Complete Opera Book,The Earl of Harewood
1b12f094-3160-49f3-8761-cf315a942440,The Shadowed Valley,Hyman Judah Schachtel,,INSERT,,no match found,,,The Shadowed Valley,Hyman Judah Schachtel
1b17199a-e2bb-4dd0-9b6b-fda81ef6d16d,The Thirty at Athens,Peter Krentz,,INSERT,,no match found,,,The Thirty at Athens,Peter Krentz
1b18ed7a-541e-4bd1-a329-83ddfe674cd9,Plato: Statesman,Plato,,INSERT,,no match found,,,Plato: Statesman,Plato
1b25e210-2385-472b-b11e-b92fca042ade,SMK Highlights,Statens Museum for Kunst; Birgitte Anderberg; Peter Nørgaard Larsen,,INSERT,,no match found,,,SMK Highlights,Statens Museum for Kunst; Birgitte Anderberg; Peter Nørgaard Larsen
1b2a7c98-7b6c-4da5-9236-097a536cdcc3,If Music be the Food of Love,Henry Purcell,,INSERT,,no match found,,,If Music be the Food of Love,Henry Purcell
1b3a8936-6e24-43c7-ad24-fba4a2ac2d5d,Operatic Anthology,Kurt Adler,,INSERT,,no match found,,,Operatic Anthology,Kurt Adler
1b3cd261-b528-4f70-b246-c8e6f83129d9,Strabo,Gustav Kramer,,INSERT,,no match found,,,Strabo,Gustav Kramer
1b44b889-43a0-4676-be45-2f03dffcb5ad,George Eliot's Blotter,Daniel Philip Waley,,INSERT,,no match found,,,George Eliot's Blotter,Daniel Philip Waley
1b4aa6f2-b99b-43d0-addd-f5ff4ac9b03c,The Friendship of the Barbarians,Steven W. Hirsch,,INSERT,,no match found,,,The Friendship of the Barbarians,Steven W. Hirsch
1b4df577-6a86-4ece-9414-ee73c9dbecca,Rubens,Jacob Burckhardt,,INSERT,,no match found,,,Rubens,Jacob Burckhardt
1b5a93d8-ec75-4c26-893a-82c13afa13cc,An Autobiography,Anthony Trollope,,INSERT,,no match found,,,An Autobiography,Anthony Trollope
1b5ca344-ab8f-44bd-b395-20ff3465b161,A Mediterranean Society,S. D. Goitein,title+author(exact),BLOCKED,,title length ratio 5.81 > 1.5; title similarity 0.834 < 0.92,"A Mediterranean Society: The Jewish Communities of the Arab World as Portrayed in the Documents of the Cairo Geniza, Volume IV",S. D. Goitein,A Mediterranean Society,S. D. Goitein
1b74a9e7-b49c-442a-9b1a-7c5cbfa53505,Orkney,Patrick Bailey,,INSERT,,no match found,,,Orkney,Patrick Bailey
1b7b0c03-6901-4d44-a450-06b6c5a360a6,On the Mystical Shape of the Godhead,Gershom Scholem; Jonathan Chipman,title+author(exact),BLOCKED,,author similarity 0.638 < 0.75,On the Mystical Shape of the Godhead,"Harold Bloom, Gershom Scholem",On the Mystical Shape of the Godhead,Gershom Scholem; Jonathan Chipman
1ba09b7f-fb5c-403b-a13a-19ff9cf6b761,Beim Wort genommen,Karl Kraus,,INSERT,,no match found,,,Beim Wort genommen,Karl Kraus
1ba3d218-168b-4536-a16a-46b0ab83fc84,Unity and Design in Horace's Odes,Matthew S. Santirocco,,INSERT,,no match found,,,Unity and Design in Horace's Odes,Matthew S. Santirocco
1bc2db41-8943-4643-a24f-fa3e72367fb5,On Jewish Learning,Franz Rosenzweig,,INSERT,,no match found,,,On Jewish Learning,Franz Rosenzweig
1bd3121f-64a3-453e-b2bd-abd5018e3867,Parzival,Wolfram von Eschenbach,,INSERT,,no match found,,,Parzival,Wolfram von Eschenbach
1bf67105-1bfb-4550-8fbf-6ce229f7ede0,"Studies in Honour of Gilbert Norwood. The Phoenix - Journal of the Classical Association of Canada, Supplementary",Classical Association of Canada; Mary E. White,title+author(exact),BLOCKED,,title length ratio 15.57 > 1.5; title similarity 0.545 < 0.92,Phoenix,Classical Association of Canada,"Studies in Honour of Gilbert Norwood. The Phoenix - Journal of the Classical Association of Canada, Supplementary",Classical Association of Canada; Mary E. White
1c005976-ecae-43a1-b9f9-5e7f525d9b1e,Plato's Theory of Knowledge,Francis Macdonald Cornford,,INSERT,,no match found,,,Plato's Theory of Knowledge,Francis Macdonald Cornford
1c0d412c-bc44-4b77-ab80-ea00bbd46029,Self-Unfoldment,Swami Chinmayananda,,INSERT,,no match found,,,Self-Unfoldment,Swami Chinmayananda
1c24f698-7d1e-440e-879b-4b2548364857,Opera cum indice rerum ad optimorum liborum fidem adcuravit C.H. Weise,C. Cornelii Taciti,,INSERT,,no match found,,,Opera cum indice rerum ad optimorum liborum fidem adcuravit C.H. Weise,C. Cornelii Taciti
1c2e4d4c-5c75-4950-8a06-20d1e7c4b6aa,Tarih-i Cevdet,Ahmet Cevdet Paşa,,INSERT,,no match found,,,Tarih-i Cevdet,Ahmet Cevdet Paşa
1c31cc39-bcdc-4741-9388-cdc1c5d789da,The Annotated Walden: Walden,Henry David Thoreau; Philip Van Doren Stern,,INSERT,,no match found,,,The Annotated Walden: Walden,Henry David Thoreau; Philip Van Doren Stern
1c4346c5-8b53-419d-bcae-58226b7385fd,Rabbinical Authority and Personal Autonomy,Moshe Z. Sokol,,INSERT,,no match found,,,Rabbinical Authority and Personal Autonomy,Moshe Z. Sokol
1c44ea1f-89db-499d-a5d3-f2d5344d5286,Choix de poemes de Paul Eluard,Paul Éluard,,INSERT,,no match found,,,Choix de poemes de Paul Eluard,Paul Éluard
1c5fbb67-702a-4f47-ade1-db572e1e3afe,Dawud Ibn Marwan Al-Muqammis's Twenty Chapters,David ibn Marwān Mukammiṣ,,INSERT,,no match found,,,Dawud Ibn Marwan Al-Muqammis's Twenty Chapters,David ibn Marwān Mukammiṣ
1c612fea-8b64-45dc-a4f5-0894c167b955,Disraeli,Andre Maurois,title+author(exact),UPDATE,year|language,,Disraeli,Andre Maurois,Disraeli,Andre Maurois
1ca03c7b-3b17-49ba-b98a-dc24655c1aa3,James Joyce's Ulysses,Stuart Gilbert,,INSERT,,no match found,,,James Joyce's Ulysses,Stuart Gilbert
1ca4d33b-726f-453f-a31d-d21a395dcbb1,A History of the Marranos,Cecil Roth,title+author(exact),UPDATE,description|year|language,,A History of the Marranos,Cecil Roth,A History of the Marranos,Cecil Roth
1cb623c8-d15e-4f35-af2e-dea30cee0277,Larousse encyclopedia of the earth,"Leon Bertin (Fuchs, Sir Vivian, Fenton, Carroll Lane, Bradshaw, R.)",,INSERT,,no match found,,,Larousse encyclopedia of the earth,"Leon Bertin (Fuchs, Sir Vivian, Fenton, Carroll Lane, Bradshaw, R.)"
1cbbf60c-315d-4474-aa28-0cd8ba1414f1,Naming and Necessity,Saul A. Kripke,,INSERT,,no match found,,,Naming and Necessity,Saul A. Kripke
1cce3a6f-524a-4c39-b9c5-6255f1b38cdf,The Civilization of the Renaissance in Italy,Jacob Burckhardt,,INSERT,,no match found,,,The Civilization of the Renaissance in Italy,Jacob Burckhardt
1cd3feea-c410-4ef8-9e81-6960093a8026,Dante and Philosophy,Etienne Gilson,,INSERT,,no match found,,,Dante and Philosophy,Etienne Gilson
1cddce39-1953-45ff-9fff-f4c995724e27,Solfège des solfèges,L.. Lemoine; Albert Lavignac,,INSERT,,no match found,,,Solfège des solfèges,L.. Lemoine; Albert Lavignac
1ce56091-561d-4a90-b1fe-66eeba2147db,The First Democracies,Eric W. Robinson,,INSERT,,no match found,,,The First Democracies,Eric W. Robinson
1d11c372-4a7b-4687-9cc2-83f3858f8170,From a Ruined Garden,Jack Kugelmass; Jonathan Boyarin,,INSERT,,no match found,,,From a Ruined Garden,Jack Kugelmass; Jonathan Boyarin
1d125203-e54a-44f8-9fad-ef4fc4ce62f8,The Sacred Chain,Norman F. Cantor,,INSERT,,no match found,,,The Sacred Chain,Norman F. Cantor
1d3da925-5f27-4f83-a247-2fa591ef588a,A Historical Commentary on Polybius,F.W. Walbank,title+author(exact),UPDATE,year|language,,A Historical Commentary on Polybius,F.W. Walbank,A Historical Commentary on Polybius,F.W. Walbank
1d4b69dc-08d3-4365-b162-ebce0ccdbaa4,The Greek New Testament,Unknown,fuzzy(0.927),BLOCKED,,title length ratio 1.58 > 1.5,THE GREEK NEW TESTAMENT DICTIONARY,Unknown,The Greek New Testament,Unknown
1d685760-0c4b-46c2-a852-a83a3bba290d,Days of hate. Atto primo,Ales Kot; Danijel Zezelj,,INSERT,,no match found,,,Days of hate. Atto primo,Ales Kot; Danijel Zezelj
1d693c3c-9472-42b2-98fc-ba5b3196fe85,15 composizioni da camera,Vincenzo Bellini,,INSERT,,no match found,,,15 composizioni da camera,Vincenzo Bellini
1d6ad91c-d6a3-422d-95cc-14b66ccc1a64,From Metaphysics to Midrash,Shaul Magid,,INSERT,,no match found,,,From Metaphysics to Midrash,Shaul Magid
1d74c8ab-f71b-4440-aa6a-2055c3a9768f,The Documents from the Bar Kokhba Period in the Cave of Letters: No special title,Andrew Gross,,INSERT,,no match found,,,The Documents from the Bar Kokhba Period in the Cave of Letters: No special title,Andrew Gross
1d85ecad-af07-447a-9a20-a665ca54fa1b,Mrs Dalloway,Virginia Woolf,,INSERT,,no match found,,,Mrs Dalloway,Virginia Woolf
1d8a82a2-6ee3-4112-b738-6c9fa8d46743,History and Jewish Historians,Salo W. Baron,,INSERT,,no match found,,,History and Jewish Historians,Salo W. Baron
1d926c43-834c-42d3-b400-bb6bac9f8275,Leviathan,Thomas Hobbes,,INSERT,,no match found,,,Leviathan,Thomas Hobbes
1d93ad83-dd82-4ff6-9b1f-7ff22b99850d,Spinoza and Other Heretics,Yirmiyahu Yovel,,INSERT,,no match found,,,Spinoza and Other Heretics,Yirmiyahu Yovel
1da4f8d4-81db-4fe4-ba7f-ec89d32a9624,Textual and Literary Criticism,Fredson Thayer Bowers,title+author(exact),UPDATE,year|language,,Textual and Literary Criticism,Fredson Thayer Bowers,Textual and Literary Criticism,Fredson Thayer Bowers
1db586aa-05dd-48e0-9b02-06b4f3f8f8b3,Ancient Mystery Cults,Walter Burkert,title+author(exact),BLOCKED,,author similarity 0.381 < 0.75,Ancient Mystery Cults,Buffert,Ancient Mystery Cults,Walter Burkert
1dbfda74-e483-4101-829f-dbdc35ca5afa,The Uralic Languages,Daniel Abondolo; Riitta-Liisa Valijärvi,,INSERT,,no match found,,,The Uralic Languages,Daniel Abondolo; Riitta-Liisa Valijärvi
1dd9717d-1385-456b-b2a8-fb9dfa4e309a,William Tell],Gioacchino Rossini,,INSERT,,no match found,,,William Tell],Gioacchino Rossini
1ddd84f7-2c2b-420e-b68a-9b803eb25998,Ioannes Lydus,Jean Lydus,,INSERT,,no match found,,,Ioannes Lydus,Jean Lydus
1debbcef-36ed-4505-b175-51513dd121e1,Homeri Opera; recognovervnt breviqve adnotatione critica instrvxervnt David B. Monro .. et Thomas W. Allen ...,Homer; Thomas William Allen,,INSERT,,no match found,,,Homeri Opera; recognovervnt breviqve adnotatione critica instrvxervnt David B. Monro .. et Thomas W. Allen ...,Homer; Thomas William Allen
1defed7b-f411-4b86-b5bf-672406fb9751,Tibetan Grammar,H. A. Jaschke,title+author(exact),UPDATE,year|language,,Tibetan Grammar,H. A. Jaschke,Tibetan Grammar,H. A. Jaschke
1e092e71-468c-40c9-b059-7def6f2799b1,Der Pojaz,Karl Emil Franzos,,INSERT,,no match found,,,Der Pojaz,Karl Emil Franzos
1e0c69d8-285d-471b-8a0c-029882eb9336,The Latin Sexual Vocabulary,J. N. Adams,,INSERT,,no match found,,,The Latin Sexual Vocabulary,J. N. Adams
1e223a6c-c4b7-4d66-8026-4d5bc417cc8b,Wayward Youth,August Aichhorn,,INSERT,,no match found,,,Wayward Youth,August Aichhorn
1e24732e-7800-42fd-8714-02dc8e279158,Der Kleine Pauly : Lexikon der Antike,Unknown,,INSERT,,no match found,,,Der Kleine Pauly : Lexikon der Antike,Unknown
1e24a049-e737-42d7-87a8-265b0ae78c18,Cross Roads to Israel,Christopher Sykes,,INSERT,,no match found,,,Cross Roads to Israel,Christopher Sykes
1e33dda3-c88e-4952-b350-be50f60f0034,Fragmenta Hesiodea. Edidervnt R. Merkelbach et M. L. West,Hésiode; R.. Merkelbach; M. L.. West,,INSERT,,no match found,,,Fragmenta Hesiodea. Edidervnt R. Merkelbach et M. L. West,Hésiode; R.. Merkelbach; M. L.. West
1e3a33c1-1420-4531-a778-d9efd3342b21,"The Jewish Community, Its History and Structure to the American Revolution",Salo Wittmayer Baron; Jewish Publication Society of America (Philadelphia),,INSERT,,no match found,,,"The Jewish Community, Its History and Structure to the American Revolution",Salo Wittmayer Baron; Jewish Publication Society of America (Philadelphia)
1e3cc954-93cb-4929-bf95-02fe98ac0464,Modern Greek in 20 Lessons,Rafael Diez de la Cortina,,INSERT,,no match found,,,Modern Greek in 20 Lessons,Rafael Diez de la Cortina
1e3e9248-f7ae-406a-a8a7-2e3f7b6ed94d,Studies in fifth-century,Donald William Bradeen; Malcolm Francis MacGregor,,INSERT,,no match found,,,Studies in fifth-century,Donald William Bradeen; Malcolm Francis MacGregor
1e41afa4-384f-4f84-a51e-087f17d3d0b8,The New Encyclopedia Britannica,Unknown,title+author(exact),UPDATE,year|language,,The New Encyclopedia Britannica,Unknown,The New Encyclopedia Britannica,Unknown
1e5525d4-f557-4c47-b72b-1ded2db9df3e,Symphonies Nos. 8 and 9 in Full Score,Ludwig van Beethoven,,INSERT,,no match found,,,Symphonies Nos. 8 and 9 in Full Score,Ludwig van Beethoven
1e556681-c8c3-4890-8126-f5bcbd57c76c,Baudelaire: Selected Writings on Art and Artists,Charles Baudelaire,title+author(exact),BLOCKED,,author similarity 0.532 < 0.75,Baudelaire selected writings on art & artists,P.E. Charvet,Baudelaire: Selected Writings on Art and Artists,Charles Baudelaire
1e57f79a-fa23-4200-a2aa-be448ae69533,Sharpe's Regiment,Bernard Cornwell,,INSERT,,no match found,,,Sharpe's Regiment,Bernard Cornwell
1e74009a-02f5-4886-9667-4cff98bb093e,Daumier: sculpteur 1808-1879 by Maurice Gobin,Maurice Gobin,,INSERT,,no match found,,,Daumier: sculpteur 1808-1879 by Maurice Gobin,Maurice Gobin
1e807bdc-ec09-4eb0-9875-c7298154a659,The Right to Information,Jana Varlejs,,INSERT,,no match found,,,The Right to Information,Jana Varlejs
1e8a2216-73b2-410b-ac29-6abd42e370b8,Division Street: America,Studs Terkel,,INSERT,,no match found,,,Division Street: America,Studs Terkel
1e908ac2-f0df-4b2b-9ba2-0b08b77ab0a5,The Purgatorio,Dante Alighieri,title+author(exact),UPDATE,description|year|language,,The Purgatorio,Dante Alighieri,The Purgatorio,Dante Alighieri
1e92e820-8cd3-490f-a697-24103e77a647,Miscellaneous Papers of Harry A. Wolfson,Harry Austryn Wolfson,title+author(exact),BLOCKED,,title similarity 0.576 < 0.92,Harry Austryn Wolfson Jubilee Volume,Harry Austryn Wolfson,Miscellaneous Papers of Harry A. Wolfson,Harry Austryn Wolfson
1e93ceb6-0fa2-4dea-aa55-34a9d7b9825c,"Bar Mitzvah, Illustrated","Ludwig Lewisohn, Cecil Roth, Meyer Waxman",,INSERT,,no match found,,,"Bar Mitzvah, Illustrated","Ludwig Lewisohn, Cecil Roth, Meyer Waxman"
1e94f795-315c-4283-9b05-c7bf3ee6746f,The Journals of André Gide ; Translated from the French and Annotated by Justin O'Brien,André Gide; Justin O'Brien,,INSERT,,no match found,,,The Journals of André Gide ; Translated from the French and Annotated by Justin O'Brien,André Gide; Justin O'Brien
1e9ee0ff-bdbb-41b2-94ca-45b5a13e46eb,Aidan and the Strollers,Frederick Grice,,INSERT,,no match found,,,Aidan and the Strollers,Frederick Grice
1ea15177-9d6f-4cb1-b15d-cad8f6a9d321,The Encyclopædia Britannica,Thomas Spencer Baynes,title+author(exact),UPDATE,author|year|language,,The Encyclopædia Britannica,Unknown,The Encyclopædia Britannica,Thomas Spencer Baynes
1eb71011-70f0-49b8-9040-f6a12f43b23f,Folk Music of China,Stephen Jones,,INSERT,,no match found,,,Folk Music of China,Stephen Jones
1ebd103a-8a5f-4247-94c4-1f1dab7157fb,Balest,"Galleria d'arte Cavour (Milan, Italy)",,INSERT,,no match found,,,Balest,"Galleria d'arte Cavour (Milan, Italy)"
1ebdcd0b-f3fe-429b-a33c-823a366be29e,I Congreso Científico sobre Pueblos Indígenas de Costa Rica y sus Fronteras,María Eugenia Bozzoli de Wille,,INSERT,,no match found,,,I Congreso Científico sobre Pueblos Indígenas de Costa Rica y sus Fronteras,María Eugenia Bozzoli de Wille
1ec72de3-91d4-4a84-9f3e-642254f98387,Songs of Innocence,William Blake,,INSERT,,no match found,,,Songs of Innocence,William Blake
1ec9610f-3143-4171-a292-dec897434cfc,"Italian Manpower, 225 B.C. - A.D. 14",P. A. Brunt,,INSERT,,no match found,,,"Italian Manpower, 225 B.C. - A.D. 14",P. A. Brunt
1ecc8548-b4f6-463d-88d0-3ca7b0d943da,The greek and roman world,W.G. Hardy,title+author(exact),UPDATE,title|author|year|language,,THE GREEK AND ROMAN WORLD,W.G. HARDY,The greek and roman world,W.G. Hardy
1ee2170c-1332-43c6-8237-62e193cecf91,JAWAMI 'ADAB AL-SUFIYYA,Abu 'abd Al-rahmani Al- sulami; Etan Kohlberg,,INSERT,,no match found,,,JAWAMI 'ADAB AL-SUFIYYA,Abu 'abd Al-rahmani Al- sulami; Etan Kohlberg
1ee55163-5bd9-4272-906e-95c6cd1c3e6e,Plutarch and Rome,Christopher Prestige Jones,,INSERT,,no match found,,,Plutarch and Rome,Christopher Prestige Jones
1f033d2e-ba0a-463d-a20b-c92d7527b035,The Coming of the Greeks,Robert Drews,,INSERT,,no match found,,,The Coming of the Greeks,Robert Drews
1f09f0e5-5e48-4e2d-a245-d5e141404160,Ahnas El Medineh (Heracleopolis Magna) ... The Tomb of Paheri at El Kab ...,Edouard Naville; J. J. Tylor; Francis Llewellyn Griffith,,INSERT,,no match found,,,Ahnas El Medineh (Heracleopolis Magna) ... The Tomb of Paheri at El Kab ...,Edouard Naville; J. J. Tylor; Francis Llewellyn Griffith
1f0a6ab3-0170-48da-ab86-2e6b281331fe,Blake,William Blake; Geoffrey Keynes,,INSERT,,no match found,,,Blake,William Blake; Geoffrey Keynes
1f133b86-9fbf-486d-aa1f-c8bcf952c570,Tom Brown's School Days.,Thomas Hughes.,,INSERT,,no match found,,,Tom Brown's School Days.,Thomas Hughes.
1f152cd9-c1fd-4646-8da6-d36370a395d2,The Ancient City,Fustel de Coulanges,,INSERT,,no match found,,,The Ancient City,Fustel de Coulanges
1f159d61-a73f-414c-bf1e-c1f2fe18ae5b,The New American Roget's College Thesaurus,Unknown,,INSERT,,no match found,,,The New American Roget's College Thesaurus,Unknown
1f267612-6250-45b8-ba27-53fc25fa0ca4,"A World Bibliography of Bibliographies and of Bibliographical Catalogues, Calendars, Abstracts, Digests, Indexes and the Like, by Theodore Besterman... 3rd and Final Edition...",Theodore Besterman,,INSERT,,no match found,,,"A World Bibliography of Bibliographies and of Bibliographical Catalogues, Calendars, Abstracts, Digests, Indexes and the Like, by Theodore Besterman... 3rd and Final Edition...",Theodore Besterman
1f3961bb-b2f8-4d8c-bde1-1030859e98c1,A History of Yoga,Vivian Worthington,fuzzy(0.920),BLOCKED,,author similarity 0.439 < 0.75,A HISTORY OF ROME,ARTHUR E. R. BOAK,A History of Yoga,Vivian Worthington
1f41692f-85aa-4c7c-8147-6edd2baea3e9,Anthologie grecque,Unknown,,INSERT,,no match found,,,Anthologie grecque,Unknown
1f53a636-85ac-4fe5-bd8b-1ea1418b3236,The Phoenix,Unknown,title+author(exact),UPDATE,year|language,,The Phoenix,Unknown,The Phoenix,Unknown
1f5b0210-d257-4345-8d1d-4d68ded6888a,Winslow's A Comprehensive English-Tamil Dictionary,M Winslow,,INSERT,,no match found,,,Winslow's A Comprehensive English-Tamil Dictionary,M Winslow
1f5edcf8-814f-4764-a5a7-f0f61a172446,VII. Symphonie e-dur,Anton Bruckner,,INSERT,,no match found,,,VII. Symphonie e-dur,Anton Bruckner
1f62638d-e5ca-4e84-8904-ee385eb25d61,"The Golden Ass, Or, The Metamorphoses",Apuleius,title+author(exact),BLOCKED,,title length ratio 2.38 > 1.5; title similarity 0.597 < 0.92,Metamorphoses,Apuleius,"The Golden Ass, Or, The Metamorphoses",Apuleius
1f751f9a-43ec-44de-a2a4-fac6e86a0029,Oxford As It Was and As It Is To-Day,Christopher Hobhouse,,INSERT,,no match found,,,Oxford As It Was and As It Is To-Day,Christopher Hobhouse
1f762a25-b5b1-4b37-85f1-6914f47924a1,Thespis,Theodor H. Gaster,title+author(exact),BLOCKED,,title length ratio 7.71 > 1.5; title similarity 0.826 < 0.92,"Thespis: Ritual, Myth and Drama in the Ancient Near East",Theodor H. Gaster,Thespis,Theodor H. Gaster
1f886096-b974-46b1-bc93-c428afa8ba62,Links wo das Herz ist,Leonhard Frank,,INSERT,,no match found,,,Links wo das Herz ist,Leonhard Frank
1f92233c-5f0c-4ba3-b784-78385f233a51,Middlemarch,George Eliot,,INSERT,,no match found,,,Middlemarch,George Eliot
1f9488c1-d368-44be-81af-2aa53e11f384,Legalised Cruelty of Shechita,Arnold Leese,,INSERT,,no match found,,,Legalised Cruelty of Shechita,Arnold Leese
1f9c9dc2-4572-4962-9c58-862a840ad693,Order of Service and Customs for the Synagogue and the Home,Moses Friedlander,title+author(exact),UPDATE,year|language,,Order of Service and Customs for the Synagogue and the Home,Moses Friedlander,Order of Service and Customs for the Synagogue and the Home,Moses Friedlander
1fa5630e-3efc-4ce0-80ad-c9fce532291c,New Building Word Power,Joseph Randolph Orgel,,INSERT,,no match found,,,New Building Word Power,Joseph Randolph Orgel
1fb1bb39-73cf-4dc8-bc19-a196e9e66b34,Des Feuilles dans la bourrasque,Gabriel García Márquez,,INSERT,,no match found,,,Des Feuilles dans la bourrasque,Gabriel García Márquez
1fbcf5a5-db44-433f-85ec-64d4f10abaed,Jews and Magic in Medici Florence,Edward L. Goldberg,,INSERT,,no match found,,,Jews and Magic in Medici Florence,Edward L. Goldberg
1fc89689-9793-4f6f-afe7-3acfd30c1c22,The Little Prince,Antoine de Saint-Exupéry,,INSERT,,no match found,,,The Little Prince,Antoine de Saint-Exupéry
1fc9518d-5de2-451c-a6e3-c21f0213ad84,The Sandcastle,Iris Murdoch,,INSERT,,no match found,,,The Sandcastle,Iris Murdoch
1fd71570-8f50-413b-a3b9-f51c81448d1f,Rembrandt,Ernst van de Wetering,,INSERT,,no match found,,,Rembrandt,Ernst van de Wetering
1fdd18ea-1503-4279-8760-54a0fe2b8ff1,The Jews in Piedmont,Renata Segre,title+author(exact),UPDATE,year|language,,The Jews in Piedmont,Renata Segre,The Jews in Piedmont,Renata Segre
1fe515a1-94af-4ab3-9f49-a5cc75ba030f,Gebete,Abd-ru-shin,,INSERT,,no match found,,,Gebete,Abd-ru-shin
1ff192f9-9638-4bec-8b2c-56631deaf042,"""Be Sober and Reasonable""",Michael Heyd,,INSERT,,no match found,,,"""Be Sober and Reasonable""",Michael Heyd
20031827-efae-4377-8863-7d65bf4f884b,Renaissance Florence,Gene Brucker,,INSERT,,no match found,,,Renaissance Florence,Gene Brucker
2009a6bb-b903-4f8e-8a38-3b71894001a6,The Geography of Strabo,Strabo,title+author(exact),UPDATE,title|year|language,,The Geography of Strabo IV,Strabo,The Geography of Strabo,Strabo
200bb799-b8f1-48a7-a6a2-6754184d5d5f,Rome of Alexander VII,Richard Krautheimer,,INSERT,,no match found,,,Rome of Alexander VII,Richard Krautheimer
201478f5-f700-44ca-8652-739c1436a9f0,Grammar of the Dialects of Vernacular Syriac,Arthur John Maclean,,INSERT,,no match found,,,Grammar of the Dialects of Vernacular Syriac,Arthur John Maclean
20257ef5-b280-40a4-a6f4-65a7369fe51f,From Generation to Generation,Arthur Kurzweil,,INSERT,,no match found,,,From Generation to Generation,Arthur Kurzweil
2029cd4d-057c-4f65-aef8-7f7cdabdd9ad,The Art of Persuasion in Greece,George Kennedy,,INSERT,,no match found,,,The Art of Persuasion in Greece,George Kennedy
203aef05-6e34-4e04-bfee-e19cf3a48de8,Never Again!,Meir Kahane,,INSERT,,no match found,,,Never Again!,Meir Kahane
203dc6e4-4c91-42cc-a071-47bba621d2bf,"Webster's Home, School and Office Dictionary",Harry Thurston Peck,,INSERT,,no match found,,,"Webster's Home, School and Office Dictionary",Harry Thurston Peck
204f91fe-9032-4383-bbbe-6fbb1ae8b123,"The History of Anti-Semitism: From the time of Christ to the court Jews, tr. by R. Howard",Léon Poliakov,,INSERT,,no match found,,,"The History of Anti-Semitism: From the time of Christ to the court Jews, tr. by R. Howard",Léon Poliakov
2052cb85-6ff5-4241-b419-b2bf95172063,An Introduction to Wittgenstein's Tractatus,G. E. M. Anscombe,,INSERT,,no match found,,,An Introduction to Wittgenstein's Tractatus,G. E. M. Anscombe
205b006b-2478-4fed-922d-4670f44e1ab3,Sefer Midrash rabah 246:15:Midrash rabah ʻal ḥamishah ḥumshe torah ṿe-ḥamesh megilot,Unknown,,INSERT,,no match found,,,Sefer Midrash rabah 246:15:Midrash rabah ʻal ḥamishah ḥumshe torah ṿe-ḥamesh megilot,Unknown
2069cc1c-7490-4d70-98cc-f3013907094b,Lao Tzu and Taoism,Max Kaltenmark,,INSERT,,no match found,,,Lao Tzu and Taoism,Max Kaltenmark
206f3558-370a-44e4-8aa2-76c64473b19d,Finale,"דליה שחורי, טלי לטוביצקי, מיכל בן-צור קורץ, מיכל כהן, יובל שקד, יוליה קריינין, אורנה לנגר, ראובן נווה, מורין נהדר, יהואש הירשברג, אביב לבנת, דורון שלום, וגידי ג'בארין",,INSERT,,no match found,,,Finale,"דליה שחורי, טלי לטוביצקי, מיכל בן-צור קורץ, מיכל כהן, יובל שקד, יוליה קריינין, אורנה לנגר, ראובן נווה, מורין נהדר, יהואש הירשברג, אביב לבנת, דורון שלום, וגידי ג'בארין"
207405d4-3994-41d6-b62b-1a310a88e4a3,A Progressive Grammar of the Telugu Language,A. H. Arden,fuzzy(0.945),UPDATE,title|year|language,,A Progressive Grammar of the Tamil Language,A. H. Arden,A Progressive Grammar of the Telugu Language,A. H. Arden
207745ed-81e8-496c-a407-1f46a78dd8a2,Versailles,Uwe Schultz,,INSERT,,no match found,,,Versailles,Uwe Schultz
20848af1-29ba-48e1-89c2-4691de3fb87a,The Megillos,Avigdor Miller,,INSERT,,no match found,,,The Megillos,Avigdor Miller
2093a03c-434f-44a1-b858-3c6c1c585b68,Délibération et pouvoir dans la cité grecque,Françoise Ruzé,,INSERT,,no match found,,,Délibération et pouvoir dans la cité grecque,Françoise Ruzé
209baa4b-609b-4ae5-821d-8d63ee9a505c,The Papers of the Bibliographical Society of America,Bibliographical Society of America,fuzzy(1.000),BLOCKED,,author similarity 0.548 < 0.75,The PAPERS of the BIBLIOGRAPHICAL SOCIETY of AMERICA,"RICHARD KNOWLES, MARCUS A. McCORISON, ALAN R. YOUNG, SYDNEY J. SHEP",The Papers of the Bibliographical Society of America,Bibliographical Society of America
20a6a744-1d8b-441c-b023-14d5837fd7b0,Language and Thought in Early Greek Philosophy,Kevin Robb,,INSERT,,no match found,,,Language and Thought in Early Greek Philosophy,Kevin Robb
20a6ee3c-97e7-4b59-80ec-490c075288f1,Prejudice U.S.A. Ed. by Charles Y. Glock and Ellen Siegelman,Charles Y. Glock,,INSERT,,no match found,,,Prejudice U.S.A. Ed. by Charles Y. Glock and Ellen Siegelman,Charles Y. Glock
20caa201-136c-4338-a5f7-52a00ada1184,An Enquiry Concerning the Principles of Morals,David Hume,,INSERT,,no match found,,,An Enquiry Concerning the Principles of Morals,David Hume
20cc239d-e6a0-4abc-a675-8a2fcfe2a177,A Field Guide to the Birds,Roger Tory Peterson,,INSERT,,no match found,,,A Field Guide to the Birds,Roger Tory Peterson
20d6231b-1917-4193-b75a-7902a8c721ad,The Sophists,Mario Untersteiner,,INSERT,,no match found,,,The Sophists,Mario Untersteiner
20d71dc7-b179-485c-b0e8-cbf9b1df29a5,From Solon to Socrates,Victor Ehrenberg,,INSERT,,no match found,,,From Solon to Socrates,Victor Ehrenberg
20d93a1a-49e2-4480-8bf9-50e790fda8cd,Grondich bericht aengaende de Bulle van Clemens den VIII. Paus t'er ootmoediger bede en̄ begeerte vande Eertzhertogen Albertus en̄ d'Infante Isabella zijn Huysvrouwe dien van Nederlant gegunt en̄ verleent om den Aflaet van 't Jubilee des Jaers 1600 in desen tegenwoordigen Jare 1603 binnen Brussel te verdienen ...,"Jacobus Baselius (de Jonghe, Fil.)",,INSERT,,no match found,,,Grondich bericht aengaende de Bulle van Clemens den VIII. Paus t'er ootmoediger bede en̄ begeerte vande Eertzhertogen Albertus en̄ d'Infante Isabella zijn Huysvrouwe dien van Nederlant gegunt en̄ verleent om den Aflaet van 't Jubilee des Jaers 1600 in desen tegenwoordigen Jare 1603 binnen Brussel te verdienen ...,"Jacobus Baselius (de Jonghe, Fil.)"
20e904f9-5719-4e2c-a47d-63a396e482e8,The Unvanquished,William Faulkner,,INSERT,,no match found,,,The Unvanquished,William Faulkner
20fca199-6d50-4798-aa28-91d3d503fbfe,Cantique des cantiques de Salomon,"Salomon Rossi, S. Naumbourg, Vincent D'Indy",,INSERT,,no match found,,,Cantique des cantiques de Salomon,"Salomon Rossi, S. Naumbourg, Vincent D'Indy"
20ffda39-2e57-46c7-ac68-0abfd37abf01,Symphony C major,Wolfgang Amadeus Mozart,,INSERT,,no match found,,,Symphony C major,Wolfgang Amadeus Mozart
210bf826-56da-4ed6-9ead-d5106a083f64,Hoshaʻana Rabbah be-Ḳasale Monferaṭo 1732,Israel Adler,,INSERT,,no match found,,,Hoshaʻana Rabbah be-Ḳasale Monferaṭo 1732,Israel Adler
210c3030-fbec-4ccd-a8b3-07b1bbe17a85,"Thucydides, Book VI",Thucydides,title+author(exact),BLOCKED,,author similarity 0.474 < 0.75,THUCYDIDES BOOK VI,K. J. DOVER,"Thucydides, Book VI",Thucydides
211186c0-3f2b-4cf5-9c51-a09923f24582,Realism,Linda Nochlin,title+author(exact),UPDATE,title|author|publisher|year|language,,REALISM,LINDA NOCHLIN,Realism,Linda Nochlin
211979db-7b63-4b99-8b7f-4d5fccb57775,Islam and Science,Pervez Hoodbhoy,,INSERT,,no match found,,,Islam and Science,Pervez Hoodbhoy
2149f508-4f10-4624-a5a0-ca28e42bc665,A History of Jewish Literature,Israel Zinberg,,INSERT,,no match found,,,A History of Jewish Literature,Israel Zinberg
2157cedd-fed7-4933-9d90-aa6876ff59b3,Now Shall the Grace,Johann Sebastian Bach,,INSERT,,no match found,,,Now Shall the Grace,Johann Sebastian Bach
215a5446-7e39-4a44-abaa-ccc77e3faa79,Naval Battles and Heroes,Wilbur Cross,,INSERT,,no match found,,,Naval Battles and Heroes,Wilbur Cross
216c8887-b7df-45ae-8159-2c57ac767e4e,Cicero: De Amicitia,Marcus Tullius Cicero; H.E. Gould,,INSERT,,no match found,,,Cicero: De Amicitia,Marcus Tullius Cicero; H.E. Gould
217fdb04-ce92-4c29-a658-1ef140b07265,Proceedings of the Cambridge Philological Society,Cambridge Philological Society,,INSERT,,no match found,,,Proceedings of the Cambridge Philological Society,Cambridge Philological Society
2190637e-2166-483b-bd35-d86a1b68f261,A Historical Commentary on Thucydides,A. W. Gomme; A. Andrewes; K. J. Dover,title+author(exact),UPDATE,author|year|language,,A Historical Commentary on Thucydides,"A. W. Gomme, A. Andrewes, K. J. Dover",A Historical Commentary on Thucydides,A. W. Gomme; A. Andrewes; K. J. Dover
21924bc2-b254-4701-a11f-e5971563d5b2,Widerstand und Verfolgung in Dortmund 1933 - 1945,Günther Högl,,INSERT,,no match found,,,Widerstand und Verfolgung in Dortmund 1933 - 1945,Günther Högl
21a0ee2d-69b9-45ec-acdc-947285b5ae21,Passport to Jewish Music,Irene Heskes,title+author(exact),BLOCKED,,title similarity 0.670 < 0.92,The Resource Book of Jewish Music,Irene Heskes,Passport to Jewish Music,Irene Heskes
21afcb41-8a39-45d1-8199-7dd984c479d1,Lumières sur la paracha,Rav Emmanuel Bensimon,,INSERT,,no match found,,,Lumières sur la paracha,Rav Emmanuel Bensimon
21afef1b-5ceb-4383-a092-9d3c74ce8d62,Microsoft Azure Essentials - Fundamentals of Azure,Michael Collier; Robin Shahan,,INSERT,,no match found,,,Microsoft Azure Essentials - Fundamentals of Azure,Michael Collier; Robin Shahan
21b0f626-f225-48b1-9371-4024b4b695b5,Nový kapesni slovnik anglicko-český a česko-anglický,Alois Čermák,,INSERT,,no match found,,,Nový kapesni slovnik anglicko-český a česko-anglický,Alois Čermák
21bff16d-44a4-4f18-8835-a88f542ce458,Danish,W. Glyn Jones; Kirsten Gade,title+author(exact),BLOCKED,,title length ratio 2.67 > 1.5; title similarity 0.875 < 0.92,Danish A Grammar,W.Glyn Jones and Kirsten Gade,Danish,W. Glyn Jones; Kirsten Gade
21c3a398-a348-4c88-bb61-10d77a5c4529,The Renaissance,Walter Pater,,INSERT,,no match found,,,The Renaissance,Walter Pater
21c78fef-d05a-479c-9526-0f761845f406,The New World of Math,George A. W. Boehm,,INSERT,,no match found,,,The New World of Math,George A. W. Boehm
21d01b31-c435-439f-b6d4-731577f3d014,In Patagonia,Bruce Chatwin,,INSERT,,no match found,,,In Patagonia,Bruce Chatwin
21d0ed87-0302-4ae4-8177-baa767596dbf,Hebrew Scholasticism in the Fifteenth Century,Mauro Zonta,,INSERT,,no match found,,,Hebrew Scholasticism in the Fifteenth Century,Mauro Zonta
21d1722c-5e9e-4711-8291-813751a44e3e,Cassell's Italian Dictionary,Unknown,,INSERT,,no match found,,,Cassell's Italian Dictionary,Unknown
21e72a1c-c8c4-4047-8356-354ff351a992,Carmen,Georges Bizet; Henri Meilhac,,INSERT,,no match found,,,Carmen,Georges Bizet; Henri Meilhac
220c2ffa-c2ab-482b-8583-e848efd8e357,Symphony no. 8,Gustav Mahler,,INSERT,,no match found,,,Symphony no. 8,Gustav Mahler
2212ede2-b94f-453b-998e-714af033a6a3,Homecoming at Twilight,Jacob Glatstein,title+author(exact),UPDATE,year|language,,Homecoming at Twilight,Jacob Glatstein,Homecoming at Twilight,Jacob Glatstein
221f5302-d6ac-4c87-8ee8-af4de001f82e,Classical Instrumental Music of Egypt,Haytami,,INSERT,,no match found,,,Classical Instrumental Music of Egypt,Haytami
2225f190-f47c-4ac4-aadd-4b66a0ac2e8e,Synagogue Music of the Contemporary Canadian Synagogue,David Rosen,,INSERT,,no match found,,,Synagogue Music of the Contemporary Canadian Synagogue,David Rosen
2228541f-b74c-4e52-8294-50f91d1b1665,Basic Reference Sources,Margaret Taylor; Ronald R. Powell,,INSERT,,no match found,,,Basic Reference Sources,Margaret Taylor; Ronald R. Powell
22299e3c-1265-4249-bc24-4420a741456b,The Inscriptions of Tiglath-Pileser III King of Assyria,Eckart Frahm,,INSERT,,no match found,,,The Inscriptions of Tiglath-Pileser III King of Assyria,Eckart Frahm
2240d958-2afa-4110-b9f8-e133a4c22331,Clash by Night /Clifford Odets,Clifford Odets,,INSERT,,no match found,,,Clash by Night /Clifford Odets,Clifford Odets
225137c5-d0d3-425a-abd4-48441b57a297,Georges de La Tour,Maria Tsaneva; Blago Kirov,,INSERT,,no match found,,,Georges de La Tour,Maria Tsaneva; Blago Kirov
2259d33a-8d13-461c-9336-6246effca024,The Jews of Moslem Spain,Eliyahu Ashtor,title+author(exact),UPDATE,description|year|language,,The Jews of Moslem Spain,Eliyahu Ashtor,The Jews of Moslem Spain,Eliyahu Ashtor
225b1790-e486-4038-8751-03114924c2c6,The Meaning of God in Modern Jewish Religion,Mordecai Menahem Kaplan,,INSERT,,no match found,,,The Meaning of God in Modern Jewish Religion,Mordecai Menahem Kaplan
2263746c-c262-46e4-b2f2-2a0351f72742,The Other Greeks,Victor Davis Hanson,,INSERT,,no match found,,,The Other Greeks,Victor Davis Hanson
2264f7b7-a828-4769-afd3-bcdb9e21ba35,The Oxford Companion to American Literature,James D. Hart,,INSERT,,no match found,,,The Oxford Companion to American Literature,James D. Hart
226fe742-4732-4215-b953-74b66b1b8c53,The Phoenix Project,Gene Kim; Kevin Behr; George Spafford,title+author(exact),BLOCKED,,title length ratio 2.14 > 1.5; title similarity 0.893 < 0.92,The Phoenix,Unknown,The Phoenix Project,Gene Kim; Kevin Behr; George Spafford
2275074a-0ccf-4002-ab50-930115ea0c3d,The Jews Under Roman Rule,William Douglas Morrison,,INSERT,,no match found,,,The Jews Under Roman Rule,William Douglas Morrison
2285b0e2-f79d-46a6-9e92-307c599215ae,A Greek-English Lexicon,Henry George Liddell,,INSERT,,no match found,,,A Greek-English Lexicon,Henry George Liddell
22a0238b-335a-4317-8442-2d79604d3bad,Music and the Line of Most Resistance,Artur Schnabel,,INSERT,,no match found,,,Music and the Line of Most Resistance,Artur Schnabel
22bc1068-f346-4651-af62-546427d78c13,Neue Gedichte,Rainer Maria Rilke,title+author(exact),UPDATE,title|author|description|publisher|year|language,,NEUE GEDICHTE,RAINER MARIA RILKE,Neue Gedichte,Rainer Maria Rilke
22c57ab1-780c-4f39-9447-599fdb88c988,"The Jewish Community, Its History and Structure to the American Revolution",Salo Wittmayer Baron; Jewish Publication Society of America (Philadelphia),,INSERT,,no match found,,,"The Jewish Community, Its History and Structure to the American Revolution",Salo Wittmayer Baron; Jewish Publication Society of America (Philadelphia)
22c7c09b-2750-4c56-b019-9ad075ac25de,Discours de la couronne,Demosthene,title+author(exact),BLOCKED,,title similarity 0.857 < 0.92,DISCOURS D'APPARAT,DEMOSTHENE,Discours de la couronne,Demosthene
22cfaf80-dbcb-44c1-bb18-fe1585185c8d,General Guisans Zweifrontenkrieg,Jon Kimche,,INSERT,,no match found,,,General Guisans Zweifrontenkrieg,Jon Kimche
22dbef3c-9e52-4490-ad5c-f83a7d7dbff2,Phoenix,Classical Association of Canada / Société canadienne des études classiques,fuzzy(1.000),UPDATE,author|year|language,,Phoenix,Unknown,Phoenix,Classical Association of Canada / Société canadienne des études classiques
22e6584f-bcc0-42cb-bcd0-ffd49b7bc19b,The Foundations of Judaism and Christianity,James Parkes,,INSERT,,no match found,,,The Foundations of Judaism and Christianity,James Parkes
22f09d32-8613-49d2-b09c-d0d8e5782437,A System of Psychology,Daniel Greenleaf Thompson,,INSERT,,no match found,,,A System of Psychology,Daniel Greenleaf Thompson
22f5d15b-d54e-4795-8928-1b5dec7a8531,Antiphontis orationes et fragmenta post Fr. Blass,Antiphon; Th Thalheim,title+author(exact),BLOCKED,,title length ratio 1.55 > 1.5; title similarity 0.858 < 0.92; author similarity 0.714 < 0.75,Antiphon Orationes et Fragmenta,Th. Thalheim,Antiphontis orationes et fragmenta post Fr. Blass,Antiphon; Th Thalheim
2303fd5a-510d-459a-a637-f6803482bdf1,"Euripides: Herakles, erklart von Ulrich von Wilamowitz-Moellendorff",Ulrich von Wilamowitz-Moellendorff,,INSERT,,no match found,,,"Euripides: Herakles, erklart von Ulrich von Wilamowitz-Moellendorff",Ulrich von Wilamowitz-Moellendorff
2306fa3d-daa7-49b1-8786-867d821f0d79,The Cambridge Companion to the Talmud and Rabbinic Literature,Charlotte Elisheva Fonrobert; Martin S. Jaffee,,INSERT,,no match found,,,The Cambridge Companion to the Talmud and Rabbinic Literature,Charlotte Elisheva Fonrobert; Martin S. Jaffee
230f631a-8a09-4075-84ae-74cd2fd4fd0f,The Bible in the Syriac Tradition (Third Edition),Sebastian Brock,,INSERT,,no match found,,,The Bible in the Syriac Tradition (Third Edition),Sebastian Brock
233985bc-5458-40bd-9132-1ac5f059eca4,College and Research Libraries News,Association of College and Research Libraries,,INSERT,,no match found,,,College and Research Libraries News,Association of College and Research Libraries
23461ca4-79ab-4ecc-aee1-35e24673ad3c,Religious Freedom,Isaac Lewin; Michael L. Munk; Jeremiah Joseph Berman,,INSERT,,no match found,,,Religious Freedom,Isaac Lewin; Michael L. Munk; Jeremiah Joseph Berman
23495598-4ac0-4088-a150-6a23dc7a4b9b,Let's Speak Arabic,Omar Othman,,INSERT,,no match found,,,Let's Speak Arabic,Omar Othman
234d45ad-7855-41b3-90c7-52fa70cf2256,De origine et situ Germanorum,Cornelius Tacitus,,INSERT,,no match found,,,De origine et situ Germanorum,Cornelius Tacitus
2353d054-2ecb-4591-abea-d3a560dc6e40,SerboCroatian-English Colloquial Dictionary,Danko Šipka,,INSERT,,no match found,,,SerboCroatian-English Colloquial Dictionary,Danko Šipka
238ef103-ab94-475d-a84d-2c240272c663,Aristotle,Jonathan Barnes; Malcolm Schofield; Richard Sorabji,title+author(exact),BLOCKED,,title length ratio 3.89 > 1.5; title similarity 0.698 < 0.92,Articles on Aristotle 3. Metaphysics,"Jonathan Barnes, Malcolm Schofield, Richard Sorabji",Aristotle,Jonathan Barnes; Malcolm Schofield; Richard Sorabji
23926f95-1243-4ed4-a334-cb8dcaa6e739,Visiting the Sick,Aaron Eli Glatt,,INSERT,,no match found,,,Visiting the Sick,Aaron Eli Glatt
239761ab-064c-46a0-96b7-70583de324d2,La Roma del ghetto,Salvatore Fornari,,INSERT,,no match found,,,La Roma del ghetto,Salvatore Fornari
2398f70d-52e7-4076-b0de-af2374e0b71f,"Calendar and Community:A History of the Jewish Calendar, 2nd Century BCE to 10th Century CE",Sacha Stern,,INSERT,,no match found,,,"Calendar and Community:A History of the Jewish Calendar, 2nd Century BCE to 10th Century CE",Sacha Stern
23a6f0ac-ba10-4d1b-8326-702579755b8e,Torah and Dharma,Judith Linzer,,INSERT,,no match found,,,Torah and Dharma,Judith Linzer
23bd8add-1c32-498a-8f89-b95654076e15,Nave's Topical Bible: a Digest of the Holy Scriptures,Orville James Nave,,INSERT,,no match found,,,Nave's Topical Bible: a Digest of the Holy Scriptures,Orville James Nave
23c58402-a6f8-447f-9328-c40ee035a05d,Rebbetzin Kanievsky,Naftali Yeohiel Ben Sh Ovinberger; Naomi Weinberger; Nina Indig,,INSERT,,no match found,,,Rebbetzin Kanievsky,Naftali Yeohiel Ben Sh Ovinberger; Naomi Weinberger; Nina Indig
23ca152e-93e9-4aba-b094-ba8818f56631,Order of Service and Customs for the Synagogue and the Home,Moses Friedlander,title+author(exact),UPDATE,year|language,,Order of Service and Customs for the Synagogue and the Home,Moses Friedlander,Order of Service and Customs for the Synagogue and the Home,Moses Friedlander
23e586ff-6b47-484f-8dab-d747fd32f258,Uzbek Textbook,Khaĭrulla Ismatullaev,,INSERT,,no match found,,,Uzbek Textbook,Khaĭrulla Ismatullaev
23e9863f-4572-4ef9-98d3-496484589bc9,Jewish Identity in Modern Israel,Naftali Rothenberg; Eliezer Schweid,,INSERT,,no match found,,,Jewish Identity in Modern Israel,Naftali Rothenberg; Eliezer Schweid
23f8ba94-a7bc-4802-9647-a4d1f45494d6,Israel,Martin Hintz,,INSERT,,no match found,,,Israel,Martin Hintz
24001d78-5298-4cb5-8af7-2ed92388c439,Symphony no. 8,"Schubert, Prokofieff, Mozart",,INSERT,,no match found,,,Symphony no. 8,"Schubert, Prokofieff, Mozart"
240c47e3-bad9-4efa-a6f9-3ba4b163b033,The New Syriac Primer,George Anton Kiraz,,INSERT,,no match found,,,The New Syriac Primer,George Anton Kiraz
240ea68c-a2b5-4ee4-94fc-50ddc0ae483b,Ardā Wirāz Nāmag,Fereydun Vahman,,INSERT,,no match found,,,Ardā Wirāz Nāmag,Fereydun Vahman
24205b1b-0396-478b-9e83-72ca20d35e0b,Hegel,Horst Althaus,,INSERT,,no match found,,,Hegel,Horst Althaus
2423d2d9-f668-4052-8a89-5e07c5f3d969,Sefer Ha-'Ikkarim. Book of Principles ... Critically Edited ... with a Translation and Notes by Isaac Husik,Joseph Albo; Isaac HUSIK,title+author(exact),BLOCKED,,title length ratio 2.77 > 1.5; title similarity 0.872 < 0.92,Sefer Ha-'Ikkarim Book of Principles,"Joseph Albo, Isaac Husik",Sefer Ha-'Ikkarim. Book of Principles ... Critically Edited ... with a Translation and Notes by Isaac Husik,Joseph Albo; Isaac HUSIK
242d467e-1cb1-45cc-a5dd-75a85b36adf8,Renaissance and Baroque,Heinrich Wölfflin,,INSERT,,no match found,,,Renaissance and Baroque,Heinrich Wölfflin
24308cd7-fe77-4d11-9ac4-7c0fe99efcc1,Thukydides,Thucydides; J. Classen,fuzzy(0.953),BLOCKED,,author similarity 0.456 < 0.75,Thucydides,W. Robert Connor,Thukydides,Thucydides; J. Classen
2449aff2-5f02-42af-8c1a-974582aea419,A History of Macedonia,N. G. L. Hammond; F. W. Walbank; G. T. Griffith,,INSERT,,no match found,,,A History of Macedonia,N. G. L. Hammond; F. W. Walbank; G. T. Griffith
244b1e1b-4bb9-4cf9-9583-f383f778e9bb,A Tibetan-English Dictionary,H. A. Jaschke,fuzzy(1.000),BLOCKED,,author similarity 0.494 < 0.75,A Tibetan-English Dictionary,Sarat Chandra Das,A Tibetan-English Dictionary,H. A. Jaschke
24668131-5691-44c8-ad1b-94d0578614b3,Exodus,Victor P. Hamilton,fuzzy(1.000),BLOCKED,,author similarity 0.450 < 0.75,Exodus,U. Cassuto,Exodus,Victor P. Hamilton
248313aa-f681-4f14-a8d3-93d70e8a9abf,Contemporary Halakhic Problems,J. David Bleich,,INSERT,,no match found,,,Contemporary Halakhic Problems,J. David Bleich
2486a9c0-6614-49ec-a708-a26a8fababde,Coningsby or The New Generation,Benjamin Disraeli,title+author(exact),UPDATE,year|language,,Coningsby or The New Generation,Benjamin Disraeli,Coningsby or The New Generation,Benjamin Disraeli
24893e7c-8155-420f-8025-3a090aef071b,The Foundations of Chemical Kinetics,Sidney William Benson,,INSERT,,no match found,,,The Foundations of Chemical Kinetics,Sidney William Benson
2498fd00-f181-4c70-ba86-a18840ac39b1,Talmud and Apocrypha,Robert Travers Herford,,INSERT,,no match found,,,Talmud and Apocrypha,Robert Travers Herford
249e87ac-302e-4060-b794-973291af7919,Jurnalele lui Carrie,Candace Bushnell; Alina Popescu,,INSERT,,no match found,,,Jurnalele lui Carrie,Candace Bushnell; Alina Popescu
24a1c482-b8bd-4352-ba2e-8ce1151827eb,The World As I See It,Albert Einstein,,INSERT,,no match found,,,The World As I See It,Albert Einstein
24c812c3-83d6-454b-b1d6-8bea165a589d,High Renaissance,Michael Levey,,INSERT,,no match found,,,High Renaissance,Michael Levey
24f670f3-6dfe-4448-839e-bbe1570764a7,"Je länger ein Blinder lebt, desto mehr sieht er",Unknown,,INSERT,,no match found,,,"Je länger ein Blinder lebt, desto mehr sieht er",Unknown
25177ffa-9a8b-4899-bad7-f3a02534d99d,The Meters of Greek and Latin Poetry,James W. Halporn; Martin Ostwald; Thomas G. Rosenmeyer,,INSERT,,no match found,,,The Meters of Greek and Latin Poetry,James W. Halporn; Martin Ostwald; Thomas G. Rosenmeyer
251864d0-716b-4412-84f1-5ab884404245,"Myths, Symbols and Legends of Solar System Bodies",Rachel Alexander,,INSERT,,no match found,,,"Myths, Symbols and Legends of Solar System Bodies",Rachel Alexander
252567d0-0d2a-45fc-81ae-216df134b4b6,Currents and Trends in Contemporary Jewish Thought,Benjamin Efron; Herbert M. Baumgard,,INSERT,,no match found,,,Currents and Trends in Contemporary Jewish Thought,Benjamin Efron; Herbert M. Baumgard
253047d7-41db-4b32-b6ff-50e16f1d3b54,Yitz Greenberg and Modern Orthodoxy,Adam Ferziger; Miri Freud-Kandel; Steven Bayme,,INSERT,,no match found,,,Yitz Greenberg and Modern Orthodoxy,Adam Ferziger; Miri Freud-Kandel; Steven Bayme
253719dd-08ec-4473-b971-e52ee6080924,Il Tabarro,Giacomo Puccini,,INSERT,,no match found,,,Il Tabarro,Giacomo Puccini
2538955f-ba61-4305-a72a-6231c671f3ba,The Politics of Aristotle,Aristotle; William Lambert Newman,,INSERT,,no match found,,,The Politics of Aristotle,Aristotle; William Lambert Newman
2538bbc3-8904-44a5-bf2e-ed595ee50aa4,The Documents from the Bar Kokhba Period in the Cave of Letters: No special title,Andrew Gross,,INSERT,,no match found,,,The Documents from the Bar Kokhba Period in the Cave of Letters: No special title,Andrew Gross
25423a7a-ba21-430d-afc3-533d06646c87,Phoenix,Unknown,title+author(exact),UPDATE,title|year|language,,The Phoenix,Unknown,Phoenix,Unknown
2554bad5-1efa-4845-a810-9626f94b8067,Introduction to the Hebrew Bible,John Joseph Collins,fuzzy(0.940),BLOCKED,,author similarity 0.508 < 0.75,An Introduction to the Bible,STANLEY COOK,Introduction to the Hebrew Bible,John Joseph Collins
2566ac38-a1d5-4ac8-b81d-984cec5ff6f1,Antwerpen,Guillaume Beetemé,,INSERT,,no match found,,,Antwerpen,Guillaume Beetemé
2574cc1d-0c28-4d0f-8e16-5cab5105bdf5,Wielki Slownik angielski-polski. the Great English-Polish Dictionary,Jan Stanislawski,,INSERT,,no match found,,,Wielki Slownik angielski-polski. the Great English-Polish Dictionary,Jan Stanislawski
2578211d-1ea4-45a6-82e9-b0b2a6932fc2,Museum Judenplatz - zum mittelalterlichen Judentum,Unknown,,INSERT,,no match found,,,Museum Judenplatz - zum mittelalterlichen Judentum,Unknown
2579e752-bab5-4982-91a4-25a2b6a81b1a,A Linguistic Analysis of Zulu,G. Poulos; C. T. Msimang,,INSERT,,no match found,,,A Linguistic Analysis of Zulu,G. Poulos; C. T. Msimang
257f2952-2dd5-4d07-90a3-e9f4186f94bd,Legal Research Illustrated,J. Myron Jacobstein; Roy M. Mersky,,INSERT,,no match found,,,Legal Research Illustrated,J. Myron Jacobstein; Roy M. Mersky
25896a64-1a91-4567-8dcc-960aa6f898b3,A History of the Ancient World,M. Rostovtzeff,title+author(exact),UPDATE,year|language,,A History of the Ancient World,M. Rostovtzeff,A History of the Ancient World,M. Rostovtzeff
258d6902-944d-4e41-8e38-8a5f180c5a62,The Politics,Aristotle,,INSERT,,no match found,,,The Politics,Aristotle
25b5aeb2-4f00-40c0-b686-1a8df8c1ca4f,... Pierre and Jean (Peter and John) by Guy de Maupassant ...,Guy de Maupassant; Alexina Loranger Donovan,title+author(exact),BLOCKED,,title length ratio 17.00 > 1.5; title similarity 0.000 < 0.92; author similarity 0.601 < 0.75,Guy,GREJI,... Pierre and Jean (Peter and John) by Guy de Maupassant ...,Guy de Maupassant; Alexina Loranger Donovan
25ba1931-0e8f-4143-be33-395d91f2a11a,"hah̲àzánẇţ ʼamánẇţ - die Kunst des jüdischen Kantorats. Rezitative. Responsorien und Chöre für den jüdischen vottesdienst Komponiert von A. B. Birnbaum,... [pour cantor, choeur à 4 v. mixtes, avec et sans orgue]. Erster [- zweiter] Teil",אברהם בר ברנבוים,,INSERT,,no match found,,,"hah̲àzánẇţ ʼamánẇţ - die Kunst des jüdischen Kantorats. Rezitative. Responsorien und Chöre für den jüdischen vottesdienst Komponiert von A. B. Birnbaum,... [pour cantor, choeur à 4 v. mixtes, avec et sans orgue]. Erster [- zweiter] Teil",אברהם בר ברנבוים
25c04687-3051-4773-9769-ff21074a3c77,A Dictionary of Psychology,James Drever,,INSERT,,no match found,,,A Dictionary of Psychology,James Drever
25c4ba85-ba0d-430b-a043-213c5ad76613,Die Weise Von Liebe Und Tod Des Cornets Christoph Rilke,Rainer Maria Rilke,,INSERT,,no match found,,,Die Weise Von Liebe Und Tod Des Cornets Christoph Rilke,Rainer Maria Rilke
25cc7449-32f3-40da-904d-cca8f388d193,Studies in Islamic History and Civilization,Uriel Heyd,,INSERT,,no match found,,,Studies in Islamic History and Civilization,Uriel Heyd
25dbe2fe-20e3-453f-85a9-0bd93f89b87e,Medieval People,Eileen Power,,INSERT,,no match found,,,Medieval People,Eileen Power
25ded208-eeca-4985-96e7-8ed7ded825e3,Virgil's Works,Virgil,title+author(exact),UPDATE,year|language,,Virgil's Works,Virgil,Virgil's Works,Virgil
25e8f641-0916-4e04-8ca0-e1e356627197,"Semites, Iranians, Greeks, and Romans",Jonathan A. Goldstein,,INSERT,,no match found,,,"Semites, Iranians, Greeks, and Romans",Jonathan A. Goldstein
25f24eb9-ba57-4e00-b08e-9aba8c571e93,Tradition and Reflection,Wilhelm Halbfass,fuzzy(0.929),BLOCKED,,author similarity 0.425 < 0.75,Tradition and Reality,Nathan Rotenstreich,Tradition and Reflection,Wilhelm Halbfass
25f34e12-00c5-4fbc-8dfa-99654a272459,Ex Oriente Lux,Alfred H. Henry,,INSERT,,no match found,,,Ex Oriente Lux,Alfred H. Henry
25fe3dea-9147-4651-8994-41f5dea19505,The Jewish Community in Poland,Isaac Lewin,title+author(exact),UPDATE,description|publisher|year|language|category_id,,The Jewish Community in Poland,Isaac Lewin,The Jewish Community in Poland,Isaac Lewin
25ffe865-6921-4891-a276-43c0badc66ac,The Star and the Cross,Leonard Traines,,INSERT,,no match found,,,The Star and the Cross,Leonard Traines
2605b8c6-4af5-462a-b30a-c4104da9fd52,Songs of Praise and Prayer,Charles Herbert Richards,,INSERT,,no match found,,,Songs of Praise and Prayer,Charles Herbert Richards
2609a819-f9bc-402e-9e73-d5aba4d77974,Cuneiform Mathematical Texts as a Reflection of Everyday Life in Mesopotamia,Karen Rhea Nemet-Nejat,,INSERT,,no match found,,,Cuneiform Mathematical Texts as a Reflection of Everyday Life in Mesopotamia,Karen Rhea Nemet-Nejat
26231a02-8083-4bda-a47c-2c31f38c8928,Book of Knowledge,Moses Gaster,,INSERT,,no match found,,,Book of Knowledge,Moses Gaster
2623e224-42a4-4134-83b3-cc5699fc035e,Social Forces and the Law,Ronald Aberdeen Anderson,,INSERT,,no match found,,,Social Forces and the Law,Ronald Aberdeen Anderson
263988e5-2e2d-47ac-8c83-a10a56b049a9,Elementary Particles and Their Currents,Jeremy Bernstein,,INSERT,,no match found,,,Elementary Particles and Their Currents,Jeremy Bernstein
264ec3d0-ebb4-4134-aa29-ae99ef97ae78,The Annotated Alice,Lewis Carroll,,INSERT,,no match found,,,The Annotated Alice,Lewis Carroll
265e314c-adf3-4cc7-ad60-3758f95a4585,Complete Poetical Works,John Keats,,INSERT,,no match found,,,Complete Poetical Works,John Keats
2669f1d2-8a95-42ba-8c1c-edfa64a43319,The Cambridge Ancient History,John Boardman; N. G. L. Hammond,,INSERT,,no match found,,,The Cambridge Ancient History,John Boardman; N. G. L. Hammond
266b3bf2-3531-4d90-bd07-2317204b0f04,Tannhäuser Overture,Richard Wagner,,INSERT,,no match found,,,Tannhäuser Overture,Richard Wagner
2675649c-b07c-4403-b39a-e79bb27f3ddf,The Dramatic Festivals of Athens,Sir Arthur Wallace Pickard-Cambridge,,INSERT,,no match found,,,The Dramatic Festivals of Athens,Sir Arthur Wallace Pickard-Cambridge
2683250d-5a05-443e-b177-9fac62f4b77e,Reprinted from the Papers of the Bibliographical Society of America,James Bennett CHILDS,,INSERT,,no match found,,,Reprinted from the Papers of the Bibliographical Society of America,James Bennett CHILDS
2684982d-7a51-4d45-a869-9842c428be5b,Duineser Elegien,Rainer Maria Rilke,,INSERT,,no match found,,,Duineser Elegien,Rainer Maria Rilke
268f17a0-dec2-45ec-80b2-4d08d5a7afbf,"Latin, an Introductory Course Based on Ancient Authors",Frederic M. Wheelock,,INSERT,,no match found,,,"Latin, an Introductory Course Based on Ancient Authors",Frederic M. Wheelock
268fc9a6-8754-4cc9-b579-91a7eb026322,"Perspectives on Jewish thought and mysticism : proceedings of the International Conference held by The Institute of Jewish Studies, University College London, 1994, in celebration of its fortieth anniversary : dedicated to the memory and academic legacy of its founder Alexander Altmann","Alfred L. Ivry, 1935-",,INSERT,,no match found,,,"Perspectives on Jewish thought and mysticism : proceedings of the International Conference held by The Institute of Jewish Studies, University College London, 1994, in celebration of its fortieth anniversary : dedicated to the memory and academic legacy of its founder Alexander Altmann","Alfred L. Ivry, 1935-"
269348b8-6c4e-4510-9531-34e0bbe4146f,Time and Temporality in the Ancient World,Ralph M. Rosen,,INSERT,,no match found,,,Time and Temporality in the Ancient World,Ralph M. Rosen
269940a2-4910-4327-9d82-e97cf828772e,Technical Studies,Julius Klengel,,INSERT,,no match found,,,Technical Studies,Julius Klengel
269c0287-8f11-4cd4-9310-c39df0cf0360,The Selihot service,Israel Alter,,INSERT,,no match found,,,The Selihot service,Israel Alter
26ad23ab-bc2f-4010-8eb4-e4cf954884c1,"The Thirteen Books of Euclid's Elements. Translated ... with Introduction and Commentary by Sir Thomas L. Heath ... Second Edition, Revised with Additions",EUCLID.; Sir Thomas Little HEATH,title+author(exact),BLOCKED,,title length ratio 8.18 > 1.5; title similarity 0.541 < 0.92; author similarity 0.719 < 0.75,Euclid's Elements,Sir Thomas L. Heath,"The Thirteen Books of Euclid's Elements. Translated ... with Introduction and Commentary by Sir Thomas L. Heath ... Second Edition, Revised with Additions",EUCLID.; Sir Thomas Little HEATH
26b0b5a0-95f9-416d-8b58-18a23791a913,Das Ochsenfurter Männerquartett,Leonhard Frank,,INSERT,,no match found,,,Das Ochsenfurter Männerquartett,Leonhard Frank
26d5edac-0488-4f2b-96c7-ad2c2ec7d33a,Rudiments and Theory of Music,Associated Board of the Royal Schools of Music (Great Britain),title+author(exact),UPDATE,author|year|language,,Rudiments and Theory of Music,Unknown,Rudiments and Theory of Music,Associated Board of the Royal Schools of Music (Great Britain)
26dab626-3cb5-40c3-b0c6-19f9f026b879,Die Welt von Gestern,Stefan Zweig,,INSERT,,no match found,,,Die Welt von Gestern,Stefan Zweig
26ef6805-618e-42cb-b4d1-5e6500bda411,"Wisdom, Madness and Folly",John Custance,,INSERT,,no match found,,,"Wisdom, Madness and Folly",John Custance
26f91e1a-b802-4de7-a95c-35bdec5505b0,Byzantine Jewry,Andrew Sharf,,INSERT,,no match found,,,Byzantine Jewry,Andrew Sharf
27062b76-a33a-43ba-bc95-784c6cbf1773,Exclusiveness and Tolerance,Jacob Katz,,INSERT,,no match found,,,Exclusiveness and Tolerance,Jacob Katz
270fcbcc-c7ce-4257-a2cb-22c4b9c2368f,Exodus,Leon Uris,fuzzy(1.000),BLOCKED,,author similarity 0.444 < 0.75,Exodus,U. Cassuto,Exodus,Leon Uris
2725fa4c-9379-45a6-94a4-159b98b80b7e,Morality and Behaviour in Democratic Athens,Gabriel Herman,,INSERT,,no match found,,,Morality and Behaviour in Democratic Athens,Gabriel Herman
27288a94-7fc0-472c-a815-9ff7e064c0c5,Les fleurs du mal,Charles Baudelaire,,INSERT,,no match found,,,Les fleurs du mal,Charles Baudelaire
273a25de-e163-40d6-bdfb-ed9503e85fe3,West-östlicher Divan,Johann Wolfgang Goethe,title+author(exact),UPDATE,description|publisher|year|language,,West-östlicher Divan,Johann Wolfgang Goethe,West-östlicher Divan,Johann Wolfgang Goethe
274acf99-20ee-4e70-b019-da7a6ea63bf0,Year Book,Carnegie Institution of Washington,title+author(exact),BLOCKED,,title length ratio 2.11 > 1.5; title similarity 0.895 < 0.92; author similarity 0.492 < 0.75,Year Book 2002-2003,H.T NACHBILL SS,Year Book,Carnegie Institution of Washington
274fcf64-6306-4b54-a047-14a403f6dcde,The shorter Oxford English dictionary on historical principles,William Little; Jessie Coulson; H. W. Fowles,,INSERT,,no match found,,,The shorter Oxford English dictionary on historical principles,William Little; Jessie Coulson; H. W. Fowles
2753b667-99dd-46e8-831a-0b8c140d3b41,The Diaries of Franz Kafka,Franz Kafka,,INSERT,,no match found,,,The Diaries of Franz Kafka,Franz Kafka
27621e36-e0fb-42e9-bdeb-c2830d7fbf9e,The Village of Silwan,David Ussishkin,,INSERT,,no match found,,,The Village of Silwan,David Ussishkin
276235dd-ccd6-41f7-af09-abf0338dd5e9,"The Book of Samuel I, Meʻam Loʻez",Shmuel Yerushalmi,,INSERT,,no match found,,,"The Book of Samuel I, Meʻam Loʻez",Shmuel Yerushalmi
2763ad77-59ba-40bb-ba36-f73ea9793f0a,Shabbos--day of Eternity,Aryeh Kaplan; National Conference of Synagogue Youth,,INSERT,,no match found,,,Shabbos--day of Eternity,Aryeh Kaplan; National Conference of Synagogue Youth
2765340c-b283-4238-881e-6e01d63879f9,The Greek And Macedonian Art Of War,F. E. Adcock,,INSERT,,no match found,,,The Greek And Macedonian Art Of War,F. E. Adcock
277314e4-6f64-44fe-9852-9243699a84ee,The Papers of the Bibliographical Society of America,Bibliographical Society of America,fuzzy(1.000),BLOCKED,,author similarity 0.548 < 0.75,The PAPERS of the BIBLIOGRAPHICAL SOCIETY of AMERICA,"RICHARD KNOWLES, MARCUS A. McCORISON, ALAN R. YOUNG, SYDNEY J. SHEP",The Papers of the Bibliographical Society of America,Bibliographical Society of America
279bb392-01a6-4647-ae21-920ee4ae261a,English-Yiddish Dictionary : Yiddish-English Dictionary,Alexander Harkavy,,INSERT,,no match found,,,English-Yiddish Dictionary : Yiddish-English Dictionary,Alexander Harkavy
27c25e68-c36b-4c19-bf91-1e30bfe57e77,The Transformation Promise,Johanna Derbolowsky,,INSERT,,no match found,,,The Transformation Promise,Johanna Derbolowsky
27c8088c-e790-4805-92e9-1bdeb8124d9a,Nationalism and History,Semen M. Dubnov; Simon Dubnow,title+author(exact),BLOCKED,,author similarity 0.656 < 0.75,Nationalism and History,Simon Dubnow,Nationalism and History,Semen M. Dubnov; Simon Dubnow
27d18dfd-27e8-40d1-89b2-96fa8d6c1be0,The Odyssey of a Faith,Bernard Heller,,INSERT,,no match found,,,The Odyssey of a Faith,Bernard Heller
27db3edb-dfa9-4124-adb5-ac4aa8ebc7c7,Foucault,Gary Gutting,,INSERT,,no match found,,,Foucault,Gary Gutting
27e0c16c-b485-4b47-aa68-d67e1d6ef2f6,The Role of the Speeches in Thucydides' History of the Peloponnesian War,Marc Cogan,,INSERT,,no match found,,,The Role of the Speeches in Thucydides' History of the Peloponnesian War,Marc Cogan
27efed3a-3d3a-45ff-bb65-20c3f81420ec,Dictionary of Philosophy Competit Leaflt,Robert (Ed) Audi,,INSERT,,no match found,,,Dictionary of Philosophy Competit Leaflt,Robert (Ed) Audi
27f09cde-05c5-4544-9b68-6f9c4a95bffa,Geschichte des jüdischen Krieges,Flavius Josephus,,INSERT,,no match found,,,Geschichte des jüdischen Krieges,Flavius Josephus
27f52753-c4f1-45b0-b8c1-3fbf86b7f471,Tales of Melvil's Mouser,Paul Shaner Dunkin,title+author(exact),UPDATE,title|author|description|publisher|year|language,,TALES OF MELVIL'S MOUSER,Unknown,Tales of Melvil's Mouser,Paul Shaner Dunkin
27fa6ea6-2471-4ae6-ab00-5c476583fae2,"Gedenkausgabe der Werke, Briefe und Gespräche. 28. August 1949. Herausgegeben von Ernst Beutler. [With portraits.].",Johann Wolfgang von Goethe; Ernst Beutler,title+author(exact),BLOCKED,,title length ratio 2.41 > 1.5; title similarity 0.883 < 0.92,"GEDENKAUSGABE DER WERKE, BRIEFE UND GESPRÄCHE","JOHANN WOLFGANG GOETHE, ERNST BEUTLER","Gedenkausgabe der Werke, Briefe und Gespräche. 28. August 1949. Herausgegeben von Ernst Beutler. [With portraits.].",Johann Wolfgang von Goethe; Ernst Beutler
27fa70e9-9d2d-4fd5-893b-a9edaeb6b477,"Humanism, the Emerging Faith",George Calingaert,,INSERT,,no match found,,,"Humanism, the Emerging Faith",George Calingaert
28088d8e-08d9-4c02-b5ef-3d4cfeed7e6a,Egyptian grammar : being an introduction to the study of hieroglyphs,Alan Henderson Gardiner (Sir),,INSERT,,no match found,,,Egyptian grammar : being an introduction to the study of hieroglyphs,Alan Henderson Gardiner (Sir)
281ac989-9848-412a-a8e5-9c77de39e3ec,Gesammelte Schriften,Samson Raphael Hirsch,,INSERT,,no match found,,,Gesammelte Schriften,Samson Raphael Hirsch
2821c61b-0402-45d9-ae4c-0754537421e8,"Ancient Athens, Piraeus & Phaleron",Arthur Milchhoefer,title+author(exact),UPDATE,title|author|year|language|category_id,,"ANCIENT ATHENS, PIRAEUS & PHALERON",Unknown,"Ancient Athens, Piraeus & Phaleron",Arthur Milchhoefer
282954e0-14ba-47c4-9a5a-2dfa2b3beb9e,"Gedenkausgabe der Werke, Briefe und Gespräche. 28. August 1949. Herausgegeben von Ernst Beutler. [With portraits.].",Johann Wolfgang von Goethe; Ernst Beutler,title+author(exact),BLOCKED,,title length ratio 2.41 > 1.5; title similarity 0.883 < 0.92,"GEDENKAUSGABE DER WERKE, BRIEFE UND GESPRÄCHE","JOHANN WOLFGANG GOETHE, ERNST BEUTLER","Gedenkausgabe der Werke, Briefe und Gespräche. 28. August 1949. Herausgegeben von Ernst Beutler. [With portraits.].",Johann Wolfgang von Goethe; Ernst Beutler
2831b3da-b41a-4887-822c-dff102b93f01,Three Men in a Boat,Jerome K Jerome,,INSERT,,no match found,,,Three Men in a Boat,Jerome K Jerome
2838ec0e-5664-4e6c-8645-76abbe91e85f,Ovid,Karl Hoeber; Anton Pesch,,INSERT,,no match found,,,Ovid,Karl Hoeber; Anton Pesch
28439ae9-7fb4-431e-b245-8885fd4dd516,Roemische Geschichte,Mommsen,,INSERT,,no match found,,,Roemische Geschichte,Mommsen
28479de7-961c-4082-8dba-c06583e452ac,Vietnamese-English Dictionary. Vietnamese-English Student Dictionary. (Revised and Enlarged Edition.).,NGUYEN-DINH-HOA.,,INSERT,,no match found,,,Vietnamese-English Dictionary. Vietnamese-English Student Dictionary. (Revised and Enlarged Edition.).,NGUYEN-DINH-HOA.
284c6fe3-02be-48d2-82c0-577ccdd7159a,Two Treatises of Civil Government,John Locke,,INSERT,,no match found,,,Two Treatises of Civil Government,John Locke
284d6594-8970-4226-9795-76f369ba5626,Encyclopedia of the Dead Sea Scrolls,Lawrence H. Schiffman,,INSERT,,no match found,,,Encyclopedia of the Dead Sea Scrolls,Lawrence H. Schiffman
285245b2-0777-49a8-8995-36fd91bc8113,Eugene Onegin,Pyotr Ilyich Tchaikovsky,,INSERT,,no match found,,,Eugene Onegin,Pyotr Ilyich Tchaikovsky
285472a9-fc20-49a1-b14e-481d99d93001,Les métamorphoses. Tome 3,Apuleius,,INSERT,,no match found,,,Les métamorphoses. Tome 3,Apuleius
2854ea01-fd69-4a69-9d72-68668899083c,Die Theologie der frühen griechischen Denker,Werner Jaeger,title+author(exact),UPDATE,title|author|year|language,,DIE THEOLOGIE DER FRÜHEN GRIECHISCHEN DENKER,WERNER JAEGER,Die Theologie der frühen griechischen Denker,Werner Jaeger
285d572f-0c5b-4f31-9e8e-a049f4917a6e,A History and Guide to Judaic Bibliography,Shimeon Brisman,,INSERT,,no match found,,,A History and Guide to Judaic Bibliography,Shimeon Brisman
285e4d82-d595-4c5f-8510-ba53f1772883,The Cambridge Companion to Duns Scotus,Thomas Williams,,INSERT,,no match found,,,The Cambridge Companion to Duns Scotus,Thomas Williams
285ec356-9d98-405f-936a-355ca3ae17de,Sumerian Grammar,Dietz Otto Edzard,,INSERT,,no match found,,,Sumerian Grammar,Dietz Otto Edzard
28672fae-e919-4f7c-8714-2f1314277aea,Studien an den Grabstätten alter Geschlechter der Steiermark und Kärntens,Leopold von Beckh-Widmanstetter,,INSERT,,no match found,,,Studien an den Grabstätten alter Geschlechter der Steiermark und Kärntens,Leopold von Beckh-Widmanstetter
2876a996-6c9f-4b99-b213-193228fe02dc,Spoken modern Greek,Jay Wharton Fay,,INSERT,,no match found,,,Spoken modern Greek,Jay Wharton Fay
287a7996-6124-4319-ac31-64e3fc1363e6,"Herodotus, Book II: Commentary 1-98",Alan B. Lloyd,,INSERT,,no match found,,,"Herodotus, Book II: Commentary 1-98",Alan B. Lloyd
288cf842-7d4e-4ba4-a422-99d745616479,The Jewish Woman in Rabbinic Literature: A psychohistorical perspective,Menachem M. Brayer,,INSERT,,no match found,,,The Jewish Woman in Rabbinic Literature: A psychohistorical perspective,Menachem M. Brayer
28905bcd-8794-4ed5-90af-80e3bfa3d23e,"Sybil, Or The Two Nations",Benjamin Disraeli,title+author(exact),UPDATE,title|description|year|language,,Sybil or The Two Nations,Benjamin Disraeli,"Sybil, Or The Two Nations",Benjamin Disraeli
28a20587-840b-44fb-8675-52b3ef85660b,The Ordination of Women as Rabbis,Simon Greenberg,,INSERT,,no match found,,,The Ordination of Women as Rabbis,Simon Greenberg
28b64a15-1e97-4dd0-8087-ff65890a163c,Springs of Friendship,"Byron, Camus, Dostoevski, Kierkegaard, Tagore, Wilde",,INSERT,,no match found,,,Springs of Friendship,"Byron, Camus, Dostoevski, Kierkegaard, Tagore, Wilde"
28e1bffa-a58c-4366-bc49-9714fb2953f8,360° Around Shoulder Instability,Roman Brzóska; Giuseppe Milano; Pietro S. Randelli; Ladislav Kovačič,title+author(exact),BLOCKED,,title length ratio 10.33 > 1.5; title similarity 0.789 < 0.92,360,Unknown,360° Around Shoulder Instability,Roman Brzóska; Giuseppe Milano; Pietro S. Randelli; Ladislav Kovačič
28ec1743-414e-448d-bc5f-7b8be7507025,Conflict and Accommodation Between Jews in Israel,Charles S. Liebman,,INSERT,,no match found,,,Conflict and Accommodation Between Jews in Israel,Charles S. Liebman
28fa5cbb-6888-4761-8912-97a07a184764,The Heart Of Understanding,Thich Nhat Hanh,,INSERT,,no match found,,,The Heart Of Understanding,Thich Nhat Hanh
28fca8a2-d5ec-4243-887d-1e25134a45f1,Black Lamb and Grey Falcon,Rebecca West,,INSERT,,no match found,,,Black Lamb and Grey Falcon,Rebecca West
28fdf972-e754-4e0d-a95c-afa58b77852f,Stories from Shakespeare,Marchette Chute,title+author(exact),UPDATE,description|year|language,,Stories from Shakespeare,Marchette Chute,Stories from Shakespeare,Marchette Chute
29001a6a-5382-4c02-9bd1-ff643f843a55,"Real Estate Transfer, Finance and Development",Grant S. Nelson; Dale A. Whitman,,INSERT,,no match found,,,"Real Estate Transfer, Finance and Development",Grant S. Nelson; Dale A. Whitman
2911e5fc-2e83-44c8-b1cf-0c837798dc85,Concise English-Chinese Chinese-English Dictionary,LOGICAL,title+author(exact),UPDATE,year|language,,Concise English-Chinese Chinese-English Dictionary,LOGICAL,Concise English-Chinese Chinese-English Dictionary,LOGICAL
29127992-4547-4656-b5fd-c17f1542f320,Geschichte Ægyptens,J. H. Breasted,,INSERT,,no match found,,,Geschichte Ægyptens,J. H. Breasted
291af9d4-b492-4e23-af5e-b84043636596,Democracy Ancient and Modern,M. I. Finley,title+author(exact),BLOCKED,,title similarity 0.696 < 0.92,ANCIENT HISTORY EVIDENCE AND MODELS,M. I. Finley,Democracy Ancient and Modern,M. I. Finley
291dc41d-8677-4232-909f-66ef7476747c,Vies. Vol. 7,Plutarch,,INSERT,,no match found,,,Vies. Vol. 7,Plutarch
2923f7b1-67a7-46f3-9e7c-f79a7c24f690,The Phoenix Project,Gene Kim; Kevin Behr; George Spafford,title+author(exact),BLOCKED,,title length ratio 2.14 > 1.5; title similarity 0.893 < 0.92,The Phoenix,Unknown,The Phoenix Project,Gene Kim; Kevin Behr; George Spafford
292b9e7a-7b59-4f56-9b4d-3c35ca870cfb,Gearrfhoclóir Gaeilge-Béarla,An Roinn Oideachais,title+author(exact),UPDATE,year|language,,Gearrfhoclóir Gaeilge-Béarla,An Roinn Oideachais,Gearrfhoclóir Gaeilge-Béarla,An Roinn Oideachais
29307ee8-3167-49a5-a763-b22896fa6a0a,Dante und seine Zeit,Karl Federn,,INSERT,,no match found,,,Dante und seine Zeit,Karl Federn
293a7034-f969-4fab-9d36-e027cef0be59,Aeschylus and Sophocles,John Tresidder Sheppard,,INSERT,,no match found,,,Aeschylus and Sophocles,John Tresidder Sheppard
293af5ba-8f28-4cde-a688-20fb0a220b30,The Theory of Invariants,Oliver Edwards Glenn,,INSERT,,no match found,,,The Theory of Invariants,Oliver Edwards Glenn
293f7718-25a4-4385-a7f3-59be2af8dfd9,Dictionary of Popes,J. N. D. Kelly; Michael Walsh,,INSERT,,no match found,,,Dictionary of Popes,J. N. D. Kelly; Michael Walsh
29418311-bb25-436a-a43a-fe36532f98f7,Short Latin Stories,Philip Dunlop,,INSERT,,no match found,,,Short Latin Stories,Philip Dunlop
2954975a-1f9c-482f-8bfb-96103c5898b7,The Oxford Russian-English and English-Russian Dictionary: The Oxford Russian-English dictionary,Mortimer Wheeler,,INSERT,,no match found,,,The Oxford Russian-English and English-Russian Dictionary: The Oxford Russian-English dictionary,Mortimer Wheeler
2954cece-2487-42c0-bfed-6e56cc3c4cf5,The Big City,Alex Atkinson; Ronald Searle,,INSERT,,no match found,,,The Big City,Alex Atkinson; Ronald Searle
295c72c9-d040-4e6c-aa9d-37bb83d44d3e,Mysticism sacred and profane,R. C. Zaehner,,INSERT,,no match found,,,Mysticism sacred and profane,R. C. Zaehner
296589d2-ef97-4154-a251-2a8cdf0dd471,"The Law in Classical Athens, Chapter VI.",Douglas M. MacDowell,title+author(exact),UPDATE,title|author|year|language,,The Law in Classical Athens,Douglas M MacDowell,"The Law in Classical Athens, Chapter VI.",Douglas M. MacDowell
29678c35-741f-41f3-9ed8-e2b0760b83be,Persia and the Bible,Edwin M. Yamauchi,,INSERT,,no match found,,,Persia and the Bible,Edwin M. Yamauchi
297f6062-17da-44ce-9a14-28e754c8d33d,Language,Edward Sapir,,INSERT,,no match found,,,Language,Edward Sapir
298b5455-d112-4665-9e0e-7872bfb34477,J.R.R. Tolkien: A Biography,Humphrey Carpenter,,INSERT,,no match found,,,J.R.R. Tolkien: A Biography,Humphrey Carpenter
299a6d04-1529-4a20-920d-2e7032160a03,Plutarch's Lives,Plutarch,title+author(exact),UPDATE,description|year|language,,Plutarch's Lives,Plutarch,Plutarch's Lives,Plutarch
299b6c09-ddba-49d9-a7a6-86879c5d3b21,The Mother's Encyclopedia,P.P. - New York. - Parents' Magazine,,INSERT,,no match found,,,The Mother's Encyclopedia,P.P. - New York. - Parents' Magazine
299f5909-9017-428b-ba41-e65b80b8a0cd,Greek Oligarchies,Leonard Whible,,INSERT,,no match found,,,Greek Oligarchies,Leonard Whible
29aab862-4d92-4621-bfc7-184464a39311,"European Thought in the Eighteenth Century, from Montesquieu to Lessing",Paul Hazard,,INSERT,,no match found,,,"European Thought in the Eighteenth Century, from Montesquieu to Lessing",Paul Hazard
29cf6357-2b48-4177-9810-83c9584dd602,The Holy Scriptures - Deuteronomy,Joseph Reider,,INSERT,,no match found,,,The Holy Scriptures - Deuteronomy,Joseph Reider
29d7098f-3c54-40dd-a8a4-9d5988adfa96,The Politics of Experience,R.D. Laing,,INSERT,,no match found,,,The Politics of Experience,R.D. Laing
29e5a4f7-c2b3-411a-972a-f2b5df71933e,Brahms,Peter Latham,,INSERT,,no match found,,,Brahms,Peter Latham
29fbdb0a-c2dd-4ca3-be21-4f34a70030d0,Isaiah Berlin,Michael Ignatieff,,INSERT,,no match found,,,Isaiah Berlin,Michael Ignatieff
2a142531-f71d-422b-ab96-fb914a255026,The Historie of Travaile Into Virginia Britannia,William Strachey,title+author(exact),BLOCKED,,title length ratio 1.83 > 1.5; title similarity 0.621 < 0.92; author similarity 0.531 < 0.75,Virginia: A History & Guide,Tim Mulligan,The Historie of Travaile Into Virginia Britannia,William Strachey
2a4c6429-5336-4d10-8003-ad4a02338566,Aus meinem Leben,Richard Willstätter,,INSERT,,no match found,,,Aus meinem Leben,Richard Willstätter
2a4d3830-ed84-43dc-a84d-7b490318eb56,The Jewish Encyclopedia,Cyrus Adler,title+author(exact),UPDATE,author|publisher|year|language,,The Jewish Encyclopedia,"Cyrus Adler, Gotthard Deutsch, Louis Ginzberg, et al.",The Jewish Encyclopedia,Cyrus Adler
2a5309a8-e173-4114-a3e2-3d4efde0f132,Sermons on Christian life and hope,Charles Ewart Butler,,INSERT,,no match found,,,Sermons on Christian life and hope,Charles Ewart Butler
2a588ec2-2796-4385-9356-39a23d1721fb,Developing Library and Information Center Collections,G. Edward Evans,,INSERT,,no match found,,,Developing Library and Information Center Collections,G. Edward Evans
2a656db4-623d-47e6-886e-b475e376b0d5,Pictorial History of Israel,Jacob A. Rubin,,INSERT,,no match found,,,Pictorial History of Israel,Jacob A. Rubin
2a6c5629-eab0-472c-8c66-2adf6b65cd8d,Inventing the Middle Ages,Norman Cantor,,INSERT,,no match found,,,Inventing the Middle Ages,Norman Cantor
2a748bf2-6306-4e3e-b999-b43a2229a647,The Shattered Silence,Zwy Aldouby; Jerrold Ballinger,,INSERT,,no match found,,,The Shattered Silence,Zwy Aldouby; Jerrold Ballinger
2a7ec028-736d-4f9a-9140-849dd8a77a7c,The Portable James Joyce,James Joyce,title+author(exact),UPDATE,author|year|language,,The Portable James Joyce,"James Joyce, Harry Levin",The Portable James Joyce,James Joyce
2a85782e-db16-4e99-93ce-65d0f30daaf0,The Quiet American,Graham Greene,,INSERT,,no match found,,,The Quiet American,Graham Greene
2a8e90e7-fd07-48f1-a718-8be15542bd8f,The Divine Comedy: Purgatorio,Dante Alighieri,,INSERT,,no match found,,,The Divine Comedy: Purgatorio,Dante Alighieri
2a9c896b-7d26-40ac-b4e4-565a7567fa17,Thesaurus of Hebrew Oriental Melodies: Songs of the Yemenite Jews,Abraham Zebi Idelsohn,,INSERT,,no match found,,,Thesaurus of Hebrew Oriental Melodies: Songs of the Yemenite Jews,Abraham Zebi Idelsohn
2aa3025e-a5ca-4849-b87d-a1aee8a014fe,Patterns in Comparative Religion,Mircea Eliade,title+author(exact),UPDATE,description|publisher|year|language,,Patterns in Comparative Religion,Mircea Eliade,Patterns in Comparative Religion,Mircea Eliade
2ab0e5c8-1b1a-49fa-9893-b1c78400de22,Talmudic Terminology,Nosson Dovid Rabinowich,,INSERT,,no match found,,,Talmudic Terminology,Nosson Dovid Rabinowich
2ac9fa70-2690-4efe-842d-982f0c32ecd9,The Nature of Things,Lucretius,,INSERT,,no match found,,,The Nature of Things,Lucretius
2acc55f8-a9be-4a52-84a5-512a9f7b5043,Plays Pleasant,Bernard Shaw,,INSERT,,no match found,,,Plays Pleasant,Bernard Shaw
2ad39e5a-abee-4c49-a886-2d750467a50e,The Religion of the Etruscans,Nancy Thomson de Grummond; Erika Simon,,INSERT,,no match found,,,The Religion of the Etruscans,Nancy Thomson de Grummond; Erika Simon
2ad52b37-9468-4084-a3d9-e0813f0e5213,Oreste,Euripide,,INSERT,,no match found,,,Oreste,Euripide
2adbf4c8-3464-439b-a0a8-55a191648f5f,A Simplified Grammar of the Gujarati Language,William St. Clair Tisdall,,INSERT,,no match found,,,A Simplified Grammar of the Gujarati Language,William St. Clair Tisdall
2ae7315a-2f74-4961-9948-7f3b9c55be34,The Myth of the Eternal Return,Mircea Eliade,,INSERT,,no match found,,,The Myth of the Eternal Return,Mircea Eliade
2af130e0-9f2b-4f39-9252-9cc092de80cd,Les Lois (III-VI).,Platon,,INSERT,,no match found,,,Les Lois (III-VI).,Platon
2afa564d-d4b6-421b-93bb-28cef112b077,"""Jewish Family Life, Jewish Wife, Jewish Mother"".",Sz Szpetman (Rabbi.),,INSERT,,no match found,,,"""Jewish Family Life, Jewish Wife, Jewish Mother"".",Sz Szpetman (Rabbi.)
2b0012ef-5ae3-4111-8d53-50593c23cc5c,The Problem with Levinas,Simon Critchley,,INSERT,,no match found,,,The Problem with Levinas,Simon Critchley
2b02cc77-7f89-459a-928e-e7bf63cfdbb1,The Cambridge Ancient History: The fifth century B.C.,Unknown,,INSERT,,no match found,,,The Cambridge Ancient History: The fifth century B.C.,Unknown
2b07475f-5e44-44f1-8f3d-320ca4aafe9a,"Aristotle's Concept of Soul, Sleep and Dreams",Henriette Wijsenbeek-Wijler,,INSERT,,no match found,,,"Aristotle's Concept of Soul, Sleep and Dreams",Henriette Wijsenbeek-Wijler
2b15e5c5-3280-488f-b8a4-4d51d591eea5,The Syrian Fathers on Prayer,Sebastian Brock,,INSERT,,no match found,,,The Syrian Fathers on Prayer,Sebastian Brock
2b1b94b7-78b8-4ce2-a725-67a6b985df1c,Journal of a Rabbi,Sir Immanuel Jakobovits,,INSERT,,no match found,,,Journal of a Rabbi,Sir Immanuel Jakobovits
2b2687cd-eb9d-43ba-bc06-76212fdd8522,Antiphon discours,Antiphon,,INSERT,,no match found,,,Antiphon discours,Antiphon
2b2c3bde-5abe-444d-b51b-1bd7508b922d,Armenian Apocrypha Relating to Angels and Biblical Heroes,Michael E. Stone,title+author(exact),BLOCKED,,title length ratio 1.97 > 1.5; title similarity 0.812 < 0.92,Armenian and Biblical Studies,Michael B. Stone,Armenian Apocrypha Relating to Angels and Biblical Heroes,Michael E. Stone
2b4142c9-396c-4ce8-8754-5dcbe108df16,The Electra,Sophocles,fuzzy(1.000),UPDATE,title|author|description|publisher|year|language,,Electra,"Sophocles, J. H. Kells (ed.)",The Electra,Sophocles
2b47b791-c350-4e19-91f1-57ab42eb89d4,People of the Book,Moshe Halbertal,,INSERT,,no match found,,,People of the Book,Moshe Halbertal
2b4e70a6-9f49-4146-a291-0397e64c7026,Die athenische Demokratie,Tuttu Vilho Tarkiainen,,INSERT,,no match found,,,Die athenische Demokratie,Tuttu Vilho Tarkiainen
2b524ab0-e984-484d-945b-eef2a37f27c5,Topper Takes a Trip,Thorne Smith,,INSERT,,no match found,,,Topper Takes a Trip,Thorne Smith
2b584805-720e-456a-bd08-6a8b9d300bbf,Transactions of the American Philological Association,American Philological Association,,INSERT,,no match found,,,Transactions of the American Philological Association,American Philological Association
2b6dc0d6-4b71-4b23-b117-43357d666a66,Diodorus Siculus: transl ..,C. H. Oldfather,,INSERT,,no match found,,,Diodorus Siculus: transl ..,C. H. Oldfather
2b6de260-3756-456b-923c-f98a570fc147,A Grammar of Pashto,Herbert Penzl,,INSERT,,no match found,,,A Grammar of Pashto,Herbert Penzl
2b7463b3-2142-4f97-a699-63a1c5458e32,The Book of Psalms; a Commentary,Solomon Bennett Freehof,,INSERT,,no match found,,,The Book of Psalms; a Commentary,Solomon Bennett Freehof
2b7c7983-946d-4a9d-89a0-ae82bddaa6ec,Brecht's Tradition,Max Spalter,,INSERT,,no match found,,,Brecht's Tradition,Max Spalter
2b8e83da-6976-4cce-8523-abbdc3249b45,God's Presence in History,Emil L. Fackenheim,title+author(exact),UPDATE,description|publisher|year|language|category_id,,God's Presence in History,Emil L. Fackenheim,God's Presence in History,Emil L. Fackenheim
2ba5c78c-4ba3-47db-9917-f28f6590a2e9,Learning Logo on the Apple II,Anne McDougall; Tony Adams; Pauline Adams,,INSERT,,no match found,,,Learning Logo on the Apple II,Anne McDougall; Tony Adams; Pauline Adams
2bb5c9fa-d026-4170-b35d-911207c806a1,The Open Society and Its Enemies,Karl R. Popper,,INSERT,,no match found,,,The Open Society and Its Enemies,Karl R. Popper
2bc83bee-0852-4715-bf7c-b5c1e0633d6b,Naturalization in Athens,M. J. Osborne,,INSERT,,no match found,,,Naturalization in Athens,M. J. Osborne
2bd08519-ec20-4fa2-8086-574213c810c2,Lumières sur la paracha,Rav Emmanuel Bensimon,,INSERT,,no match found,,,Lumières sur la paracha,Rav Emmanuel Bensimon
2bd4b35d-b7a1-4c73-9905-729686aaa046,Confessions,Saint Augustine,,INSERT,,no match found,,,Confessions,Saint Augustine
2bd62f58-200e-410c-8ba2-ee11d0bd70ae,The Worldly Philosophers,Robert L. Heilbroner,,INSERT,,no match found,,,The Worldly Philosophers,Robert L. Heilbroner
2bed71eb-f841-43d5-bf11-e066ff4b51e7,"My Father, My Rebbe",Chani Zahn,,INSERT,,no match found,,,"My Father, My Rebbe",Chani Zahn
2bf1df0d-37fb-4f37-ad71-61a44f5bd41f,Roman Civilization. Selected Readings Ed,Naphtali Lewis; Meyer Reinhold,,INSERT,,no match found,,,Roman Civilization. Selected Readings Ed,Naphtali Lewis; Meyer Reinhold
2bf3d1e9-34d9-4c9e-b900-66ccc209d352,The Golden Geography,Unknown,,INSERT,,no match found,,,The Golden Geography,Unknown
2bf47319-c1fc-4dea-b3ab-423833437f3f,The Soul of A New Machine,Tracy Kidder,,INSERT,,no match found,,,The Soul of A New Machine,Tracy Kidder
2c00295f-3a54-4aa3-b43b-fe98cf2007ec,"Mathematics, Science, and Epistemology",Imre Lakatos,,INSERT,,no match found,,,"Mathematics, Science, and Epistemology",Imre Lakatos
2c059f0c-1d13-4c62-a1f9-301f1bc85517,What was History?,Anthony Grafton,,INSERT,,no match found,,,What was History?,Anthony Grafton
2c0a2386-6bf7-43f0-a984-c45061b18d25,Opera Omnia,Quintus Horatius Flaccus,,INSERT,,no match found,,,Opera Omnia,Quintus Horatius Flaccus
2c0b6700-daa1-49fe-aee4-53a5a8e630aa,Vies,Plutarco,,INSERT,,no match found,,,Vies,Plutarco
2c0f1cf1-147a-4e6d-8708-f9739c2870fe,Towards a Text of Cicero 'Ad Atticum',D. R. Shackleton Bailey,title+author(exact),BLOCKED,,title length ratio 5.83 > 1.5; title similarity 0.427 < 0.92,Cicero,D.R. Shackleton Bailey,Towards a Text of Cicero 'Ad Atticum',D. R. Shackleton Bailey
2c19ae29-59aa-4a01-814c-c98b1ce784fa,Adriana Lecouvreur,Francesco Cilèa,,INSERT,,no match found,,,Adriana Lecouvreur,Francesco Cilèa
2c1ced21-21c7-4e53-a956-f483bcbe545c,The Knower and the Known,Marjorie Grene,,INSERT,,no match found,,,The Knower and the Known,Marjorie Grene
2c215d11-45a3-425d-8db8-fcba520240e1,Gespräche über Gott und die Welt,Jeshajahu Leibowitz; Michael Shashar; Mîḵāʾēl Šāšar,,INSERT,,no match found,,,Gespräche über Gott und die Welt,Jeshajahu Leibowitz; Michael Shashar; Mîḵāʾēl Šāšar
2c29f760-a37e-4257-86b2-b45a5c5e2712,"The Bridge of Criticism; Dialogues Among Lucian, Erasmus, and Voltaire on the Enlightenment",Peter Gay,,INSERT,,no match found,,,"The Bridge of Criticism; Dialogues Among Lucian, Erasmus, and Voltaire on the Enlightenment",Peter Gay
2c3bec07-22bb-439a-a5c9-6fe992c888a6,Jin gang jing,Unknown,,INSERT,,no match found,,,Jin gang jing,Unknown
2c3d35fe-e820-4b50-a514-ba81438fd058,Histoire de l'Europe et du génie européen,Robert Laffont; Jacques Boudet,,INSERT,,no match found,,,Histoire de l'Europe et du génie européen,Robert Laffont; Jacques Boudet
2c421010-f0ca-403f-8408-5f685f088a5f,Anthologie juive,Edmond Fleg,,INSERT,,no match found,,,Anthologie juive,Edmond Fleg
2c543fb2-2824-43c8-8973-5b1f82b8ef5d,Sweet's Anglo-Saxon Primer,Henry Sweet,,INSERT,,no match found,,,Sweet's Anglo-Saxon Primer,Henry Sweet
2c55ebfe-04cb-4c77-834a-4b693b5a626f,From the Maccabees to the Mishnah,Shaye J. D. Cohen,,INSERT,,no match found,,,From the Maccabees to the Mishnah,Shaye J. D. Cohen
2c5abdc4-0a65-4d4c-8e74-fb343c3e1b3f,The Geography of Strabo,Strabo,fuzzy(0.973),UPDATE,title|year|language,,The Geography of Strabo IV,Strabo,The Geography of Strabo,Strabo
2c718b11-9277-471f-a876-8bf8526023c2,A Dictionary of Late Egyptian,Leonard H. Lesko,title+author(exact),UPDATE,title|author|year|language,,A DICTIONARY OF LATE EGYPTIAN,Unknown,A Dictionary of Late Egyptian,Leonard H. Lesko
2c767f29-733d-4251-bf4e-98564414f9f4,An English and Hebrew Lexicon,Selig Newman,,INSERT,,no match found,,,An English and Hebrew Lexicon,Selig Newman
2c7766bb-e98f-4be1-9857-4a6179afb089,Heimatkalender des Kreises Soest,Unknown,,INSERT,,no match found,,,Heimatkalender des Kreises Soest,Unknown
2c7a2ac2-bca1-4207-add4-6221dea6bdbb,Pompeian Frescoes,Unknown,,INSERT,,no match found,,,Pompeian Frescoes,Unknown
2c7aa1ca-a731-414e-8ab1-4fdb82b77166,Plutarch's Moralia 9,F. H. Sandbach,,INSERT,,no match found,,,Plutarch's Moralia 9,F. H. Sandbach
2c87dc03-ce2d-4ee9-b367-b2f5adc024ec,The Jerusalem Windows,Marc Chagall,,INSERT,,no match found,,,The Jerusalem Windows,Marc Chagall
2ca08b75-7d38-46cd-a6b7-6a5546a547d9,Hegel,Horst Althaus,,INSERT,,no match found,,,Hegel,Horst Althaus
2ca2ccd4-d57e-4761-896e-ff125c36ce05,Phoenix,Classical Association of Canada / Société canadienne des études classiques,fuzzy(1.000),UPDATE,author|year|language,,Phoenix,Unknown,Phoenix,Classical Association of Canada / Société canadienne des études classiques
2ca44f7a-6ff2-439e-89b1-67ac962d783e,Sartre,Marjorie Grene,,INSERT,,no match found,,,Sartre,Marjorie Grene
2ca72f00-031b-46a7-a0e6-3575b0ba16ff,Torontonensis,University Of Toronto Students Council,,INSERT,,no match found,,,Torontonensis,University Of Toronto Students Council
2ca81675-1e3e-4bcf-b3db-4816b597955b,Hasidism on the Margin,Shaul Magid,,INSERT,,no match found,,,Hasidism on the Margin,Shaul Magid
2cb1fd46-6f92-4c4e-8545-7db5a6a6e69d,Gender Relationships in Marriage and Out,Rivkah Teitz Blau,,INSERT,,no match found,,,Gender Relationships in Marriage and Out,Rivkah Teitz Blau
2cb5a32d-5cc2-4695-8014-6964b03722d0,"Two Tales by S.Y.Agnon, Betrothed & Edo and Anay",S Y. Agnow,title+author(exact),BLOCKED,,title length ratio 5.00 > 1.5; title similarity 0.604 < 0.92,S.Y. Agnon,S.Y. Agnon,"Two Tales by S.Y.Agnon, Betrothed & Edo and Anay",S Y. Agnow
2cbf1e3d-f947-4424-b34a-5ea7e6dbc0af,The Ode of Life,Lewis Morris,,INSERT,,no match found,,,The Ode of Life,Lewis Morris
2cc4e97f-374e-47a3-93b1-2abdff9769e7,A Source Book in Greek Science,Morris R. Cohen; I. E. Drabkin,,INSERT,,no match found,,,A Source Book in Greek Science,Morris R. Cohen; I. E. Drabkin
2cc9fdc2-db41-4de4-98ac-f8f1f00f86d3,Plato's Theory of Knowledge,Plato; Francis M. Cornford,,INSERT,,no match found,,,Plato's Theory of Knowledge,Plato; Francis M. Cornford
2cd068ce-44ca-4435-af7d-a9fdc59102ff,Polis and City-state,Mogens Herman Hansen,,INSERT,,no match found,,,Polis and City-state,Mogens Herman Hansen
2cd591f3-b357-46c9-b7a8-d6274d397541,Anthologia graeca ad fidem codicis,Friedrich Jacobs; Anton Jacob Paulssen,,INSERT,,no match found,,,Anthologia graeca ad fidem codicis,Friedrich Jacobs; Anton Jacob Paulssen
2ce7f0c5-5466-42fe-ab47-b38c34903e7a,Das Konzentrationslager Sachsenhausen 1936-1945,Günter Morsch; Astrid Ley,title+author(exact),BLOCKED,,title length ratio 15.67 > 1.5; title similarity 0.570 < 0.92; author similarity 0.681 < 0.75,Tim,N,Das Konzentrationslager Sachsenhausen 1936-1945,Günter Morsch; Astrid Ley
2ce81517-14a5-4ad3-a661-b1c4e4534fa7,Historiae,Herodoti; Thucydides; Carolus Hude,,INSERT,,no match found,,,Historiae,Herodoti; Thucydides; Carolus Hude
2ce9a0ec-95be-4fae-aa98-95183c2db236,The Rocky Mountains,Molly Aloian,,INSERT,,no match found,,,The Rocky Mountains,Molly Aloian
2d10cd8f-fb05-4a2a-81c1-6b8209056aca,A History of Greek Political Thought (Routledge Library Editions: Political Science Volume 34),T. A. Sinclair,,INSERT,,no match found,,,A History of Greek Political Thought (Routledge Library Editions: Political Science Volume 34),T. A. Sinclair
2d120cac-ba80-48fd-a1b4-f29d6436a8ce,The beginnings of Christianity : a collection of articles,"Jack ; Mor Pastor (Menachem, eds)",,INSERT,,no match found,,,The beginnings of Christianity : a collection of articles,"Jack ; Mor Pastor (Menachem, eds)"
2d1428c7-3ee5-4fd9-929f-a171af842914,Calendar:,David Ewing Duncan,,INSERT,,no match found,,,Calendar:,David Ewing Duncan
2d1da0ee-dd90-4fb3-b005-b64c9104a40e,Treasures of Tutankhamun,Iorwerth Eiddon Stephen Edwards,,INSERT,,no match found,,,Treasures of Tutankhamun,Iorwerth Eiddon Stephen Edwards
2d271208-e340-43a7-97b3-eb21d89b6a65,Torah and Law in Paradise Lost,Jason P. Rosenblatt,,INSERT,,no match found,,,Torah and Law in Paradise Lost,Jason P. Rosenblatt
2d275450-c4d6-48d1-92da-0667974d71ca,"Sonata in D Major, for Cello and Piano",Pietro Antonio Locatelli,,INSERT,,no match found,,,"Sonata in D Major, for Cello and Piano",Pietro Antonio Locatelli
2d2c73c4-de7c-4dc1-9aa9-47b6fac3f0c8,Philo,Philo (of Alexandria.),,INSERT,,no match found,,,Philo,Philo (of Alexandria.)
2d53013e-fdf7-41ed-9700-a051649cd168,Microcosmographia Academica,Francis Cornford,,INSERT,,no match found,,,Microcosmographia Academica,Francis Cornford
2d56304b-933c-433f-ab1b-52c4de80c335,China Since 1800,John Armstrong Harrison,,INSERT,,no match found,,,China Since 1800,John Armstrong Harrison
2d6083e8-51c6-4a30-9d6c-caf72162ba72,36 Eight-Measure Vocalises for Alto,Sieber,,INSERT,,no match found,,,36 Eight-Measure Vocalises for Alto,Sieber
2d6f39c7-d449-4134-99ef-d52c1e108fa7,Twenty Thousand Leagues Under the Sea,Jules Verne,title+author(exact),UPDATE,title|description|publisher|year|language,,Twenty-Thousand Leagues Under the Sea,Jules Verne,Twenty Thousand Leagues Under the Sea,Jules Verne
2d912562-c786-40b5-b7da-654ffbefc9ba,Gods and heroes in the Athenian Agora,John McK. Camp (II),,INSERT,,no match found,,,Gods and heroes in the Athenian Agora,John McK. Camp (II)
2d9f4880-0f49-4246-b960-18a21a8a1257,The Cults of the Greek States,Lewis Richard Farnell,title+author(exact),UPDATE,description|year|language,,The Cults of the Greek States,Lewis Richard Farnell,The Cults of the Greek States,Lewis Richard Farnell
2d9fefd1-a225-4ad8-b72b-afd9c1b28277,Homer and the Prophets,Cornelia Steketee Hulst,,INSERT,,no match found,,,Homer and the Prophets,Cornelia Steketee Hulst
2daf32ff-42b9-45ea-a09c-c583dc5e5548,"The History of Hebrew ""plene"" Spelling",Werner Weinberg,title+author(exact),UPDATE,title|year|language,,THE HISTORY OF HEBREW PLENE SPELLING,Werner Weinberg,"The History of Hebrew ""plene"" Spelling",Werner Weinberg
2db49a3f-ed8d-4980-92c3-085f22390ab1,On Being and what There is,Wilhelm Halbfass,,INSERT,,no match found,,,On Being and what There is,Wilhelm Halbfass
2dc01b85-1892-4fa3-8f69-0afee4256e76,El viejo y el mar / The Old Man and the Sea,Ernest Hemingway,,INSERT,,no match found,,,El viejo y el mar / The Old Man and the Sea,Ernest Hemingway
2df6a0d4-6683-4605-afb8-87773e630d50,The Midrash Says: The book of Sh'mos,Moshe Weissman,,INSERT,,no match found,,,The Midrash Says: The book of Sh'mos,Moshe Weissman
2e0475cc-9cce-422b-b9a3-814c65fbba88,The Immoralist,André Gide,,INSERT,,no match found,,,The Immoralist,André Gide
2e14b60f-8088-49e9-8cef-39c4b74e9dcb,"The Nation, the Law, and the King",Jenny Graham,,INSERT,,no match found,,,"The Nation, the Law, and the King",Jenny Graham
2e166734-61ee-4619-9841-8e133636293b,The Warsaw Ghetto,Unknown,,INSERT,,no match found,,,The Warsaw Ghetto,Unknown
2e193045-f881-4382-8075-cbe8f8e7dc25,Poems of Thomas Hardy,T. R. M. Creighton; Thomas Hardy,title+author(exact),BLOCKED,,title length ratio 1.67 > 1.5; title similarity 0.756 < 0.92,A New Selection Poems of Thomas Hardy,"Thomas Hardy, T. R.M. Creighton",Poems of Thomas Hardy,T. R. M. Creighton; Thomas Hardy
2e197f20-6145-4173-85d2-8c314c45f749,"Men, Microscopes, and Living Things",Katherine B. Shippen,title+author(exact),UPDATE,description|year|language,,"Men, Microscopes, and Living Things",Katherine B. Shippen,"Men, Microscopes, and Living Things",Katherine B. Shippen
2e25bb82-52ca-4fae-85bb-864a258db57c,"The Geography of Strabo, with an English Translation by Horace Leonard Jones ... Based in Part Upon the Unfinished Version of J. R. S. Sterrett. [With a Bibliography.].",Horace Leonard JONES; John Robert Sitlington STERRETT,,INSERT,,no match found,,,"The Geography of Strabo, with an English Translation by Horace Leonard Jones ... Based in Part Upon the Unfinished Version of J. R. S. Sterrett. [With a Bibliography.].",Horace Leonard JONES; John Robert Sitlington STERRETT
2e34af04-5c4c-48b1-be41-1ca99bba7ddb,Philosophia togata. Saggi sulla filosofia e sulla società romana,Miriam T. Griffin; Jonathan Barnes,,INSERT,,no match found,,,Philosophia togata. Saggi sulla filosofia e sulla società romana,Miriam T. Griffin; Jonathan Barnes
2e3e39a1-f28a-4090-ab0f-db8f1440d3f0,Chapters on Jewish Literature,Israel Abrahams,,INSERT,,no match found,,,Chapters on Jewish Literature,Israel Abrahams
2e573013-82ea-4bfc-b3c1-51c7513ac0a7,Adorno's Aesthetics of Music,Max Paddison,,INSERT,,no match found,,,Adorno's Aesthetics of Music,Max Paddison
2e6d98c8-ca3e-4f29-9611-74770934ca92,Forgers and Critics,Anthony Grafton,,INSERT,,no match found,,,Forgers and Critics,Anthony Grafton
2e704921-08ca-411c-9a61-703ce813f017,"Gedenkausgabe der Werke, Briefe und Gespräche",Johann Wolfgang von Goethe,title+author(exact),UPDATE,title|author|year|language,,"GEDENKAUSGABE DER WERKE, BRIEFE UND GESPRÄCHE",JOHANN WOLFGANG GOETHE,"Gedenkausgabe der Werke, Briefe und Gespräche",Johann Wolfgang von Goethe
2e905064-eb1b-49e8-8ec9-6730361058c0,Lorna Doone,R. D. Blackmore,,INSERT,,no match found,,,Lorna Doone,R. D. Blackmore
2e9f6829-2125-4fe9-beaf-330ec7b1d21c,"Logoi Apantes, hōn ta onomata en tē hexēs, heurēseis selidi meta tēs polyploku anagnōseōs. Isocratis Orationes Omnes ... Addita uariæ lectionis annotatione",Isocrates,,INSERT,,no match found,,,"Logoi Apantes, hōn ta onomata en tē hexēs, heurēseis selidi meta tēs polyploku anagnōseōs. Isocratis Orationes Omnes ... Addita uariæ lectionis annotatione",Isocrates
2eaaba5d-c471-4f53-b502-524a4d5a44cf,The Cambridge History of Classical Literature,Various,title+author(exact),UPDATE,title|year|language,,The Cambridge History of Classical Literature: The Age of Augustus,Various,The Cambridge History of Classical Literature,Various
2eab1f1b-0889-4007-a7ae-073f9ac24e73,Man and Superman,Bernard Shaw,,INSERT,,no match found,,,Man and Superman,Bernard Shaw
2eafb148-42b8-4abb-80ec-d57ff8b0cf7d,The Light of the Eyes,Azariah ben Moses dei Rossi; ʿAzaryā Ben-Moše de Rôssî,,INSERT,,no match found,,,The Light of the Eyes,Azariah ben Moses dei Rossi; ʿAzaryā Ben-Moše de Rôssî
2eb6132e-44f6-4d0c-8682-cb641910f51a,The Politics of Tradition in the Pacific,University of Sydney,,INSERT,,no match found,,,The Politics of Tradition in the Pacific,University of Sydney
2eb74885-da03-4cba-afa4-e99b7e083f35,Xenophon. Memorabilia. Edited on the Basis of the Breitenbach-Mücke Edition by Josiah Renick Smith,Xenophon,,INSERT,,no match found,,,Xenophon. Memorabilia. Edited on the Basis of the Breitenbach-Mücke Edition by Josiah Renick Smith,Xenophon
2eca1f06-e91e-41fe-abec-506425fab326,Jewish Ethics and Halakhah for Our Time,Basil F. Herring,,INSERT,,no match found,,,Jewish Ethics and Halakhah for Our Time,Basil F. Herring
2ecc3616-c0cc-45fd-a758-d7628c28d881,Reader in Classification and Descriptive Cataloging,Ann F. Painter,,INSERT,,no match found,,,Reader in Classification and Descriptive Cataloging,Ann F. Painter
2eccf998-5bd0-4b96-9999-8f8c87e38fa1,Argos and the Argolid (Routledge Revivals),Richard A Tomlinson,,INSERT,,no match found,,,Argos and the Argolid (Routledge Revivals),Richard A Tomlinson
2ed426b6-733c-471e-9308-8a0ff55cdcdb,Book Of The Dead,R. O. Faulkner,,INSERT,,no match found,,,Book Of The Dead,R. O. Faulkner
2ed6ac95-b70a-4d83-97a5-c0cf47b39225,The Penguin Book of Elizabethan Verse,Edward Lucie-Smith,,INSERT,,no match found,,,The Penguin Book of Elizabethan Verse,Edward Lucie-Smith
2ed80530-2f37-4f09-a7b0-e9b728a9c010,The Use of Pleasure,Michel Foucault,,INSERT,,no match found,,,The Use of Pleasure,Michel Foucault
2ee2c584-14fa-4829-8273-fb0edc83f3f8,Ancient Judaism,Michael E. Stone,,INSERT,,no match found,,,Ancient Judaism,Michael E. Stone
2ee5d194-2a17-4c0b-93ee-fa1535e51551,Wozzeck,Georg Büchner,title+author(exact),BLOCKED,,title length ratio 1.71 > 1.5; title similarity 0.917 < 0.92,Wozzeck - Lenz,Georg Büchner,Wozzeck,Georg Büchner
2eec6b02-55d3-40fb-8c31-feeb616fdf70,Les Travaux et les jours ; La Théogonie ; Le Bouclier d'Hercule ; fragments,Hesíodo,,INSERT,,no match found,,,Les Travaux et les jours ; La Théogonie ; Le Bouclier d'Hercule ; fragments,Hesíodo
2ef2b5df-6d81-4983-b79a-9a5cd0082fd1,The Inferno,Dante,fuzzy(1.000),UPDATE,title|author|description|publisher|year|language,,Inferno,"Dante Alighieri, Tisdall",The Inferno,Dante
2ef2de65-9d95-4b5b-8262-9eeb667fe23c,The Complete HyperCard Handbook,Danny Goodman,,INSERT,,no match found,,,The Complete HyperCard Handbook,Danny Goodman
2ef724b4-5211-41fe-bdc8-42282a25c85c,English-Pali Dictionary,Buddhadatta,,INSERT,,no match found,,,English-Pali Dictionary,Buddhadatta
2f0853a6-bc97-4577-944e-bba7bd75ff85,12 studies opus 35,Franchomme,,INSERT,,no match found,,,12 studies opus 35,Franchomme
2f14acd1-c5cc-4e9b-ae85-88a9025695fe,Published Pottery of Palestine,Larry G. Herr; Warren Charles Trenchard,title+author(exact),BLOCKED,,title length ratio 3.33 > 1.5; title similarity 0.639 < 0.92,PALESTINE,Unknown,Published Pottery of Palestine,Larry G. Herr; Warren Charles Trenchard
2f2db4dc-81e6-460a-92fc-5924f035c2f4,Handbook of Medical Library Practice,Louise Darling; David Bishop; Lois Ann Colaianni; Medical Library Association,title+author(exact),UPDATE,title|author|publisher|year|language,,Handbook of MEDICAL LIBRARY PRACTICE,Unknown,Handbook of Medical Library Practice,Louise Darling; David Bishop; Lois Ann Colaianni; Medical Library Association
2f3777eb-068e-4cdc-ae1f-619e4693d225,Architectural Principles in the Age of Humanism,Rudolf Wittkower,,INSERT,,no match found,,,Architectural Principles in the Age of Humanism,Rudolf Wittkower
2f38390c-0fd0-4f6f-96d1-46cf0c409dbf,Introduction to Ethics,Andrew Dell'Olio; Caroline J. Simon,fuzzy(0.949),BLOCKED,,author similarity 0.507 < 0.75,An Introduction to Metaphysics,Henri Bergson,Introduction to Ethics,Andrew Dell'Olio; Caroline J. Simon
2f404835-360e-47cc-9f85-bedd7d539cd6,Ethical Conflicts in Computer Science and Technology Workbook,Donn B. Parker,,INSERT,,no match found,,,Ethical Conflicts in Computer Science and Technology Workbook,Donn B. Parker
2f6434fe-1317-4ce6-aba8-3e13a69c7cb8,Ueber die möglichen Fälle mehrfach hyperboloidischer Lagen zweier Tetraeder,Meier Munk,,INSERT,,no match found,,,Ueber die möglichen Fälle mehrfach hyperboloidischer Lagen zweier Tetraeder,Meier Munk
2f77bd77-def3-4fcd-bf23-5e3c3ff92b71,Three Greek Romances,Dio; Longus,title+author(exact),BLOCKED,,author similarity 0.560 < 0.75,THREE GREEK ROMANCES,"LONGUS, XENOPHON, DIO CHRYSOSTOM, translated by MOSES HADAS",Three Greek Romances,Dio; Longus
2f79ad05-b7f8-4e6d-a404-5e455184cefb,The Journal of Hellenic Studies,"Society for the Promotion of Hellenic Studies (London, England)",,INSERT,,no match found,,,The Journal of Hellenic Studies,"Society for the Promotion of Hellenic Studies (London, England)"
2f7a58d2-b647-45e5-aba7-727b75bed4de,The Merry Heart,William Jarvis Wetmore,,INSERT,,no match found,,,The Merry Heart,William Jarvis Wetmore
2f7de455-73ac-42f8-9518-bc0f9ef1202a,Dance of the Sugar-plum Fairy: from Nutcracker Suite,Peter I. TSCHAIKOWSKY,,INSERT,,no match found,,,Dance of the Sugar-plum Fairy: from Nutcracker Suite,Peter I. TSCHAIKOWSKY
2f83f056-4c59-49a0-b7b0-2fd3297c3f0d,Die Augen des ewigen Bruders,Stefan Zweig,,INSERT,,no match found,,,Die Augen des ewigen Bruders,Stefan Zweig
2faccfcc-8728-4349-b985-62e799685554,Moralia,Plutarch,,INSERT,,no match found,,,Moralia,Plutarch
2fd02856-6131-4f52-8443-3ba18bebd9a2,ASCA National Model,American School Counselor Association,,INSERT,,no match found,,,ASCA National Model,American School Counselor Association
2fd62d0c-d716-4680-800b-565919da402c,Thinking God,Alan Brill,,INSERT,,no match found,,,Thinking God,Alan Brill
2fda903e-5288-4a93-b751-7c95d05b3436,Salons vs Clubs,Michael Davis; AI,,INSERT,,no match found,,,Salons vs Clubs,Michael Davis; AI
2fde15cc-05cf-476e-adf2-691003ec9e5a,Flemish Cities,William Gaunt,,INSERT,,no match found,,,Flemish Cities,William Gaunt
2febe7ac-0665-4db7-b010-d64e9f8f1f83,Faith and Doubt,Norman Lamm,,INSERT,,no match found,,,Faith and Doubt,Norman Lamm
2fefdf12-5f9a-4975-b284-7ffd7a484eb2,The Venture of Islam,Marshall G. S. Hodgson,title+author(exact),UPDATE,year|language,,The Venture of Islam,Marshall G. S. Hodgson,The Venture of Islam,Marshall G. S. Hodgson
2ffeb524-800e-40f1-96c4-ffd00e1ecf71,"Gedenkausgabe der Werke, Briefe und Gespräche",Johann Wolfgang von Goethe,title+author(exact),UPDATE,title|author|year|language,,"GEDENKAUSGABE DER WERKE, BRIEFE UND GESPRÄCHE",JOHANN WOLFGANG GOETHE,"Gedenkausgabe der Werke, Briefe und Gespräche",Johann Wolfgang von Goethe
3004b8a1-afbb-41e4-a47b-56c804c038bb,"Aristotle: Minor Works: On Colours; On Things Heard; Physiognomics; On Plants; On Marvellous Things Heard; Mechanical Problems; On Indivisible Lines; Situations and Names of Winds; On Melissus, Xenophanes, and Gorgias",Aristotle,,INSERT,,no match found,,,"Aristotle: Minor Works: On Colours; On Things Heard; Physiognomics; On Plants; On Marvellous Things Heard; Mechanical Problems; On Indivisible Lines; Situations and Names of Winds; On Melissus, Xenophanes, and Gorgias",Aristotle
300b9e6d-4239-4bfb-a7f4-03a500c44f82,The Greek City States,P. J. Rhodes,,INSERT,,no match found,,,The Greek City States,P. J. Rhodes
301604cf-f1ca-43cc-b465-43a75f1199c7,Epistolarum omnium libri,Marcus Tullius Cicero,,INSERT,,no match found,,,Epistolarum omnium libri,Marcus Tullius Cicero
302d6a95-e93c-4c21-b2d1-6dfecd946127,"Ladino-English, English-Ladino Concise Encyclopedic Dictionary (Judeo-Spanish)",Elli Kohen; Dahlia Kohen-Gordon,,INSERT,,no match found,,,"Ladino-English, English-Ladino Concise Encyclopedic Dictionary (Judeo-Spanish)",Elli Kohen; Dahlia Kohen-Gordon
3038e537-3733-41b3-81be-7bb12d575341,"Symphonies nos. 5, 6, and 7",Ludwig van Beethoven,,INSERT,,no match found,,,"Symphonies nos. 5, 6, and 7",Ludwig van Beethoven
3049a38e-f035-4c94-851b-e39c757920c4,Book of Knowledge,Moses Gaster,,INSERT,,no match found,,,Book of Knowledge,Moses Gaster
3049d059-fc02-499a-aa9c-ebf0a6d21729,The Song of the Lark,Willa Cather,title+author(exact),UPDATE,title|author|description|publisher|year|language,,THE SONG OF THE LARK,WILLA CATHER,The Song of the Lark,Willa Cather
304c2e44-b248-45da-a950-810ea8ca00ab,A Skeleton Key to Finnegans Wake,Joseph Campbell; Henry Morton Robinson,title+author(exact),UPDATE,author|year|language,,A Skeleton Key to Finnegans Wake,Joseph Campbell & Henry Morton Robinson,A Skeleton Key to Finnegans Wake,Joseph Campbell; Henry Morton Robinson
305b50a4-8d1d-4e36-978a-1ed0780f846d,Syriac Manuscripts in the Harvard College Library: A Catalogue,Moshe Henry Goshen-Gottstein,,INSERT,,no match found,,,Syriac Manuscripts in the Harvard College Library: A Catalogue,Moshe Henry Goshen-Gottstein
30621ec6-2e72-426a-ab9c-73fe0793a637,Judaism and Psychology,Aaron Rabinowitz,,INSERT,,no match found,,,Judaism and Psychology,Aaron Rabinowitz
306ee47f-8948-4b2a-9ce4-cf364f88df6e,"Anglicko-český, česko-anglický praktický slovník",Lingea (firma).,title+author(exact),UPDATE,title|author|year|language,,Anglicko-Český + Česko-Anglický Praktický Slovník,Unknown,"Anglicko-český, česko-anglický praktický slovník",Lingea (firma).
306fd684-348b-476b-ace7-f5622275d014,A trip to china,Der-lin Chao,,INSERT,,no match found,,,A trip to china,Der-lin Chao
3078c16f-fbab-4d34-95a4-bf017c31b3ab,Philo,Harry Austryn Wolfson,,INSERT,,no match found,,,Philo,Harry Austryn Wolfson
307fbe5d-9ca6-4f75-a11c-ca5e47310ad5,Scriptorum Classicorum Bibliotheca Oxoniensis,Unknown,title+author(exact),UPDATE,title|year|language,,SCRIPTORUM CLASSICORUM BIBLIOTHECA OXONIENSIS,Unknown,Scriptorum Classicorum Bibliotheca Oxoniensis,Unknown
308e9c53-1f52-4296-89c0-fbd5089e6d86,Être un peuple en diaspora,Richard Marienstras,,INSERT,,no match found,,,Être un peuple en diaspora,Richard Marienstras
3099c84f-5948-4d8c-963e-4a1ad66cf3f6,Kabbalah and the Age of the Universe,Aryeh Kaplan,,INSERT,,no match found,,,Kabbalah and the Age of the Universe,Aryeh Kaplan
30a14343-a43b-44c9-9493-cdee1cf423fc,The Penguin Hoffnung,Gerard Hoffnung,,INSERT,,no match found,,,The Penguin Hoffnung,Gerard Hoffnung
30a3a0ff-0e97-4cea-a342-fb739bd3234e,W. Dilthey Elected Writings,Wilhelm Dilthey,,INSERT,,no match found,,,W. Dilthey Elected Writings,Wilhelm Dilthey
30a9d7d5-44fb-4004-9967-b395af9f4b34,Jewish Identity in Early Rabbinic Writings,Sacha Stern,,INSERT,,no match found,,,Jewish Identity in Early Rabbinic Writings,Sacha Stern
30b813b2-7c3a-4b35-b44e-f01b8ec252b9,The Medieval Hebrew Encyclopedias of Science and Philosophy,S. Harvey,,INSERT,,no match found,,,The Medieval Hebrew Encyclopedias of Science and Philosophy,S. Harvey
30bf674a-bb30-4ec2-ad2a-9fc7ee36f9a3,Proceedings of the Cambridge Philological Society,Cambridge Philological Society,,INSERT,,no match found,,,Proceedings of the Cambridge Philological Society,Cambridge Philological Society
30c36094-1f7a-4bdb-a8cf-a05ed6e21643,Macbeth,William Shakespeare,title+author(exact),BLOCKED,,author similarity 0.483 < 0.75,Macbeth,"Louis B. Wright, Virginia A. Lamar",Macbeth,William Shakespeare
30d49528-dc78-4ded-b4c6-920aa184b625,Masterworks of Sicily,Sandro Chierichetti,,INSERT,,no match found,,,Masterworks of Sicily,Sandro Chierichetti
30d6728a-acaa-4777-8039-1c7f86464cee,Stücke,Bertolt Brecht,,INSERT,,no match found,,,Stücke,Bertolt Brecht
30de3698-31f5-4e54-8a4c-daaa6298d9c2,Hélène,Euripide,,INSERT,,no match found,,,Hélène,Euripide
30e63f46-3dbe-4631-b79f-571cb0c03139,Der Glaube der Hellenen,Ulrich von Wilamowitz-Moellendorff,title+author(exact),UPDATE,year|language,,Der Glaube der Hellenen,Ulrich von Wilamowitz-Moellendorff,Der Glaube der Hellenen,Ulrich von Wilamowitz-Moellendorff
30f52021-c66c-49ac-b2cb-c0e7a88ca9c9,The Vision and the Way,Jacob Bernard Agus,title+author(exact),BLOCKED,,title length ratio 2.94 > 1.5; title similarity 0.868 < 0.92,The Vision and the Way: An Interpretation of Jewish Ethics,Jacob B. Agus,The Vision and the Way,Jacob Bernard Agus
31014eb7-6f29-4dd5-98ff-972a52fb2c93,Discrete Frequency Acoustics Correlation for Rectangular Cavities Exposed to High Speed Flows,Thomas Wyatt Dobson,,INSERT,,no match found,,,Discrete Frequency Acoustics Correlation for Rectangular Cavities Exposed to High Speed Flows,Thomas Wyatt Dobson
3115bacd-1ac8-49a4-b64a-2b2aa1c92be9,Gideon: Or The Patriot,Aaron Hill,,INSERT,,no match found,,,Gideon: Or The Patriot,Aaron Hill
311a2bb4-6a97-4f04-bed0-be6f1eb230e0,Through Russia's Back Door,Richard Edward Lauterbach,,INSERT,,no match found,,,Through Russia's Back Door,Richard Edward Lauterbach
3143dc85-f2c2-49fa-8463-ac7ae41c0225,The Devil and the Jews,Joshua Trachtenberg,,INSERT,,no match found,,,The Devil and the Jews,Joshua Trachtenberg
3148b0ce-b905-4248-8046-8d834a1819d6,Self and Others,R. D. Laing,,INSERT,,no match found,,,Self and Others,R. D. Laing
31498b9a-9f0b-4af6-a937-e770da076154,The Encyclopædia Britannica,Thomas Spencer Baynes,title+author(exact),UPDATE,author|year|language,,The Encyclopædia Britannica,Unknown,The Encyclopædia Britannica,Thomas Spencer Baynes
314c9024-bfd8-4e49-b47c-ad20811e5148,King Solomon's Ring,Konrad Z Lorenz,,INSERT,,no match found,,,King Solomon's Ring,Konrad Z Lorenz
316b481d-1dec-43e6-9064-f5c50dfc0a77,A Bibliography of Anglo-Jewish Medical Biography,Ruth Pauline Goldschmidt-Lehmann,,INSERT,,no match found,,,A Bibliography of Anglo-Jewish Medical Biography,Ruth Pauline Goldschmidt-Lehmann
316de17a-fe86-4287-a665-b57d086230c7,The Stoics,F. H. Sandbach,,INSERT,,no match found,,,The Stoics,F. H. Sandbach
3179847a-1ba8-48ab-bcca-075a33f8fbc4,Schopenhauer,Christopher Janaway,,INSERT,,no match found,,,Schopenhauer,Christopher Janaway
3179e5bd-5648-4b38-ad18-e41895aeaab4,The Politics of Prejudice,Roger Daniels,,INSERT,,no match found,,,The Politics of Prejudice,Roger Daniels
3182ec27-1b28-4e20-af2f-256cf494f439,P. Terenti Afri,P. terenti Afri; Robert (translator) Kauer,title+author(exact),BLOCKED,,title length ratio 1.71 > 1.5; title similarity 0.917 < 0.92; author similarity 0.623 < 0.75,P. Terenti Afri Comoediae,Robert Kauer and Wallace M. Lindsay,P. Terenti Afri,P. terenti Afri; Robert (translator) Kauer
3192730c-9697-42f7-be6f-5aa3550b61bd,An Outline of Russian Literature,Marc Slonim,,INSERT,,no match found,,,An Outline of Russian Literature,Marc Slonim
31a6d963-abb8-4b2b-bd8d-3a25ef89d36d,Metaphysical Song,Gary Tomlinson,,INSERT,,no match found,,,Metaphysical Song,Gary Tomlinson
31a91e3c-93bc-4b68-b84a-90c7917f1b34,A Mediterranean Society,S. D. Goitein,title+author(exact),BLOCKED,,title length ratio 5.33 > 1.5; title similarity 0.838 < 0.92,A Mediterranean Society: The Jewish Communities of the Arab World as Portrayed in the Documents of the Cairo Geniza,S. D. Goitein,A Mediterranean Society,S. D. Goitein
31b61305-3e11-4c36-aa47-5b53c23efd55,The Bayeux Tapestry,Lucien Musset,,INSERT,,no match found,,,The Bayeux Tapestry,Lucien Musset
31b8c6b0-38ce-47bc-a4c2-571f0d8e5752,Faith and Folly,Yaʻaḳov Mosheh Hilel,,INSERT,,no match found,,,Faith and Folly,Yaʻaḳov Mosheh Hilel
31bff616-6c27-44da-bd80-ee897538452b,Main Street,Sinclair Lewis,,INSERT,,no match found,,,Main Street,Sinclair Lewis
31c9e874-5027-49ea-8daa-e475234c89b5,How to win at contract bridge in 10 easy lessons,Richard L. Frey,,INSERT,,no match found,,,How to win at contract bridge in 10 easy lessons,Richard L. Frey
31d24699-fa59-412a-940a-d2f6b35def32,On the Pursuit of the Ideal,Isaiah Berlin,title+author(exact),BLOCKED,,title similarity 0.764 < 0.92; author similarity 0.603 < 0.75,The Pursuit of the Ideal,Steven Schwarzschild,On the Pursuit of the Ideal,Isaiah Berlin
31d280ea-c331-4abb-a486-701ab91745f4,Violin Concerto; Symphony No. 2,Bernard Stevens,,INSERT,,no match found,,,Violin Concerto; Symphony No. 2,Bernard Stevens
31da97de-0865-4620-916d-8b079bb26d5c,Sharpe's Revenge,Bernard Cornwell,title+author(exact),UPDATE,title|author|description|publisher|year|language,,SHARPE'S REVENGE,BERNARD CORNWELL,Sharpe's Revenge,Bernard Cornwell
31e306a9-1a6c-41bc-912a-ca61179ff8a0,The Concise Oxford Dictionary of Music,Percy A. Scholes,,INSERT,,no match found,,,The Concise Oxford Dictionary of Music,Percy A. Scholes
31e8539a-8bc2-439f-906a-b096a18f2641,Azin,Namester Personalized Notebooks,title+author(exact),UPDATE,title|author|description|year|language,,AZIN,Unknown,Azin,Namester Personalized Notebooks
31f891ee-e157-4d1d-a576-b1ca778326d2,"Jewish Leaders, 1750-1940",Leo Jung,,INSERT,,no match found,,,"Jewish Leaders, 1750-1940",Leo Jung
320e5637-2c5e-4f0e-a0ef-1effa79c0f0a,Greek Thought,Jacques Brunschwig; Geoffrey Ernest Richard Lloyd; Pierre Pellegrin,,INSERT,,no match found,,,Greek Thought,Jacques Brunschwig; Geoffrey Ernest Richard Lloyd; Pierre Pellegrin
3210f09c-db5b-43df-b3fa-bd695d3e378a,Romeo and Juliet. Overture-fantasy,Peter Ilich Tchaikovsky,,INSERT,,no match found,,,Romeo and Juliet. Overture-fantasy,Peter Ilich Tchaikovsky
321ba9af-4754-41c7-b554-9b5978888652,'n Wysgerige ondersoek na die probleem van persvryheid,Diederik Johannes Hattingh (Publisher unknown.),title+author(exact),BLOCKED,,title length ratio 53.00 > 1.5; title similarity 0.706 < 0.92,N.,Unknown,'n Wysgerige ondersoek na die probleem van persvryheid,Diederik Johannes Hattingh (Publisher unknown.)
322f8258-b8d9-44e3-979a-1888653754b5,The Pelican History of Art,S. J. Freedberg,,INSERT,,no match found,,,The Pelican History of Art,S. J. Freedberg
3233e49c-860e-4d93-b5d4-3ec61fd6414d,The Rhetoric of Aristotle with a Commentary by the Late Edward Meredith Cope,Aristoteles; Edward Meredith Cope; John Edwin Sandys,,INSERT,,no match found,,,The Rhetoric of Aristotle with a Commentary by the Late Edward Meredith Cope,Aristoteles; Edward Meredith Cope; John Edwin Sandys
32385e12-6a6e-48f0-a2d7-d1ac56a4865b,Greek Homosexuality,K. J. Dover,,INSERT,,no match found,,,Greek Homosexuality,K. J. Dover
323dc3d0-e92f-49a8-a142-9c4856e9c80b,An Introductory New Testament Greek Method,William Rainey Harper; Revere Franklin Weidner,,INSERT,,no match found,,,An Introductory New Testament Greek Method,William Rainey Harper; Revere Franklin Weidner
3245ab86-3cdd-46ba-9d0f-671a13df7b29,U.S. Foreign Policy: Shield of the Republic,Walter Lippmann,,INSERT,,no match found,,,U.S. Foreign Policy: Shield of the Republic,Walter Lippmann
3247402a-76c7-4d84-a129-777d5633627f,From Glory to Glory,Gregory,,INSERT,,no match found,,,From Glory to Glory,Gregory
324879c0-a7b0-47e2-a4d3-9305928fe8e8,The Cambridge Companion to Quine,Roger F. Gibson,,INSERT,,no match found,,,The Cambridge Companion to Quine,Roger F. Gibson
325b44c0-b1f5-42b7-9f1e-684d32c7a47e,Ennéades,Plotin,,INSERT,,no match found,,,Ennéades,Plotin
327364a1-3f49-4931-82b3-326e77959f98,The Scottish Enlightenment,Alexander Broadie,,INSERT,,no match found,,,The Scottish Enlightenment,Alexander Broadie
3274e5cf-34d3-4ca5-b15f-5e30fa055187,Synagogue Music,Transcontinental Music Publications,,INSERT,,no match found,,,Synagogue Music,Transcontinental Music Publications
3275f588-e893-46fd-9be9-c08b852910c8,Love and Death in the American Novel,Leslie A. Fiedler,,INSERT,,no match found,,,Love and Death in the American Novel,Leslie A. Fiedler
32782a31-9afd-4ef1-8279-5a61ae6688ed,Point Counter Point,Aldous Huxley,title+author(exact),UPDATE,description|year|language,,Point Counter Point,Aldous Huxley,Point Counter Point,Aldous Huxley
3291181a-d088-455f-b67f-a75748926d36,The New Encyclopedia Britannica,Unknown,title+author(exact),UPDATE,year|language,,The New Encyclopedia Britannica,Unknown,The New Encyclopedia Britannica,Unknown
329710ca-1bb8-4b64-b73f-f63d881e3631,Tractatus Logico-Philosophicus,Ludwig Wittgenstein,,INSERT,,no match found,,,Tractatus Logico-Philosophicus,Ludwig Wittgenstein
32a700c0-79b4-49f3-aa07-793f9f05be69,"The Iliad, the Odyssey, and the Epic Tradition",Charles Rowan Beye,,INSERT,,no match found,,,"The Iliad, the Odyssey, and the Epic Tradition",Charles Rowan Beye
32bb3f9f-6046-4f6b-bf84-02f6c93c179e,Greek literary hands 350 B.C. - A.D. 400,C. H. Roberts,,INSERT,,no match found,,,Greek literary hands 350 B.C. - A.D. 400,C. H. Roberts
32c67eab-c632-44d2-abd0-9f71d09f3fcf,Ṣüryanice incil ve mezmurlar,Unknown,,INSERT,,no match found,,,Ṣüryanice incil ve mezmurlar,Unknown
32cac902-d09e-468e-9ab5-c85fe502b768,Die griechische Geschichtsschreibung,Kurt von Fritz,,INSERT,,no match found,,,Die griechische Geschichtsschreibung,Kurt von Fritz
32cfa67d-70f0-45b7-8fcf-048bf3c41053,Beyond the Ashes,Yonassan Gershom,,INSERT,,no match found,,,Beyond the Ashes,Yonassan Gershom
32d6b9e1-58b3-4beb-9263-47fccf8c968f,Athenian Propertied Familier 600-300 B. C.,J. K. Davies,title+author(exact),UPDATE,title|author|year|language,,Athenian Propertied Families 600-300 B.C.,J.K. Davies,Athenian Propertied Familier 600-300 B. C.,J. K. Davies
32d868e5-080d-44fe-a846-212f017f2636,"K'hal Adath Jeshurun, Yeshiva Rabbi Samson Raphael Hirsch","K'hal Adath Jeshurun (New York, N.Y.); Yeshiva Rabbi Samson Raphael Hirsch (New York)",,INSERT,,no match found,,,"K'hal Adath Jeshurun, Yeshiva Rabbi Samson Raphael Hirsch","K'hal Adath Jeshurun (New York, N.Y.); Yeshiva Rabbi Samson Raphael Hirsch (New York)"
32df2518-2d30-448b-96df-ea84fae5f45b,A Uniform System of Citation,Unknown,,INSERT,,no match found,,,A Uniform System of Citation,Unknown
3304579f-da52-41ee-9111-cab144f555ab,Constitutional Law,Gerald Gunther,title+author(exact),BLOCKED,,title length ratio 2.11 > 1.5; title similarity 0.895 < 0.92,Constitutional Law: Cases and Materials,Gerald Gunther,Constitutional Law,Gerald Gunther
33136c25-b86b-4e1a-9ad1-105166c9037a,Aristotle's Theory of Being,Emerson Buchanan,,INSERT,,no match found,,,Aristotle's Theory of Being,Emerson Buchanan
33153b45-3313-4dc9-8520-03ff27566c46,The Cambridge Companion to Ockham,Paul Vincent Spade,,INSERT,,no match found,,,The Cambridge Companion to Ockham,Paul Vincent Spade
3320be0f-d4c3-4b7b-b16f-e214712a6474,Four Strange Books of the Bible,Elias Joseph Bickerman,,INSERT,,no match found,,,Four Strange Books of the Bible,Elias Joseph Bickerman
33337517-bdf3-449a-89aa-d932fcd2b7ba,The Destruction of the European Jews,Raul Hilberg,,INSERT,,no match found,,,The Destruction of the European Jews,Raul Hilberg
3340bf65-b324-4c0b-8ed4-f32cde5f082d,Groves Dictionary of Music and Musicians,George Grove; Eric Blom,,INSERT,,no match found,,,Groves Dictionary of Music and Musicians,George Grove; Eric Blom
3348e595-490c-4575-abf0-4350b7d7fb49,Touched by the Parashah,Yechiel Spero,,INSERT,,no match found,,,Touched by the Parashah,Yechiel Spero
334ce0e1-a3eb-4821-9d54-cbf8386c5e78,Theology and Poetry,Jakob J. Petuchowski,,INSERT,,no match found,,,Theology and Poetry,Jakob J. Petuchowski
33529e2a-8aef-4d2e-8a61-7740e1bbb974,New York Jews and the Quest for Community,Arthur A. Goren,title+author(exact),BLOCKED,,title length ratio 1.83 > 1.5; title similarity 0.909 < 0.92,"New York Jews and the Quest for Community: The Kehillah Experiment, 1908-1922",Arthur A. Goren,New York Jews and the Quest for Community,Arthur A. Goren
3361a6d1-a185-4583-a15f-5d99c044db4f,Grammatik des samaritanischen Hebräisch,Rudolf Macuch,,INSERT,,no match found,,,Grammatik des samaritanischen Hebräisch,Rudolf Macuch
33653d69-61a5-40b7-8cfd-5686ab26cf9a,Reb Yaakov,Yonason Rosenblum; Noson Kamenetsky,,INSERT,,no match found,,,Reb Yaakov,Yonason Rosenblum; Noson Kamenetsky
3369366f-2f74-41ed-8c84-822298e6e015,The Complete Plays of Aristophanes,Aristophanes,,INSERT,,no match found,,,The Complete Plays of Aristophanes,Aristophanes
33697103-1295-439c-aa2e-598c0e06b567,Sefer Ha-'ikkarim,Joseph Albo,title+author(exact),UPDATE,title|year|language,,Sefer Ha-'Ikkarim,Joseph Albo,Sefer Ha-'ikkarim,Joseph Albo
3369a27d-5918-4aed-89af-94ceaeee07f7,Where Angels Fear to Tread,E. M. Forster,title+author(exact),UPDATE,author|description|publisher|year|language,,Where Angels Fear to Tread,E.M. Forster,Where Angels Fear to Tread,E. M. Forster
337a1556-ac9c-4dd1-b6c4-73706a6a03d1,Erlebnis und Darstellung der Perserkriege,Wilhelm Kierdorf,title+author(exact),UPDATE,year|language,,Erlebnis und Darstellung der Perserkriege,Wilhelm Kierdorf,Erlebnis und Darstellung der Perserkriege,Wilhelm Kierdorf
337cd737-0da1-452b-866b-a6d6cb780572,Grammaire phénicienne,Albertus van den Branden,,INSERT,,no match found,,,Grammaire phénicienne,Albertus van den Branden
33965f39-da30-4cd5-8d28-ba79b7d84304,The World of Late Antiquity,Peter Brown,,INSERT,,no match found,,,The World of Late Antiquity,Peter Brown
339a3080-daa7-48f6-b5e6-520e072fdbad,Early Medieval Art,Lawrence Nees,,INSERT,,no match found,,,Early Medieval Art,Lawrence Nees
33a231cd-f9b2-4de3-92fe-eb51a42846f9,"Diodorus Siculus. In Twelve Volumes. Vol. VIII. Books XVI, 66 - XVII",Siculus Diodorus,,INSERT,,no match found,,,"Diodorus Siculus. In Twelve Volumes. Vol. VIII. Books XVI, 66 - XVII",Siculus Diodorus
33ac95ea-f844-47ac-8654-a52ccd6c2062,Grove's Dictionary of Music and Musicians,Eric Blom; George Grove,,INSERT,,no match found,,,Grove's Dictionary of Music and Musicians,Eric Blom; George Grove
33b120b7-5b3b-472a-8770-e147e865a78c,Early Netherlandish Painting,Erwin Panofsky,,INSERT,,no match found,,,Early Netherlandish Painting,Erwin Panofsky
33c836d0-a018-4971-9c24-1b6dd31894ef,The Romantic Rebellion,Eric Newton,,INSERT,,no match found,,,The Romantic Rebellion,Eric Newton
33ca21e9-1085-4d15-8916-3a08dd89505f,Reading Greek: Text,Joint Association of Classical Teachers,,INSERT,,no match found,,,Reading Greek: Text,Joint Association of Classical Teachers
33cd5bad-eead-4240-9b11-24b25786651b,Exercitia Spiritualia S. P. Ignatii de Loyola: Cum Versione Literali: Ex Autographo Hispanico Notis Illustrata,Ignacio (De Loyola),,INSERT,,no match found,,,Exercitia Spiritualia S. P. Ignatii de Loyola: Cum Versione Literali: Ex Autographo Hispanico Notis Illustrata,Ignacio (De Loyola)
33cdd221-816f-46c9-94f4-046f4c055bc4,One Day in the Life of Ivan Denisovich,Alexander Solzhenitsyn,title+author(exact),UPDATE,title|author|description|publisher|year|language,,ONE DAY IN THE LIFE OF IVAN DENISOVICH,ALEXANDER SOLZHENITSYN,One Day in the Life of Ivan Denisovich,Alexander Solzhenitsyn
33d1e5cd-c79b-4aa6-b899-3eba7b98e023,Jesus,David Flusser,,INSERT,,no match found,,,Jesus,David Flusser
33d61b3e-1234-433c-9e6d-bd1e2b4824bb,The Histories of Polybius,Polybius,,INSERT,,no match found,,,The Histories of Polybius,Polybius
33e69651-b75e-444f-a757-25f5748168a3,The Holy Quran with English Translation and Commentary,SAMSON KAPHAR HIRSCH,,INSERT,,no match found,,,The Holy Quran with English Translation and Commentary,SAMSON KAPHAR HIRSCH
33f87296-e54f-445c-b63d-d60ca05cbdce,"Sonata No. 2 in F Major, Opus 99",Johannes Brahms; Leonard Rose,,INSERT,,no match found,,,"Sonata No. 2 in F Major, Opus 99",Johannes Brahms; Leonard Rose
33fb7a28-0450-47db-a656-fbcb1cfeaccb,Les Ennéades,Plotin,,INSERT,,no match found,,,Les Ennéades,Plotin
33fcc316-d727-4ce3-8250-38c08c44b373,Fackenheim:German Philosophy & Jewish,Louis Greenspan; Graeme Nicholson,,INSERT,,no match found,,,Fackenheim:German Philosophy & Jewish,Louis Greenspan; Graeme Nicholson
33febb9d-9767-4579-b888-22c2993dc619,The Cambridge Companion to Thomas Mann,Ritchie Robertson,,INSERT,,no match found,,,The Cambridge Companion to Thomas Mann,Ritchie Robertson
34017957-34e5-4deb-85bc-6c8e421a5397,Satirical Sketches. Translated with an Introduction by Paul Turner,Lucian (of Samosata.); Paul Turner,,INSERT,,no match found,,,Satirical Sketches. Translated with an Introduction by Paul Turner,Lucian (of Samosata.); Paul Turner
340e8fd1-bfc3-4b00-b049-85f56a2dab5c,Le passage de la mer Rouge,Zofia Romanowiczowa,title+author(exact),BLOCKED,,title length ratio 1.88 > 1.5; title similarity 0.645 < 0.92; author similarity 0.468 < 0.75,Qu'alors on ne se souviendra plus de la mer Rouge,David Mus,Le passage de la mer Rouge,Zofia Romanowiczowa
341006c8-1ae9-4027-bfda-9e837973ae73,Grove's Dictionary of Music and Musicians,George Grove,,INSERT,,no match found,,,Grove's Dictionary of Music and Musicians,George Grove
341833ba-1a12-4c4c-bdd3-12abf2ee9bf1,The Thai System of Writing,Mary R. Haas,,INSERT,,no match found,,,The Thai System of Writing,Mary R. Haas
3458c42d-8630-4a67-b0a4-0a342fc4fe97,American journal of ancient history,Unknown,,INSERT,,no match found,,,American journal of ancient history,Unknown
3463d4d3-589d-4e84-b0b9-3282fcf96bec,The Book of Tahkemoni,Judah Alharizi,,INSERT,,no match found,,,The Book of Tahkemoni,Judah Alharizi
346e3e86-c3be-463e-a4d8-e3ef7c9b7590,A Visual Testimony--Judaica from the Vatican Library,"Philip E. Miller; Michael Alan Signer; Center for the Fine Arts (Miami, Fla.); Union of American Hebrew Congregations",,INSERT,,no match found,,,A Visual Testimony--Judaica from the Vatican Library,"Philip E. Miller; Michael Alan Signer; Center for the Fine Arts (Miami, Fla.); Union of American Hebrew Congregations"
3475b9ea-ab58-472e-858f-cefa28c79841,The Papers of the Bibliographical Society of America,Bibliographical Society of America,fuzzy(1.000),BLOCKED,,author similarity 0.548 < 0.75,The PAPERS of the BIBLIOGRAPHICAL SOCIETY of AMERICA,"RICHARD KNOWLES, MARCUS A. McCORISON, ALAN R. YOUNG, SYDNEY J. SHEP",The Papers of the Bibliographical Society of America,Bibliographical Society of America
347f705f-8a9a-453d-9c0d-d3bd7d3a0cc5,"A History of Palestine, 634-1099",Moshe Gil,,INSERT,,no match found,,,"A History of Palestine, 634-1099",Moshe Gil
34810faf-cbc1-4000-aa28-157c1cc10189,"ספר בראשית. 195 עמודים, עמוד לא ממוספר, 46, 88 עמודים",Unknown,,INSERT,,no match found,,,"ספר בראשית. 195 עמודים, עמוד לא ממוספר, 46, 88 עמודים",Unknown
3484f550-db43-4cf0-933f-8f23d2cf9aba,THE BOSTONIANS,Henry James,title+author(exact),UPDATE,title|description|publisher|year|language,,The Bostonians,Henry James,THE BOSTONIANS,Henry James
348b446a-0cd4-4550-b8ba-f4eb9865778f,Persian Grammar,A.K.S. Lambton,,INSERT,,no match found,,,Persian Grammar,A.K.S. Lambton
3498b0df-0062-41bc-a1e0-eb46e7171328,Der Kleine Pauly : Lexikon der Antike,Unknown,,INSERT,,no match found,,,Der Kleine Pauly : Lexikon der Antike,Unknown
34b686ed-7480-4d37-96c5-f0cabc651843,Hans Baldung Grien,Robert A. Koch,,INSERT,,no match found,,,Hans Baldung Grien,Robert A. Koch
34bf5cbb-f1b2-4de3-ba30-c32c0ed93679,Aristotle: The poetics,Aristotle,,INSERT,,no match found,,,Aristotle: The poetics,Aristotle
34c6a6ce-ed93-4e94-8810-3af2242159fa,The American Language,H. L. Mencken,title+author(exact),UPDATE,description|year|language,,The American Language,H. L. Mencken,The American Language,H. L. Mencken
34c9a631-0a25-4c61-b7c4-bc5472c70bf6,New Latin Grammar for Shools and Colleges,J. B. Greenough; G. L. Kittredge; A. A. Howard; Benj. L. D'ooge,title+author(exact),BLOCKED,,title similarity 0.597 < 0.92,Allen and Greenough's New Latin Grammar,"J. B Greenough, G. L. Kittredge, A. A. Howard, and Benj. L. D'Ooge",New Latin Grammar for Shools and Colleges,J. B. Greenough; G. L. Kittredge; A. A. Howard; Benj. L. D'ooge
34cf385a-671a-4fef-afc1-c4e23025ea67,Flowers A Guide to Familiar American Wildflowers,Herbert S. Zim,,INSERT,,no match found,,,Flowers A Guide to Familiar American Wildflowers,Herbert S. Zim
34d20f15-0949-413f-ac3e-efea41593327,Come Under the Wings,Grace Goldin,title+author(exact),BLOCKED,,title length ratio 1.90 > 1.5; title similarity 0.905 < 0.92,Come Under the Wings: A Midrash on Ruth,Grace Goldin,Come Under the Wings,Grace Goldin
34db5abc-8d00-44c4-a740-1a3172bff6fc,"Roman Politics and the Criminal Courts, 149-78 B.C.",Erich S. Gruen,,INSERT,,no match found,,,"Roman Politics and the Criminal Courts, 149-78 B.C.",Erich S. Gruen
34df9651-556e-4815-91e6-b69f8f887c4d,Studies in Hebrew and Ugaritic Psalms,Yitsḥaḳ Avishur,,INSERT,,no match found,,,Studies in Hebrew and Ugaritic Psalms,Yitsḥaḳ Avishur
34e14a80-84b5-4f6a-b6a6-937115fbda95,A History of the Classical World,Elizabeth Wyse,title+author(exact),BLOCKED,,title length ratio 2.00 > 1.5; title similarity 0.533 < 0.92,Classical World,Unknown,A History of the Classical World,Elizabeth Wyse
34eab565-6d73-4a2e-812e-d0af676819f0,"Progress in Neural Networks, Volume Four",Omid M. Omidvar; Rakesh Mohan,,INSERT,,no match found,,,"Progress in Neural Networks, Volume Four",Omid M. Omidvar; Rakesh Mohan
34f22fde-b469-4a94-baa3-654acf5a73fa,Finlandia,Jean Sibelius,,INSERT,,no match found,,,Finlandia,Jean Sibelius
350cf4f1-a32e-4552-9e99-ffce4f355dfa,Noah's Curse,Stephen R. Haynes,,INSERT,,no match found,,,Noah's Curse,Stephen R. Haynes
35120afe-4882-4ab3-a0d6-f26747ab4472,Nicomachean Ethics,Aristotle,title+author(exact),UPDATE,description|year|language,,Nicomachean Ethics,Aristotle,Nicomachean Ethics,Aristotle
35146b08-fcf6-4ada-bd5a-3035c97ba743,Die grossen dramen,Gerhart Hauptmann,,INSERT,,no match found,,,Die grossen dramen,Gerhart Hauptmann
3515cde9-8738-4fe3-9b54-f5e0ced450d1,Ägyptisches Handwörterbuch,Adolf Erman; Hermann Grapow,,INSERT,,no match found,,,Ägyptisches Handwörterbuch,Adolf Erman; Hermann Grapow
351d5bc9-79ff-43b0-b968-369c710b034c,Reader in Comparative Librarianship,D. J. Foskett,,INSERT,,no match found,,,Reader in Comparative Librarianship,D. J. Foskett
3529793d-cab2-448e-b327-d8cc2075ba4f,The Voyage of the Dawn Treader,C. S. Lewis,,INSERT,,no match found,,,The Voyage of the Dawn Treader,C. S. Lewis
354811b0-454b-4172-8687-2c5b647dde38,"Complete Piano Sonatas, Volume II",Joseph Haydn,,INSERT,,no match found,,,"Complete Piano Sonatas, Volume II",Joseph Haydn
3552227f-adf0-46e7-8896-133eaf5947d4,"The Essential Works of Foucault, 1954-1984: Power",Michel Foucault,,INSERT,,no match found,,,"The Essential Works of Foucault, 1954-1984: Power",Michel Foucault
35527ca7-47fd-40e8-bca6-2f175c415626,"Gedenkausgabe der Werke, Briefe und Gespräche. 28. August 1949. Herausgegeben von Ernst Beutler. [With portraits.].",Johann Wolfgang von Goethe; Ernst Beutler,title+author(exact),BLOCKED,,title length ratio 2.41 > 1.5; title similarity 0.883 < 0.92,"GEDENKAUSGABE DER WERKE, BRIEFE UND GESPRÄCHE","JOHANN WOLFGANG GOETHE, ERNST BEUTLER","Gedenkausgabe der Werke, Briefe und Gespräche. 28. August 1949. Herausgegeben von Ernst Beutler. [With portraits.].",Johann Wolfgang von Goethe; Ernst Beutler
355ad280-a595-4df0-857b-633e7484ba60,Semantics for Natural Languages,Donald Davidson,title+author(exact),UPDATE,title|author|year|language,,Semantics of Natural Language,Donald Davidson and Gilbert Harman,Semantics for Natural Languages,Donald Davidson
356a00d6-7a8b-4b72-830d-fc5cb16ca22b,Sefer ha-shorashim ha-mekhuneh Sefat emet,Isaac Satanow,,INSERT,,no match found,,,Sefer ha-shorashim ha-mekhuneh Sefat emet,Isaac Satanow
3577c5c9-4b9a-49cf-93f0-7719eebd3c2a,"Jerusalem, Footsteps Through Time",Ahron Horovitz,,INSERT,,no match found,,,"Jerusalem, Footsteps Through Time",Ahron Horovitz
357a1ded-40bb-4faf-8d50-c7f337f8b3d7,Greek Society,Frank J. Frost,title+author(exact),UPDATE,title|year|language|category_id,,GREEK SOCIETY,Frank J. Frost,Greek Society,Frank J. Frost
357efd2d-48c9-4f2a-b5ac-cf09055efa60,Phoenix : the journal of the Classical Association of Canada,Classical Association of Canada,title+author(exact),BLOCKED,,title length ratio 8.29 > 1.5; title similarity 0.824 < 0.92,Phoenix,Classical Association of Canada,Phoenix : the journal of the Classical Association of Canada,Classical Association of Canada
35a1a64c-6656-458d-abf0-c259554c55e8,Elementary Logic,W. V. Quine,title+author(exact),BLOCKED,,title similarity 0.634 < 0.92,Methods of Logic,W.V. Quine,Elementary Logic,W. V. Quine
35aafd80-e4fc-48f6-b4a4-7883f6470cfa,"The Nation, the Law, and the King",Jenny Graham,,INSERT,,no match found,,,"The Nation, the Law, and the King",Jenny Graham
35b500b7-9365-4c96-9914-e37373755bae,Scientific and Technical Information Explosion,Barry R. Emrich,,INSERT,,no match found,,,Scientific and Technical Information Explosion,Barry R. Emrich
35cc0e94-fe93-4d57-9f43-2a0df4737c22,Who's who in World Jewry : a Biographical Dictionary of Outstanding Jews,Carmin Karpman,,INSERT,,no match found,,,Who's who in World Jewry : a Biographical Dictionary of Outstanding Jews,Carmin Karpman
35cdb5ad-5e0a-4149-8246-63ee66f84bbc,Judaism's Encounter with Other Cultures,Gerald J. Blidstein,,INSERT,,no match found,,,Judaism's Encounter with Other Cultures,Gerald J. Blidstein
35dd3e65-9ac3-49cb-b151-748e6d6033a8,Carta's Official Guide to Israel,"Hunter Publishing, Incorporated",,INSERT,,no match found,,,Carta's Official Guide to Israel,"Hunter Publishing, Incorporated"
35e1fba2-12c2-46e9-a1fe-146aba23a83b,Der lebende Leichnam,Leo N. Tolstoi,,INSERT,,no match found,,,Der lebende Leichnam,Leo N. Tolstoi
36053aeb-4d99-431b-9bb2-11b26ae0d243,Ghetto Museum Teresin,Vojtěch Blodig; Ludmila Chládková; Erik Polák; Ghetto Museum Terezín,,INSERT,,no match found,,,Ghetto Museum Teresin,Vojtěch Blodig; Ludmila Chládková; Erik Polák; Ghetto Museum Terezín
36100c82-1828-4176-82fd-03d244a729aa,Precedent and Judicial Discretion,Samuel Morell,,INSERT,,no match found,,,Precedent and Judicial Discretion,Samuel Morell
361354a9-f52d-409c-bf45-1ada810691ab,Android UI Development with Jetpack Compose,Thomas Künneth,title+author(exact),BLOCKED,,title length ratio 21.50 > 1.5; title similarity 0.516 < 0.92,UI,Unknown,Android UI Development with Jetpack Compose,Thomas Künneth
36206be8-7900-4d2a-acd3-584038eac18a,Historical Dictionary of the Etruscans,Simon K.F. Stoddart,,INSERT,,no match found,,,Historical Dictionary of the Etruscans,Simon K.F. Stoddart
3623628c-992e-4cf2-bbba-f417107ad7df,Transactions of the American Philological Association,American Philological Association,,INSERT,,no match found,,,Transactions of the American Philological Association,American Philological Association
362c95b0-ed36-4259-ab3d-d36f3f599e6a,Alexander the Great,Robin Lane Fox,,INSERT,,no match found,,,Alexander the Great,Robin Lane Fox
362faae9-014d-481b-9727-0fa4a8c3e206,The History Man,Malcolm Bradbury,title+author(exact),UPDATE,description|publisher|year|language,,The History Man,Malcolm Bradbury,The History Man,Malcolm Bradbury
36373fb2-5069-45b6-9e5f-00827fe3ab96,Formula One Yearbook 2005,Luc Domenjoz,title+author(exact),BLOCKED,,title length ratio 1.92 > 1.5; title similarity 0.487 < 0.92; author similarity 0.444 < 0.75,YEARBOOK 2005,H.T MACNEILL,Formula One Yearbook 2005,Luc Domenjoz
364676e4-396f-4cac-9c10-1d3b2f6e6b66,Jews in the Economic and Political Life of Mediaeval Islam,Walter Joseph Fischel,,INSERT,,no match found,,,Jews in the Economic and Political Life of Mediaeval Islam,Walter Joseph Fischel
365e8e56-a457-49cb-a4c5-3f3f958a4887,Kingdom of Cohanim,Avigdor Miller,,INSERT,,no match found,,,Kingdom of Cohanim,Avigdor Miller
366ce36c-2410-4321-b9ee-d70ed8756245,"The American Journal of Archaeology, 1893-1",Various,,INSERT,,no match found,,,"The American Journal of Archaeology, 1893-1",Various
36719dbd-b848-4580-b00a-634bb83ac95d,The Illustrated Zuleika Dobson,Sir Max Beerbohm,,INSERT,,no match found,,,The Illustrated Zuleika Dobson,Sir Max Beerbohm
36765b6b-283c-45d6-8008-ab37dc3bbb87,"The Attic Nights of Aulus Gellius, Vol. 3, Trans. by J. Rolfe",Aulus Gellius; John c. (translator) Rolfe,,INSERT,,no match found,,,"The Attic Nights of Aulus Gellius, Vol. 3, Trans. by J. Rolfe",Aulus Gellius; John c. (translator) Rolfe
36b1b33f-bee7-4f14-ac2c-bf31aa969607,Early Greek Science,G E R Lloyd,,INSERT,,no match found,,,Early Greek Science,G E R Lloyd
36d72545-94fb-402d-8e56-7c88d16759d6,Sextus Empiricus,Richard Bett,,INSERT,,no match found,,,Sextus Empiricus,Richard Bett
36e15d11-a5fa-49be-bb8a-922b97b5e22e,Three Men in a Boat,Jerome K Jerome,,INSERT,,no match found,,,Three Men in a Boat,Jerome K Jerome
36f40fb0-5dbe-47ac-8d80-5a02491f8e1a,Mystical Theology and Social Dissent,Byron L. Sherwin,title+author(exact),UPDATE,description|publisher|year|language,,Mystical Theology and Social Dissent,Byron L. Sherwin,Mystical Theology and Social Dissent,Byron L. Sherwin
36f5b263-7032-4181-8df3-09523a9fcc8b,Edward Lear and His World,John Lehmann,,INSERT,,no match found,,,Edward Lear and His World,John Lehmann
3710fb9a-9c1c-40c1-93b4-f28353f14af9,Thesmophoriazusae of Aristophanes acted at Athens in the year B.C.,Benjamin Bickley Rogers,,INSERT,,no match found,,,Thesmophoriazusae of Aristophanes acted at Athens in the year B.C.,Benjamin Bickley Rogers
37122b09-a590-4267-8a79-daf841928e99,Colloquial Turkish,Yusuf Mardin,,INSERT,,no match found,,,Colloquial Turkish,Yusuf Mardin
372aa657-83d9-44cd-90fc-b7ec8cb041c4,The lady of Andros ; The self-tormentor ; The eunuch,Terence,title+author(exact),UPDATE,title|author|year|language,,"The Lady of Andros, The Self-Tormentor, The Eunuch","Terence, John Sargeaunt (translator)",The lady of Andros ; The self-tormentor ; The eunuch,Terence
372db20e-c9f2-4638-9187-4a831e8dc794,Emblematic Variants,William Sebastian Heckscher; Agnes B. Sherman,,INSERT,,no match found,,,Emblematic Variants,William Sebastian Heckscher; Agnes B. Sherman
372f3913-3b4b-4a13-8343-8fb026a13567,Fundamental Statistics for Business and Economics,John Neter,,INSERT,,no match found,,,Fundamental Statistics for Business and Economics,John Neter
3730d1a0-b537-45d1-b470-0562c7770541,"Shirim.,שירים",Hayyim Nahman Bialik,,INSERT,,no match found,,,"Shirim.,שירים",Hayyim Nahman Bialik
37409182-dd20-462e-88b1-8889fd58338e,45 Arias from Operas and Oratorios[,George Frideric Handel,,INSERT,,no match found,,,45 Arias from Operas and Oratorios[,George Frideric Handel
37427dc1-75da-4f70-b63f-1d68224a27fa,Don Giovanni,Wolfgang Amadeus Mozart,,INSERT,,no match found,,,Don Giovanni,Wolfgang Amadeus Mozart
3747bcf2-435c-4817-aa0d-744d3b44302d,The Trial of Socrates,I.F. Stone,title+author(exact),UPDATE,author|description|publisher|year|language|category_id,,The Trial of Socrates,I. F. Stone,The Trial of Socrates,I.F. Stone
374ed446-bd92-420b-8915-7990ced67fe8,Concise English-Korean dictionary,Joan V. Underwood,,INSERT,,no match found,,,Concise English-Korean dictionary,Joan V. Underwood
375141ed-ad29-4cba-b80c-450862f99b92,Research Guide to Religious Studies,John F. Wilson; Thomas P. Slavens,,INSERT,,no match found,,,Research Guide to Religious Studies,John F. Wilson; Thomas P. Slavens
37534f7e-5f9d-4c7e-a8fd-531ba3442156,Building Library Collections,Mary Duncan Carter; Wallace John Bonk,title+author(exact),UPDATE,author|year|language,,Building Library Collections,Mary Duncan Carter and Wallace John Bonk,Building Library Collections,Mary Duncan Carter; Wallace John Bonk
375493a9-30c4-4d16-ad23-519c26cd66dc,"Lexicon Platonicum, Sive, Vocum Platonicarum Index",Friedrich Ast,,INSERT,,no match found,,,"Lexicon Platonicum, Sive, Vocum Platonicarum Index",Friedrich Ast
375f224d-26cd-4175-8b2f-10d125ec5aa9,Der gedeckte Tisch,Micha Michalowitz,,INSERT,,no match found,,,Der gedeckte Tisch,Micha Michalowitz
37638404-5d29-438e-bbd6-bf8a55485e60,La Fanciulla Del West,Giacomo Puccini,,INSERT,,no match found,,,La Fanciulla Del West,Giacomo Puccini
3767d3da-79ae-470c-80de-af8154921b52,The Pentateuch,Samson Raphael Hirsch,,INSERT,,no match found,,,The Pentateuch,Samson Raphael Hirsch
3771e043-c773-4b94-93be-acbed42c3c27,The Geonim of Babylonia and the Shaping of Medieval Jewish Culture,Robert Brody,,INSERT,,no match found,,,The Geonim of Babylonia and the Shaping of Medieval Jewish Culture,Robert Brody
378b0594-ee20-49b1-94c9-fff9a351798b,The Journal of Hellenic Studies,Victor Ehrenberg,,INSERT,,no match found,,,The Journal of Hellenic Studies,Victor Ehrenberg
379237d8-35ba-4991-a5a7-e797406b5711,Amazonian Cosmos,Gerardo Reichel-Dolmatoff,,INSERT,,no match found,,,Amazonian Cosmos,Gerardo Reichel-Dolmatoff
379f7e19-e730-4b9b-af66-829ba6146d11,The Return Of The King,J.R.R. Tolkien,,INSERT,,no match found,,,The Return Of The King,J.R.R. Tolkien
37b0011d-0a81-44f8-8208-63edc5dd2b84,Thucydides and Internal War,Jonathan J. Price,,INSERT,,no match found,,,Thucydides and Internal War,Jonathan J. Price
37c93b8f-06ea-4f9b-bfa0-78f588a6a7bb,Patriot-improvers,Whitfield J. Bell (Jr.),,INSERT,,no match found,,,Patriot-improvers,Whitfield J. Bell (Jr.)
37df2110-5560-463b-9b6b-de19dd833c8d,Nicholas and Alexandra,Robert K. Massie,,INSERT,,no match found,,,Nicholas and Alexandra,Robert K. Massie
37e8ef87-ccc7-4451-aaae-8b8718f568d4,Thucydidis historiae,Thucydides; Henricus Stuart Jones; Johannes Enoch Powell,,INSERT,,no match found,,,Thucydidis historiae,Thucydides; Henricus Stuart Jones; Johannes Enoch Powell
37ecba86-e21d-4cc1-876d-4a9f89959548,American journal of ancient history,Unknown,,INSERT,,no match found,,,American journal of ancient history,Unknown
37f6744f-4d05-4e68-b566-4e7e82265390,Introduction to Indexing and Abstracting,Donald B. Cleveland; Ana D. Cleveland,,INSERT,,no match found,,,Introduction to Indexing and Abstracting,Donald B. Cleveland; Ana D. Cleveland
37f98011-b5bf-4ff8-bc76-ba59e0e5f9a6,Torah,David Aronson,fuzzy(1.000),BLOCKED,,author similarity 0.566 < 0.75,The Torah,Moses King James Version,Torah,David Aronson
37f9e750-644a-4c87-9a67-1f12417ed176,The Frogs of Aristophanes,Aristophanes,,INSERT,,no match found,,,The Frogs of Aristophanes,Aristophanes
38134813-b768-4738-b9b9-e499b181ae35,Atthis,Felix Jacoby,,INSERT,,no match found,,,Atthis,Felix Jacoby
3815bd26-d28e-4619-8c37-1c6e34a3133a,Historical Consciousness and Religious Tradition in Azariah De' Rossi's Meʼor ʻeinayim,Lester A. Segal,,INSERT,,no match found,,,Historical Consciousness and Religious Tradition in Azariah De' Rossi's Meʼor ʻeinayim,Lester A. Segal
381de455-1c0d-426c-8f34-558bdc43e447,Receptors and Sensory Perception,Ragnar Granit,,INSERT,,no match found,,,Receptors and Sensory Perception,Ragnar Granit
381f093a-2b1b-4718-9e71-473ae0062438,Trait sur trait tiré,David Mus; George Ball,,INSERT,,no match found,,,Trait sur trait tiré,David Mus; George Ball
38252bf1-182a-4363-9fba-b870cdef8c18,The Good Apprentice,Iris Murdoch,,INSERT,,no match found,,,The Good Apprentice,Iris Murdoch
382ec2cc-a66a-4126-99d1-1b679a855e8a,Hebrew Manuscripts,Binyamin Richler; Robert Brody,,INSERT,,no match found,,,Hebrew Manuscripts,Binyamin Richler; Robert Brody
3850622d-da99-490b-b5c4-e3edb079627a,The Venture of Islam,Marshall G. S. Hodgson,title+author(exact),UPDATE,year|language,,The Venture of Islam,Marshall G. S. Hodgson,The Venture of Islam,Marshall G. S. Hodgson
3865568d-750a-4774-8b4e-22f9ce06fd70,Local Anaesthetic,Günter Grass,,INSERT,,no match found,,,Local Anaesthetic,Günter Grass
386760e4-6132-429f-89a7-188e4e9a2723,English-Amharic Context Dictionary,Wolf Leslau,,INSERT,,no match found,,,English-Amharic Context Dictionary,Wolf Leslau
3872c2c3-7d21-4c77-b0dc-97e3cf0d4425,Counterpoint,Heinrich Schenker,,INSERT,,no match found,,,Counterpoint,Heinrich Schenker
3880b8dd-d972-44fb-a9fc-35ff3a2cfa3f,The Face of the Ancient Orient,Sabatino Moscati,title+author(exact),UPDATE,year|language,,The Face of the Ancient Orient,Sabatino Moscati,The Face of the Ancient Orient,Sabatino Moscati
38825855-7bde-495d-ab9d-e7423b716193,The Enneads,Plotinus,,INSERT,,no match found,,,The Enneads,Plotinus
388424ed-5a6e-4569-9bdd-b2d7993e2a88,Mefistofele,Arrigo Boito,,INSERT,,no match found,,,Mefistofele,Arrigo Boito
389c6211-0caa-4e62-ba83-141f4597728f,Niddah,Jacob Neusner,,INSERT,,no match found,,,Niddah,Jacob Neusner
38c47930-7506-4f99-81b1-a99f8d75c479,Professional Composer User's Manual,Mark of the Unicorn (Firm),,INSERT,,no match found,,,Professional Composer User's Manual,Mark of the Unicorn (Firm)
38ced873-8d40-45cb-972c-c035c4a3fab7,Bare-Metal Embedded C Programming,Israel Gbati,title+author(exact),BLOCKED,,title length ratio 33.00 > 1.5; title similarity 0.000 < 0.92,C,Unknown,Bare-Metal Embedded C Programming,Israel Gbati
38d3141c-809d-4a7f-b809-7914e1992e56,The Rhetoric of Identity in Isocrates,Yun Lee Too,,INSERT,,no match found,,,The Rhetoric of Identity in Isocrates,Yun Lee Too
38d58d5f-a1e5-4eec-b32c-a87ad45cebc5,The Cambridge Companion to the Talmud and Rabbinic Literature,Charlotte Elisheva Fonrobert; Martin S. Jaffee,,INSERT,,no match found,,,The Cambridge Companion to the Talmud and Rabbinic Literature,Charlotte Elisheva Fonrobert; Martin S. Jaffee
38e8c847-77a2-40f1-9916-9fd91eaaf2bf,The Dialogues of Plato,B. Jowett,,INSERT,,no match found,,,The Dialogues of Plato,B. Jowett
38e943cc-2745-4132-bf16-451cb83fbe68,Studies on Surgut Ostyak Culture,Katalin Lázár,,INSERT,,no match found,,,Studies on Surgut Ostyak Culture,Katalin Lázár
3909f6c1-139f-4bff-a170-6d4f672c9523,Oxfordshire,Nikolaus Pevsner; Jennifer Sherwood,,INSERT,,no match found,,,Oxfordshire,Nikolaus Pevsner; Jennifer Sherwood
391ce003-c8a5-4a2d-8471-358b99200ba3,The Church and the Jews in the XIIIth Century,Solomon Grayzel,,INSERT,,no match found,,,The Church and the Jews in the XIIIth Century,Solomon Grayzel
391d16de-e682-45ca-818e-17dede703d95,Russian literature 1900-1917,Marc Slonim,,INSERT,,no match found,,,Russian literature 1900-1917,Marc Slonim
39260505-6eab-4ad7-80f4-69ba11b1fe29,Complete Piano Sonatas,Ludwig van Beethoven,,INSERT,,no match found,,,Complete Piano Sonatas,Ludwig van Beethoven
39264aa1-21cd-4a60-80b2-99158c962745,King Solomon's Mines,Henry Rider Haggard,,INSERT,,no match found,,,King Solomon's Mines,Henry Rider Haggard
39300859-d89c-427d-af73-4349e8d4d596,Key to Rome,Frederick Vreeland; Vanessa Vreeland,,INSERT,,no match found,,,Key to Rome,Frederick Vreeland; Vanessa Vreeland
39385663-58f7-474b-88cb-cfa11ecba06d,A Grammar of Phoenician and Punic,Stanislav Segert,title+author(exact),UPDATE,year|language,,A Grammar of Phoenician and Punic,Stanislav Segert,A Grammar of Phoenician and Punic,Stanislav Segert
39470d8c-2b6d-4ea2-894d-b28c0517a638,Copper for America,Maxwell Whiteman,,INSERT,,no match found,,,Copper for America,Maxwell Whiteman
39475f29-73dc-49e8-a927-6de4a97e9406,Opera,Aristotelēs,,INSERT,,no match found,,,Opera,Aristotelēs
394889f9-f709-4b1e-a3ae-ad120f55b1e2,Tradition and originality in Plautus,Netta Zagagi,title+author(exact),UPDATE,title|year|language,,Tradition and Originality in Plautus,Netta Zagagi,Tradition and originality in Plautus,Netta Zagagi
39496de3-5125-42e5-a402-edc6e80a6eb3,Phoenix,Unknown,title+author(exact),UPDATE,title|year|language,,The Phoenix,Unknown,Phoenix,Unknown
3972ec0a-9cf2-43c6-85c1-868db03330d4,"The Selling of the President, 1968",Joe McGinniss,,INSERT,,no match found,,,"The Selling of the President, 1968",Joe McGinniss
3974d12a-91c0-47b0-82b1-bf7ca1e4aa1e,Magic in My Pocket,Alison Uttley,,INSERT,,no match found,,,Magic in My Pocket,Alison Uttley
398fbcd5-dee0-4f9c-9e21-8d6b7e857bd8,Cornelius Nepos,Oscar Browning,,INSERT,,no match found,,,Cornelius Nepos,Oscar Browning
39958e98-53bf-40ac-a7e7-3052adba6be3,Atlas of Ancient Archaeology,Jacquetta Hopkins Hawkes,,INSERT,,no match found,,,Atlas of Ancient Archaeology,Jacquetta Hopkins Hawkes
399ba0c3-8170-468f-b147-f1f2278da4b1,Imaginary Conversations,Walter Savage Landor,,INSERT,,no match found,,,Imaginary Conversations,Walter Savage Landor
39d160c3-660b-41d4-a546-eda71fa19c11,Crossroads,Unknown,,INSERT,,no match found,,,Crossroads,Unknown
39d301fd-33fc-41d0-a8fe-bb2080587ac8,The Heroic Temper,Bernard M. W. Knox,,INSERT,,no match found,,,The Heroic Temper,Bernard M. W. Knox
39d49e09-0e61-4a9d-9606-0c930b9b27e7,The festival service,Israel Alter,,INSERT,,no match found,,,The festival service,Israel Alter
39d9b13e-a078-412b-ab43-9fdedb3445e0,An Historical Grammar of Japanese,Sir George Bailey Sansom,,INSERT,,no match found,,,An Historical Grammar of Japanese,Sir George Bailey Sansom
39e2fa89-ec16-4ef4-9571-0edf1904f04b,Majer V. Corcoran,Unknown,,INSERT,,no match found,,,Majer V. Corcoran,Unknown
39ed0be0-5efa-40eb-ae56-1d2503a5298b,A Reference Grammar of Colloquial Burmese,John Okell,,INSERT,,no match found,,,A Reference Grammar of Colloquial Burmese,John Okell
39ee50b1-e103-4d8e-a04d-53a18c8589c9,Six Sonatas for Cello and Basso Continuo,Antonio Vivaldi,,INSERT,,no match found,,,Six Sonatas for Cello and Basso Continuo,Antonio Vivaldi
39f91c13-b29b-4316-bdbf-31f7e5355f19,Plutonium-239 and Americium-241 Uptake by Plants from Soil,Kenneth Warren Brown,,INSERT,,no match found,,,Plutonium-239 and Americium-241 Uptake by Plants from Soil,Kenneth Warren Brown
39f97500-8294-4dfb-b164-1baeeda0e73b,The Histories,Herodotus,,INSERT,,no match found,,,The Histories,Herodotus
3a06823e-7c27-40ce-803d-6f036904a7c0,Unveiled Faces of Medieval Hebrew Books,Malachi Beit-Arié,,INSERT,,no match found,,,Unveiled Faces of Medieval Hebrew Books,Malachi Beit-Arié
3a0cad40-49fa-4e56-a94f-52b51d89ffe3,Les Fables de La Fontaine,Jean de La Fontaine,,INSERT,,no match found,,,Les Fables de La Fontaine,Jean de La Fontaine
3a0cae67-1373-4f72-b93e-d6188e9fff6b,Women in the Writings of Jonathan Swift,Robert Calder,,INSERT,,no match found,,,Women in the Writings of Jonathan Swift,Robert Calder
3a0ed3af-a53a-4151-98c4-3a3d8c7d1c88,The First Ten Cantos of the Inferno of Dante Alighieri,Dante Alighieri,title+author(exact),BLOCKED,,title length ratio 7.14 > 1.5; title similarity 0.618 < 0.92,Inferno,"Dante Alighieri, Tisdall",The First Ten Cantos of the Inferno of Dante Alighieri,Dante Alighieri
3a1a064c-c950-49ec-a9f7-1127addf7294,Norton Anthology of Western Music,Claude V. Palisca,,INSERT,,no match found,,,Norton Anthology of Western Music,Claude V. Palisca
3a23078c-74ba-4fa4-9657-b3323491070e,Cantos de boda judeo-españoles de Marruecos,Manuel Alvar,,INSERT,,no match found,,,Cantos de boda judeo-españoles de Marruecos,Manuel Alvar
3a276028-ee8b-46a7-9a0c-a8cf7ce57099,The Rabbi's Message,Phineas A. Weberman,,INSERT,,no match found,,,The Rabbi's Message,Phineas A. Weberman
3a3297d6-cf27-4bd5-934d-7c0c89021bf3,Tobias Knopp,Wilhelm Busch,,INSERT,,no match found,,,Tobias Knopp,Wilhelm Busch
3a36c8df-dcb9-4c04-ad75-451828246e71,"Scriptures, Sects, and Visions",Michael E. Stone,title+author(exact),UPDATE,title|author|description|publisher|year|language,,"Scriptures, Sects and Visions",Michael Stone,"Scriptures, Sects, and Visions",Michael E. Stone
3a41ec20-1059-4446-80fa-40e9a326acfb,Alexis Zorba,Nikos Kazantzakis,,INSERT,,no match found,,,Alexis Zorba,Nikos Kazantzakis
3a49edb7-f79a-423e-b543-c4fed4666a37,Gentile and Jew,Chaim Newman,,INSERT,,no match found,,,Gentile and Jew,Chaim Newman
3a4a0d03-77c3-42e5-8193-4c1d5356ef6c,Productive Thinking,Max Wertheimer,,INSERT,,no match found,,,Productive Thinking,Max Wertheimer
3a4c705f-5123-4d5a-83f3-6f55d39b2a77,Monuments of Medieval Art,Robert G. Calkins,,INSERT,,no match found,,,Monuments of Medieval Art,Robert G. Calkins
3a567201-8ff4-4d01-9076-9836dda3a941,Freethinkers of Medieval Islam,Sarah Stroumsa,,INSERT,,no match found,,,Freethinkers of Medieval Islam,Sarah Stroumsa
3a5e365c-4c8b-4c05-af30-87489f801377,Approaches to the Second Sophistic,Glen W. Bowersock,,INSERT,,no match found,,,Approaches to the Second Sophistic,Glen W. Bowersock
3a612ab3-7292-4b8f-8579-419be7cb04c2,The Sanctity of the Synagogue,Baruch Litvin,title+author(exact),UPDATE,year|language,,The Sanctity of the Synagogue,Baruch Litvin,The Sanctity of the Synagogue,Baruch Litvin
3a61aa2c-28ce-4d92-88e6-12e6f430271e,Sharpe's Fortress,Bernard Cornwell,,INSERT,,no match found,,,Sharpe's Fortress,Bernard Cornwell
3a8fd677-a32c-44c1-896b-c6d1c6cce1ec,The Athenian Assembly,Mogens Herman Hansen,,INSERT,,no match found,,,The Athenian Assembly,Mogens Herman Hansen
3aa1e2b3-bc2b-451c-95a8-e2b77f6a8de0,"Dante's Italy, and Other Essays",Charles Till Davis,,INSERT,,no match found,,,"Dante's Italy, and Other Essays",Charles Till Davis
3aacee23-350f-4aca-9540-496d3f6c8661,Deutsche Geschichte des XX. Jahrhunderts,Golo Mann,,INSERT,,no match found,,,Deutsche Geschichte des XX. Jahrhunderts,Golo Mann
3ab96e42-540a-4254-a8e0-1ecb35be5736,Sechs Suiten fü̈r Violoncello solo,Johann Sebastian Bach,,INSERT,,no match found,,,Sechs Suiten fü̈r Violoncello solo,Johann Sebastian Bach
3abac70a-7439-4ad1-a50e-f66cb612b8b2,The Professor,Charlotte Brontë,,INSERT,,no match found,,,The Professor,Charlotte Brontë
3abccf5b-8703-46f5-8809-7afb966b37bc,Key Monuments of the History of Art,Horst Woldemar Janson; Dora Jane Janson,,INSERT,,no match found,,,Key Monuments of the History of Art,Horst Woldemar Janson; Dora Jane Janson
3ac34326-3b40-44cc-b701-5ed863d10402,The Stoic and Epicurean Philosophers,Whitney Jennings Oates,,INSERT,,no match found,,,The Stoic and Epicurean Philosophers,Whitney Jennings Oates
3ac6fc58-7aa9-45f7-a2a4-b74f19dd9c55,Rights of Man,Thomas Paine,,INSERT,,no match found,,,Rights of Man,Thomas Paine
3ac977ba-2500-44f9-aff1-4d0ac5991e5b,A Child's Christmas in Wales,Dylan Thomas,,INSERT,,no match found,,,A Child's Christmas in Wales,Dylan Thomas
3acd9cd8-7408-450b-ae71-499f906b1fd0,Beethoven,Mark Evan Bonds,,INSERT,,no match found,,,Beethoven,Mark Evan Bonds
3aef976e-2c97-412e-875e-532ee82ba982,... denn ihrer war die Hölle,Inge Deutschkron,,INSERT,,no match found,,,... denn ihrer war die Hölle,Inge Deutschkron
3af873c1-e55c-4f65-b32b-9f288dcfc6ce,Athenian Democracy,Robin Osborne,,INSERT,,no match found,,,Athenian Democracy,Robin Osborne
3b076899-2189-4183-bcc6-19f80f2dca0f,Hans Huckebein,Wilhelm Busch,,INSERT,,no match found,,,Hans Huckebein,Wilhelm Busch
3b11718b-8c1f-4960-8387-93a8fc11235a,"107 Great Chess Battles, 1939-1945",Alexander Alekhine,,INSERT,,no match found,,,"107 Great Chess Battles, 1939-1945",Alexander Alekhine
3b18a67e-d7bc-4d9f-987e-e060e7d19b23,Orbis Latinus,Johann Georg Theodor Graesse; Friedrich Benedict; Helmut Plechl,,INSERT,,no match found,,,Orbis Latinus,Johann Georg Theodor Graesse; Friedrich Benedict; Helmut Plechl
3b2179d4-c57c-4652-bd7f-e24a3035ae4f,The Cambridge Companion to Peirce,Cheryl Misak,,INSERT,,no match found,,,The Cambridge Companion to Peirce,Cheryl Misak
3b23efdb-6a3b-4e96-b271-c60b740a1b9f,"May 3-6, 10, 11, 20, July19, 1965, Appendix I. 1030 p",United States. Congress. House. Select Committee on Small Business. Subcommittee on Activities of Regulatory Agencies,,INSERT,,no match found,,,"May 3-6, 10, 11, 20, July19, 1965, Appendix I. 1030 p",United States. Congress. House. Select Committee on Small Business. Subcommittee on Activities of Regulatory Agencies
3b2a528e-c2b1-4306-9ab2-8dc89db54491,Metaphysics,Richard Taylor,,INSERT,,no match found,,,Metaphysics,Richard Taylor
3b3f556f-ea30-43f0-830b-742999c1cd8a,Provizornoje Poucenije dla katholiceskich slol' no-obvodovychi nadziratelej. (Provisorische Belehrung. für die katholischen Kreisschulinspectoren.),[Anonymus AC10212114],title+author(exact),BLOCKED,,title length ratio 35.25 > 1.5; title similarity 0.551 < 0.92; author similarity 0.393 < 0.75,SLOL,whs uclawles,Provizornoje Poucenije dla katholiceskich slol' no-obvodovychi nadziratelej. (Provisorische Belehrung. für die katholischen Kreisschulinspectoren.),[Anonymus AC10212114]
3b56ee97-6f3d-4ec1-9b47-fbcccc3705f1,A History of the Hebrew Language,Edward Yechezkel Kutscher,,INSERT,,no match found,,,A History of the Hebrew Language,Edward Yechezkel Kutscher
3b57bb71-d18d-483e-804e-953e0b09e68c,Sycophancy in Athens,John Oscar Lofberg,,INSERT,,no match found,,,Sycophancy in Athens,John Oscar Lofberg
3b57e9e7-d921-4f7c-9b3c-ae9881a2c845,A Dictionary of Biomedicine,John Lackie,,INSERT,,no match found,,,A Dictionary of Biomedicine,John Lackie
3b5f40fb-a0e8-49fa-ab7d-25338c35a8ae,Great Polish-English dictionary,Jan Stanisławski,,INSERT,,no match found,,,Great Polish-English dictionary,Jan Stanisławski
3b6010f9-01a5-4a4a-ba75-f9f30182e637,"Griechische Tragoedien, übersetzt von Ulrich von Wilamowitz-Moellendorff...",Ulrich von Wilamowitz-Moellendorff,,INSERT,,no match found,,,"Griechische Tragoedien, übersetzt von Ulrich von Wilamowitz-Moellendorff...",Ulrich von Wilamowitz-Moellendorff
3b6d653a-f459-474d-a125-5ae5463874c8,Divan-e Farid,Khvajah Ghulam Farid,,INSERT,,no match found,,,Divan-e Farid,Khvajah Ghulam Farid
3b6f7970-2baf-47dd-8498-6e030e1a2241,Just and Unjust Wars,Michael Walzer,,INSERT,,no match found,,,Just and Unjust Wars,Michael Walzer
3b7b017f-c0aa-4f0c-afab-1d006106352b,The Penguin Book of Chess Openings,William Roland Hartston,,INSERT,,no match found,,,The Penguin Book of Chess Openings,William Roland Hartston
3b87ee9a-ebbd-4c48-8cdb-5f20e60a71bb,The Theology of Haham David Nieto,Jakob Josef Petuchowski,,INSERT,,no match found,,,The Theology of Haham David Nieto,Jakob Josef Petuchowski
3b9e06c7-ffb4-4613-a91a-ab4636c975cc,Mizan al-amal,Ghazzālī,title+author(exact),UPDATE,title|author|year|language,,Mizan al amal,al-Ghazzáli,Mizan al-amal,Ghazzālī
3baa5fa7-a079-4c91-947f-fe039897b2c3,Around the World in Eighty Days,Jules Verne,,INSERT,,no match found,,,Around the World in Eighty Days,Jules Verne
3badf929-4207-4ce2-bb40-04ea4a7e2d1e,The Sublime Object of Ideology,Slavoj Žižek,,INSERT,,no match found,,,The Sublime Object of Ideology,Slavoj Žižek
3bbcc762-1eb1-497d-8f7e-4c6b69a3671c,Social Conflict in Ancient Greece,Alexander Fuks,,INSERT,,no match found,,,Social Conflict in Ancient Greece,Alexander Fuks
3bd6abb6-2f10-49a7-9ff7-fac5f3b3aa35,Phoenix,Classical Association of Canada,title+author(exact),UPDATE,year|language,,Phoenix,Classical Association of Canada,Phoenix,Classical Association of Canada
3bdd139f-14ed-454f-85d1-9322caeeccb9,Socrates,Gregory Vlastos,,INSERT,,no match found,,,Socrates,Gregory Vlastos
3be12473-7984-4520-b429-e1b2e64831c0,Alcestis,Euripides,,INSERT,,no match found,,,Alcestis,Euripides
3be31e06-01b5-4150-92bb-1a179f7829e2,גירוש יהודי קלעתאיוד 1492-1500,Miguel Ángel Motis Dolader,,INSERT,,no match found,,,גירוש יהודי קלעתאיוד 1492-1500,Miguel Ángel Motis Dolader
3bebcbe9-73de-4c28-bf10-a3bbd70486b9,Robert Schumann Vocal Album,Robert Schumann,,INSERT,,no match found,,,Robert Schumann Vocal Album,Robert Schumann
3bf8a1d3-a889-445c-9af2-03e6b98d8882,Isländisches etymologisches Wörterbuch,Alexander Jóhannesson,,INSERT,,no match found,,,Isländisches etymologisches Wörterbuch,Alexander Jóhannesson
3bfcaa89-a855-47f9-8f76-11b596c10540,Modern Jewish Ethics,Marvin Fox (Ed),,INSERT,,no match found,,,Modern Jewish Ethics,Marvin Fox (Ed)
3c006bf0-7df1-49b5-81f1-d7f66c2a2e4f,Danish,H. A. Koefoed,,INSERT,,no match found,,,Danish,H. A. Koefoed
3c086966-2904-4ae3-98ed-4d055223fe7a,Phoenix,Classical Association of Canada,title+author(exact),UPDATE,year|language,,Phoenix,Classical Association of Canada,Phoenix,Classical Association of Canada
3c2bf1b8-67b0-4a26-abea-88a58b73002f,The Meaning of Prayer,Harry Emerson Fosdick,,INSERT,,no match found,,,The Meaning of Prayer,Harry Emerson Fosdick
3c3c3b94-07f2-4119-b421-864594ad8f9c,Luminal Darkness,Elliot R. Wolfson,,INSERT,,no match found,,,Luminal Darkness,Elliot R. Wolfson
3c428b55-e510-44e5-ab92-1df70f87a68d,The Pentateuch,John Barton; John Muddiman,,INSERT,,no match found,,,The Pentateuch,John Barton; John Muddiman
3c495726-a603-4741-ba33-afde9b51b17d,Persons at High Risk of Cancer,Joseph F. Fraumeni,,INSERT,,no match found,,,Persons at High Risk of Cancer,Joseph F. Fraumeni
3c4bb750-4f0a-4c8f-9d0b-e664cd1f5ce2,Hazzanic thesaurus : Sabbath,Noah Schall,,INSERT,,no match found,,,Hazzanic thesaurus : Sabbath,Noah Schall
3c4bfbb8-b9c3-42a1-a3eb-1defc6b424f3,The Old Testament Pseudepigrapha,James H. Charlesworth,,INSERT,,no match found,,,The Old Testament Pseudepigrapha,James H. Charlesworth
3c5d52a2-9a6e-4e5f-8d37-cb6bedc44b89,Tales of the Hasidim,Martin Buber,,INSERT,,no match found,,,Tales of the Hasidim,Martin Buber
3c5f74be-9adc-4a84-a33b-a6052a853657,The Oxford Book of Greek Verse,Unknown,,INSERT,,no match found,,,The Oxford Book of Greek Verse,Unknown
3c611479-2a47-4aa3-abd6-f80a02ad74fe,Nicomachean Ethics,Aristotle,title+author(exact),UPDATE,description|publisher|year|language|category_id,,Nicomachean Ethics,Aristotle,Nicomachean Ethics,Aristotle
3c671fb6-2222-4094-9621-6dc96d319237,A History of Western Philosophy,Bertrand Russell,,INSERT,,no match found,,,A History of Western Philosophy,Bertrand Russell
3c816dc0-8675-4600-aff5-9956c9a18e37,The Torah U-madda Journal,Unknown,title+author(exact),UPDATE,title|year|language,,The Torah U-Madda Journal,Unknown,The Torah U-madda Journal,Unknown
3c8ee9f1-eb23-40a1-bb6c-b217fd89d2d1,Art in Paris 1845-1862,Charles Baudelaire,,INSERT,,no match found,,,Art in Paris 1845-1862,Charles Baudelaire
3cb4b8f8-0949-4e54-aefb-baba163f89f5,Abraham Ibn Daud's Sefer Ha-qabbalah,Abraham ibn Daud (ha-Levi); Gerson David Cohen,,INSERT,,no match found,,,Abraham Ibn Daud's Sefer Ha-qabbalah,Abraham ibn Daud (ha-Levi); Gerson David Cohen
3cb93108-0b59-4f8f-821d-bdbffadd1197,Introduction to Islamic Theology and Law,Ignaz Goldziher,,INSERT,,no match found,,,Introduction to Islamic Theology and Law,Ignaz Goldziher
3cbb3cf2-94bf-49e0-a401-5768195288ac,Wittgenstein,George Pitcher,,INSERT,,no match found,,,Wittgenstein,George Pitcher
3ccfdc72-3795-420f-93be-20b4031fd44c,The Social Origins of the Modern Middle East,Haim Gerber,,INSERT,,no match found,,,The Social Origins of the Modern Middle East,Haim Gerber
3cd54a7c-5026-48f7-a092-41e64c1656a9,A History of the Jewish People in the Time of Jesus Christ,Emil Schürer,,INSERT,,no match found,,,A History of the Jewish People in the Time of Jesus Christ,Emil Schürer
3ce45800-da38-477e-8571-0cc1c256fa74,The Discourses of Niccolò Machiavelli,Niccolò Machiavelli,,INSERT,,no match found,,,The Discourses of Niccolò Machiavelli,Niccolò Machiavelli
3cf08738-8601-42ff-a41e-16c546660d7a,The Oxford spanish dictionary,Nicholas Rollin; Carol Styles Carvajal,,INSERT,,no match found,,,The Oxford spanish dictionary,Nicholas Rollin; Carol Styles Carvajal
3d1afa5f-655e-4205-9adb-b43e833f0c71,Kabbalah,Moshe Idel,,INSERT,,no match found,,,Kabbalah,Moshe Idel
3d2b86dc-6b8f-4993-9f8f-7386b257802b,Thai-English Student's Dictionary,Mary Rosamond Haas,,INSERT,,no match found,,,Thai-English Student's Dictionary,Mary Rosamond Haas
3d383e0d-2b66-44f6-a35f-c872e08f1a8c,Phoenix : the journal of the Classical Association of Canada,Classical Association of Canada,title+author(exact),BLOCKED,,title length ratio 8.29 > 1.5; title similarity 0.824 < 0.92,Phoenix,Classical Association of Canada,Phoenix : the journal of the Classical Association of Canada,Classical Association of Canada
3d41a460-c14f-4797-919b-e917fcedc44e,2 sonatas in G & C,Benedetto Marcello,,INSERT,,no match found,,,2 sonatas in G & C,Benedetto Marcello
3d489a33-59cd-4957-9bb5-f2e104738261,The Child's Conception of Physical Causality,Jean Piaget,,INSERT,,no match found,,,The Child's Conception of Physical Causality,Jean Piaget
3d48feba-f254-41c0-9bd3-249b3007d8a6,Beyond Reasonable Doubt,Louis Jacobs,,INSERT,,no match found,,,Beyond Reasonable Doubt,Louis Jacobs
3d564e24-3f94-47e3-bf3b-a068516877e7,Day by Day in Jewish History,Abraham P. Bloch,,INSERT,,no match found,,,Day by Day in Jewish History,Abraham P. Bloch
3d5c2c94-dfe9-4a19-85bb-99211bcc6465,The intelligent heart,Harry T. Moore,title+author(exact),UPDATE,title|description|year|language,,The Intelligent Heart,Harry T. Moore,The intelligent heart,Harry T. Moore
3d6a75f1-b542-41a3-a8f2-56aedf303d5c,"A World Bibliography of Bibliographies and of Bibliographical Catalogues, Calendars, Abstracts, Digests, Indexes and the Like, by Theodore Besterman... 3rd and Final Edition...",Theodore Besterman,,INSERT,,no match found,,,"A World Bibliography of Bibliographies and of Bibliographical Catalogues, Calendars, Abstracts, Digests, Indexes and the Like, by Theodore Besterman... 3rd and Final Edition...",Theodore Besterman
3d6b2084-c702-4578-afe2-79f6d4c2a36a,Colloquial Somali,Martin Orwin,,INSERT,,no match found,,,Colloquial Somali,Martin Orwin
3d6f7a02-a217-4a43-87b4-f27d3583211f,"Renaissance Humanism, Volume 1","Albert Rabil, Jr.",,INSERT,,no match found,,,"Renaissance Humanism, Volume 1","Albert Rabil, Jr."
3d70fbbc-4c64-4087-8140-1503e41a3775,History of Sparta,W. G. Forrest,,INSERT,,no match found,,,History of Sparta,W. G. Forrest
3d710489-e6bb-4d21-ac89-c3b3686f1d96,Philosophical Investigations,Ludwig Wittgenstein,,INSERT,,no match found,,,Philosophical Investigations,Ludwig Wittgenstein
3d77d589-3354-4cd7-91a9-442d3d3475a0,The Oxford Companion to English Literature,Sir Paul Harvey,,INSERT,,no match found,,,The Oxford Companion to English Literature,Sir Paul Harvey
3d791167-5def-4b79-a8c7-f583ba2756d5,Eine langweilige Geschichte,Anton Tschechow,,INSERT,,no match found,,,Eine langweilige Geschichte,Anton Tschechow
3d88fd5d-bced-4b70-8498-a2db547fc4c2,Mi Fu,Peter Charles Sturman,,INSERT,,no match found,,,Mi Fu,Peter Charles Sturman
3d96cf50-1ef3-4798-a564-14b053b5ce9a,The Jews of Moslem Spain,Eliyahu Ashtor,title+author(exact),UPDATE,publisher|year|language|category_id,,The Jews of Moslem Spain,Eliyahu Ashtor,The Jews of Moslem Spain,Eliyahu Ashtor
3d989527-4774-43d5-82e7-7aabce9262bd,Economies et sociétés en Grèce ancienne,Michel Austin; Pierre Vidal-Naquet,,INSERT,,no match found,,,Economies et sociétés en Grèce ancienne,Michel Austin; Pierre Vidal-Naquet
3d9ccf85-1492-4611-8452-af9c081a5b5b,A Dictionary of Biology,Michael Abercrombie; Clarence James Hickman; M. L. Johnson,,INSERT,,no match found,,,A Dictionary of Biology,Michael Abercrombie; Clarence James Hickman; M. L. Johnson
3daa0451-6296-4494-ab75-70a6baefa93a,Order of Service and Customs for the Synagogue and the Home,Moses Friedlander,title+author(exact),UPDATE,year|language,,Order of Service and Customs for the Synagogue and the Home,Moses Friedlander,Order of Service and Customs for the Synagogue and the Home,Moses Friedlander
3dac280d-30fa-4680-9e04-10ab84c5afbc,Reflections of Nazism,Saul Friedländer,,INSERT,,no match found,,,Reflections of Nazism,Saul Friedländer
3dae2f77-ab69-4274-a286-d93759330b95,Ellison Die,Ellison Educational Equipment,,INSERT,,no match found,,,Ellison Die,Ellison Educational Equipment
3db844d7-b9c0-469c-934f-4d80a75012a5,Orchestral Excerpts from the Symphonic Repertoire for Cello,Leonard Rose,,INSERT,,no match found,,,Orchestral Excerpts from the Symphonic Repertoire for Cello,Leonard Rose
3dbbb0a9-99d3-4c87-b54a-0e15a91b9ebb,Schir Zion,Salomon Sulzer,,INSERT,,no match found,,,Schir Zion,Salomon Sulzer
3dcb1a32-b28c-411e-89fa-cbabba0255d7,Pars Prima Sive Opera Rhetorica et Oratoria,M.T. Prima,,INSERT,,no match found,,,Pars Prima Sive Opera Rhetorica et Oratoria,M.T. Prima
3dccfdf8-42ef-46fd-9f81-d9749224b90d,Poetry and Prose of William Blake,William Blake,,INSERT,,no match found,,,Poetry and Prose of William Blake,William Blake
3ddad2a7-7289-4174-810b-6da713bd349f,The Well-Tempered City,Jonathan F. P. Rose,,INSERT,,no match found,,,The Well-Tempered City,Jonathan F. P. Rose
3defd8c9-f707-4f53-aafa-d28069976947,Introduction to Logic,Irving M. Copi,fuzzy(0.921),BLOCKED,,author similarity 0.571 < 0.75,An Introduction to Language,Victoria Fromkin; Robert Rodman,Introduction to Logic,Irving M. Copi
3df30e41-2df7-497d-af50-483939ddff57,Parco regionale Sirente-Velino,T. Taucci,title+author(exact),BLOCKED,,title length ratio 4.29 > 1.5; title similarity 0.527 < 0.92; author similarity 0.000 < 0.75,Sirente,C,Parco regionale Sirente-Velino,T. Taucci
3df40d36-f0b4-4d35-b703-904de23be2bb,Grove's Dictionary of Music and Musicians,George Grove,,INSERT,,no match found,,,Grove's Dictionary of Music and Musicians,George Grove
3df64d68-68a7-42ec-90cd-6643a91b6934,Les dieux ont soif,Anatole France,,INSERT,,no match found,,,Les dieux ont soif,Anatole France
3e050082-fa5a-4eb8-a89b-40ed768f3ea7,"Language, Truth and Logic",Alfred Jules Ayer,,INSERT,,no match found,,,"Language, Truth and Logic",Alfred Jules Ayer
3e14e811-8443-4cb4-b1fa-9a8c73096eca,Symbolic Images,E.H. Gombrich,,INSERT,,no match found,,,Symbolic Images,E.H. Gombrich
3e2727b6-a177-4309-924a-97e519188198,The Pahlavi Vendidad,Navroji Maneckji N. Kanga,,INSERT,,no match found,,,The Pahlavi Vendidad,Navroji Maneckji N. Kanga
3e2c8931-e9dd-4d0a-94f5-ed964503c9e4,The Archidamian War,Donald Kagan,,INSERT,,no match found,,,The Archidamian War,Donald Kagan
3e2e60c8-6a6e-44af-be75-e99dc81db8ed,Foucault's Pendulum,Umberto Eco,,INSERT,,no match found,,,Foucault's Pendulum,Umberto Eco
3e40f283-31ad-4190-aa36-a771e1d357b7,The Divine Comedy 1: Hell,Dante Alighieri,,INSERT,,no match found,,,The Divine Comedy 1: Hell,Dante Alighieri
3e47985d-17e8-43cc-8ba4-f55923094c68,Cathedral Reborn,Unknown,,INSERT,,no match found,,,Cathedral Reborn,Unknown
3e4c40fb-78a7-4fc1-b986-e5268d73953f,Islam,Fazlur Rahman,,INSERT,,no match found,,,Islam,Fazlur Rahman
3e528499-2f89-47e9-919b-e1402ea214ea,Klezmer Tradition in the Land of Israel: Transcriptions and Commentaries,Yaakov Mazor,,INSERT,,no match found,,,Klezmer Tradition in the Land of Israel: Transcriptions and Commentaries,Yaakov Mazor
3e57cfa1-0644-4de5-ad85-5e387d20f3e3,Blake's Dante,William Blake; Milton Klonsky,,INSERT,,no match found,,,Blake's Dante,William Blake; Milton Klonsky
3e5c4ce5-8b80-4081-9cc8-52805ece0614,Medieval Cosmology,Pierre Duhem,,INSERT,,no match found,,,Medieval Cosmology,Pierre Duhem
3e6a883c-5978-475c-9686-f5b884711408,Philosophical Theology,Frederick Robert Tennant,,INSERT,,no match found,,,Philosophical Theology,Frederick Robert Tennant
3e73aea2-0ae8-4ee2-96a4-d9038577c224,Naturalization in Athens,M. J. Osborne,,INSERT,,no match found,,,Naturalization in Athens,M. J. Osborne
3e78b608-6348-445e-86ba-2f8b70cdbe33,Economic Life in Ottoman Jerusalem,Amnon Cohen,,INSERT,,no match found,,,Economic Life in Ottoman Jerusalem,Amnon Cohen
3e78cb95-d8f0-4e30-9d1d-ce9c6e1248e1,We are where We are Not,Avriel Bar-Levav,,INSERT,,no match found,,,We are where We are Not,Avriel Bar-Levav
3ebd1bac-d313-476f-b73e-27435a6f1ca0,Key to Greek Prose Composition,A.E. Hillard; M.A. North,,INSERT,,no match found,,,Key to Greek Prose Composition,A.E. Hillard; M.A. North
3eeb1a36-1613-4b98-a2de-3fdc11d2dc30,Agamemnon,Aeschylus; Eduard Fraenkel,title+author(exact),UPDATE,year|language,,Agamemnon,Aeschylus; Eduard Fraenkel,Agamemnon,Aeschylus; Eduard Fraenkel
3efaa515-b1a3-4289-9b65-295f430da11a,Sietnem kell,Gizella Horovitz,,INSERT,,no match found,,,Sietnem kell,Gizella Horovitz
3f05efd7-81c2-455f-8400-7c69233dcb67,The Meters of Greek and Latin Poetry,James W. Halporn; Martin Ostwald; Thomas G. Rosenmeyer,,INSERT,,no match found,,,The Meters of Greek and Latin Poetry,James W. Halporn; Martin Ostwald; Thomas G. Rosenmeyer
3f178ba6-9fab-488c-83bd-2408c1b8d737,Studies in Jewish Folklore,Dov Noy,,INSERT,,no match found,,,Studies in Jewish Folklore,Dov Noy
3f1d0118-e9da-4dd9-87ea-62b1949ead60,The Library Manager's Guide to Automation,Richard W. Boss,,INSERT,,no match found,,,The Library Manager's Guide to Automation,Richard W. Boss
3f2a681e-2222-46e0-93a9-a23967e53838,A Theological Word Book of the Bible. Edited by Alan Richardson,Alan Richardson,title+author(exact),BLOCKED,,title length ratio 1.76 > 1.5; title similarity 0.913 < 0.92,Theological Word Book OF THE Bible,Alan Richardson,A Theological Word Book of the Bible. Edited by Alan Richardson,Alan Richardson
3f2e4d68-81a5-4972-b190-52650b01207c,History and Faith,Aviezer Ravitzky,,INSERT,,no match found,,,History and Faith,Aviezer Ravitzky
3f4eb8a4-8014-4f6a-80b4-59e535c35c33,The Not Quite Innocent Bystander,Edward Steuermann,,INSERT,,no match found,,,The Not Quite Innocent Bystander,Edward Steuermann
3f4f78c2-6a5f-4a0e-ba98-940347ac5576,Lonely Planet Best of Rome 2021,Lonely Planet,,INSERT,,no match found,,,Lonely Planet Best of Rome 2021,Lonely Planet
3f5b2c60-f4b6-4087-82ad-d93a96903553,A History of the American People,Nathaniel Wright Stephenson,,INSERT,,no match found,,,A History of the American People,Nathaniel Wright Stephenson
3f5fb7e2-1189-46f0-a45d-ce62e79f50c0,The Greek State,Victor Ehrenberg,,INSERT,,no match found,,,The Greek State,Victor Ehrenberg
3f623976-2a35-4e3b-b815-94ba31399f00,Understanding Jewish Mysticism: The philosophic-mystical tradition and the Hasidic tradition,David R. Blumenthal,title+author(exact),BLOCKED,,title length ratio 3.03 > 1.5; title similarity 0.866 < 0.92,Understanding Jewish Mysticism,David R. Blumenthal,Understanding Jewish Mysticism: The philosophic-mystical tradition and the Hasidic tradition,David R. Blumenthal
3f68e9a4-7e05-44e5-b79c-aa83248fa888,The Messianic Idea in Judaism,Gershom Scholem,title+author(exact),UPDATE,title|description|publisher|year|language,,THE MESSIANIC IDEA in Judaism,Gershom Scholem,The Messianic Idea in Judaism,Gershom Scholem
3f6d43aa-6e2d-48d0-84bb-eabe60c40f09,The Pre-Socratics,Alexander P.D. Mourelatos,,INSERT,,no match found,,,The Pre-Socratics,Alexander P.D. Mourelatos
3f6f2195-40db-4546-97a4-20255eff7caf,"The Metamorphoses Od Ovid, Translated by William Caxton, 1480; Complete Facsimile; 2 Volumes, Vol I, Books 1-9, the Phillipps Manuscript; Vol II, Books 10-15, the Pepys Manuscript; ND3395O8",P. Ovidius Naso,,INSERT,,no match found,,,"The Metamorphoses Od Ovid, Translated by William Caxton, 1480; Complete Facsimile; 2 Volumes, Vol I, Books 1-9, the Phillipps Manuscript; Vol II, Books 10-15, the Pepys Manuscript; ND3395O8",P. Ovidius Naso
3f7a7df7-2012-4e37-988d-f6d3961a1936,Russian masters,David Brown,,INSERT,,no match found,,,Russian masters,David Brown
3f816ee4-3323-47f6-b6f9-683a3aaeb2e2,Selected Papers in Ethiosemitic and Neo-Aramaic Linguistics,Olga Kapeliuk,,INSERT,,no match found,,,Selected Papers in Ethiosemitic and Neo-Aramaic Linguistics,Olga Kapeliuk
3f8b4e94-d23e-451d-99ed-0ae72c7c1932,The Assassins,Bernard Lewis,,INSERT,,no match found,,,The Assassins,Bernard Lewis
3f927aa4-47a8-4985-9ff3-2d08c1e3a6d6,The Oxford University and City Guide ...,"University of Oxford (Oxford, Town of). [Appendix.]",,INSERT,,no match found,,,The Oxford University and City Guide ...,"University of Oxford (Oxford, Town of). [Appendix.]"
3fa179db-fce5-4dd1-a3d3-9a86a7d3ffbb,Die Attische Politik Seit Perikles,Julius Beloch,title+author(exact),BLOCKED,,title similarity 0.800 < 0.92,Attische Politik Seit Perikles,Julius Beloch,Die Attische Politik Seit Perikles,Julius Beloch
3fafb71b-0618-416d-9b5f-21771c99797c,Hellenistic Athens,William Scott Ferguson,,INSERT,,no match found,,,Hellenistic Athens,William Scott Ferguson
3fafe9b7-e4b3-44f1-8dde-0cda5816cfaa,Die Blechtrommel,Günter Grass,title+author(exact),UPDATE,year|language,,Die Blechtrommel,Günter Grass,Die Blechtrommel,Günter Grass
3fbab6c4-af6c-44b7-9291-45b07dcaa0b8,The Legacy of Medieval Persian Sufism (1150-1500),Leonard Lewisohn,title+author(exact),UPDATE,title|description|year|language,,The Legacy of Medieval Persian Sufism,Leonard Lewisohn,The Legacy of Medieval Persian Sufism (1150-1500),Leonard Lewisohn
3fdd9f66-fef3-4adb-9c30-3f35bf195c70,Rabbinics and Research,Sidney Benjamin Hoenig,,INSERT,,no match found,,,Rabbinics and Research,Sidney Benjamin Hoenig
3fe8b7b8-ea02-405f-b0af-9e765786d03d,Sefer Ha-'ikkarim,Joseph Albo,title+author(exact),UPDATE,title|year|language,,Sefer Ha-'Ikkarim,Joseph Albo,Sefer Ha-'ikkarim,Joseph Albo
40008b73-9295-4132-aa38-9c82c4d18cb6,Basic Korean dictionary,Sang Oak Lee,,INSERT,,no match found,,,Basic Korean dictionary,Sang Oak Lee
400d441f-055c-4c1b-a995-a536fbaf70d3,Faust,Charles Gounod,,INSERT,,no match found,,,Faust,Charles Gounod
401d7b40-44e0-457b-b180-f28ae239779f,Philo of Alexandria: with an English Translation (Loeb).,FH. Colson,,INSERT,,no match found,,,Philo of Alexandria: with an English Translation (Loeb).,FH. Colson
4031ba67-a69c-448d-8694-27ccac56368d,Hymn to Apollo,Callimachus; Frederick Williams,,INSERT,,no match found,,,Hymn to Apollo,Callimachus; Frederick Williams
4057ff4f-78e7-4cde-b769-a9e93690f94c,The Romantic Generation,Charles Rosen,,INSERT,,no match found,,,The Romantic Generation,Charles Rosen
40639e99-555e-4eaf-a2ad-72d1957f27ac,The Metropolitan Museum of Art Bulletin,"Metropolitan Museum of Art New York, NY",,INSERT,,no match found,,,The Metropolitan Museum of Art Bulletin,"Metropolitan Museum of Art New York, NY"
40749404-28c9-4a80-8378-160f1c15564c,"Cambridge, as it was and as it is To-day",John Steegmann,,INSERT,,no match found,,,"Cambridge, as it was and as it is To-day",John Steegmann
40750ab6-998f-4fe4-afbf-2b72f7b0ffbf,Grammar of the Persian Language,William I Jones,,INSERT,,no match found,,,Grammar of the Persian Language,William I Jones
407cec4d-929e-4684-9f82-67786402d62a,Problèmes de la terre en Grèce ancienne,Moses I. Finley,fuzzy(0.964),BLOCKED,,author similarity 0.443 < 0.75,Problèmes de la guerre en Grèce ancienne,Jean-Pierre Vernant,Problèmes de la terre en Grèce ancienne,Moses I. Finley
4093cb7d-1985-4a9a-84a3-188bf141a4aa,Greek Science In Antiquity,Marshall Clagett,,INSERT,,no match found,,,Greek Science In Antiquity,Marshall Clagett
409c97b6-6182-442f-a2b3-14731b18ce17,Lumières sur la paracha,Rav Emmanuel Bensimon,,INSERT,,no match found,,,Lumières sur la paracha,Rav Emmanuel Bensimon
40a9b213-2992-4d19-864d-47eaee946896,Ben-Hur,Lew Wallace,,INSERT,,no match found,,,Ben-Hur,Lew Wallace
40acc35e-6cf0-44af-b2f4-ea08e888f6ce,Archaic times to the end of the Peloponnesian war,Charles W. Fornara,title+author(exact),UPDATE,title|year|language,,Archaic Times to End of the Peloponnesian War,Charles W. Fornara,Archaic times to the end of the Peloponnesian war,Charles W. Fornara
40b0e093-cc79-4e52-8b6d-fd4829ed13a2,Ancient Greece and the Near East,Richard Mansfield Haywood,,INSERT,,no match found,,,Ancient Greece and the Near East,Richard Mansfield Haywood
40b48d89-aabf-41d6-bdd1-8ce04f3e389b,The human voice in prayer and praise: a paper,James Baker (chaplain of Winchester coll.),,INSERT,,no match found,,,The human voice in prayer and praise: a paper,James Baker (chaplain of Winchester coll.)
40bcb893-bb40-41ae-adb5-f05cec5369fd,An Introduction to the Literature of the Old Testament,S. R. Driver,,INSERT,,no match found,,,An Introduction to the Literature of the Old Testament,S. R. Driver
40bd2940-1f71-43ae-a211-5aa83711e084,Geschichtenbuch,Ludwig Strauß,,INSERT,,no match found,,,Geschichtenbuch,Ludwig Strauß
40d8dbc8-a97d-4b0b-ac41-64aff5aa10f9,The Central Philosophy of Tibet,Robert A.F. Thurman,,INSERT,,no match found,,,The Central Philosophy of Tibet,Robert A.F. Thurman
40e32371-9e80-4274-8590-cca9d4f50962,Moses Mendelssohn,Moses Mendelssohn,title+author(exact),BLOCKED,,title length ratio 2.71 > 1.5; title similarity 0.874 < 0.92,Moses Mendelssohn Selections from his Writings,Moses Mendelssohn,Moses Mendelssohn,Moses Mendelssohn
40f11728-3fb6-4ba1-999c-7d9de8852dca,The Musical Tradition of the Eastern European Synagogue,Sholom Kalib,,INSERT,,no match found,,,The Musical Tradition of the Eastern European Synagogue,Sholom Kalib
40f3124e-b303-4435-a897-2fff689d4961,Xenophon And The History Of His Times,John Dillery,,INSERT,,no match found,,,Xenophon And The History Of His Times,John Dillery
410bd3d8-e322-4cac-80a4-0f0df791f095,Thucydides,W. Robert Connor,title+author(exact),UPDATE,year|language,,Thucydides,W. Robert Connor,Thucydides,W. Robert Connor
410cd645-a00e-465a-b3e6-36855464ff44,"Concerto in A Minor, Op. 102",Johannes Brahms,,INSERT,,no match found,,,"Concerto in A Minor, Op. 102",Johannes Brahms
4111b261-8a2e-4fbc-867e-b0db19fab487,Citizenship in the Western Tradition,Peter Riesenberg,,INSERT,,no match found,,,Citizenship in the Western Tradition,Peter Riesenberg
4115768d-f575-4841-b26b-4064d5d37b2c,An English Year,Nan Fairbrother,,INSERT,,no match found,,,An English Year,Nan Fairbrother
412c2d5d-adc3-4aac-97d9-884f0c9c7fec,The Euthyphro and Menexenus,Plato; C E. Graves,,INSERT,,no match found,,,The Euthyphro and Menexenus,Plato; C E. Graves
412e5799-ff4c-4b35-bf68-a15a48d17288,Botschaft,Ludwig Strauss,,INSERT,,no match found,,,Botschaft,Ludwig Strauss
41383c3c-8e80-4e7b-9225-bba8738e24d5,The War against the Jews 1933-45,Lucy Dawidowicz,,INSERT,,no match found,,,The War against the Jews 1933-45,Lucy Dawidowicz
413c9825-7f41-4afb-90e6-c0730ff6d21f,Anthologie grecque,Unknown,title+author(exact),BLOCKED,,title length ratio 2.11 > 1.5; title similarity 0.895 < 0.92,Anthologie Grecque Anthologie Palatine,Unknown,Anthologie grecque,Unknown
41558d4c-f1be-450f-b1ea-b5b2f30c3d81,The Soncino Books of the Bible,Abraham Cohen,title+author(exact),BLOCKED,,author similarity 0.687 < 0.75,The Soncino Books of the Bible,The Rev. Dr. A. Cohen,The Soncino Books of the Bible,Abraham Cohen
415f8cf0-87b4-46c9-85de-3d985141941f,Saul Lieberman and the Orthodox,Marc B. Shapiro,,INSERT,,no match found,,,Saul Lieberman and the Orthodox,Marc B. Shapiro
41722f30-9044-4707-8624-13b832d92bd1,Mind and Body,Flanders Dunbar,,INSERT,,no match found,,,Mind and Body,Flanders Dunbar
417b468c-3f37-48d7-9717-e7bb39d7f2a3,201 Chinese Verbs,Nora Ching,,INSERT,,no match found,,,201 Chinese Verbs,Nora Ching
418ac87b-8280-4f83-ad50-db3b39b2feb1,Making Mockery,Ralph Rosen,,INSERT,,no match found,,,Making Mockery,Ralph Rosen
4190c738-c346-4ca3-9473-f3fd3b3f0940,The Unbroken Chain,Neil Rosenstein,,INSERT,,no match found,,,The Unbroken Chain,Neil Rosenstein
41916dbb-929b-4cc3-9bfe-0170e6a481db,Der Großinquisitor,Fjodor Dostojewski,,INSERT,,no match found,,,Der Großinquisitor,Fjodor Dostojewski
4195589d-9411-43d2-80ff-c9ca52c80e60,A Commentary on Derech Erez Zuta,Daniel Sperber,,INSERT,,no match found,,,A Commentary on Derech Erez Zuta,Daniel Sperber
41a7e5b6-f6dd-44c3-9a12-70b962b948ce,Centuries of Childhood,Philippe Aries,,INSERT,,no match found,,,Centuries of Childhood,Philippe Aries
41ab9769-c64f-4c66-9625-b12413b4c8fd,Appian's Roman History,Appian,,INSERT,,no match found,,,Appian's Roman History,Appian
41b059f7-2319-4fb9-8ee1-c7059219d235,L'Hôtel de Sully,Evelyne Saint-Paul,,INSERT,,no match found,,,L'Hôtel de Sully,Evelyne Saint-Paul
41b92667-e637-4bd5-a1a6-de97d4ad0f31,Oxford,"Christine Zwart, Francis Machin",,INSERT,,no match found,,,Oxford,"Christine Zwart, Francis Machin"
41c09e4d-d082-4e0c-9347-5e8a36d58d9d,The Histories,Polybius,,INSERT,,no match found,,,The Histories,Polybius
41c159e0-103e-46e2-a399-44982bf88904,Beyond PD-1: novel checkpoint receptors and ligands as targets for immunotherapy,Jesse Haramati; Dallas Flies; Fabiola Solorzano Ibarra,,INSERT,,no match found,,,Beyond PD-1: novel checkpoint receptors and ligands as targets for immunotherapy,Jesse Haramati; Dallas Flies; Fabiola Solorzano Ibarra
41c4bc10-ec63-42d3-9f9d-6d36686045e6,The Unbroken Chain,Dovid Sapirman,,INSERT,,no match found,,,The Unbroken Chain,Dovid Sapirman
41cc1371-7d4f-4119-b1f4-4a99bbcf9799,Yoga-Tantra and Sensuousness in Art,Teja Nārāyaṇa Miśra,,INSERT,,no match found,,,Yoga-Tantra and Sensuousness in Art,Teja Nārāyaṇa Miśra
41d07a7e-c114-48c4-84f5-7fc0bf46e2f1,The Phoenix Project,Gene Kim; Kevin Behr; George Spafford,title+author(exact),BLOCKED,,title length ratio 2.14 > 1.5; title similarity 0.893 < 0.92,The Phoenix,Unknown,The Phoenix Project,Gene Kim; Kevin Behr; George Spafford
41d0c488-b99a-417b-9951-78b3de86c4e3,Les arts et les dieux,Alain,,INSERT,,no match found,,,Les arts et les dieux,Alain
41df3b8f-bfbf-410e-8d15-1354a959c30a,A Derrida Reader,Jacques Derrida,,INSERT,,no match found,,,A Derrida Reader,Jacques Derrida
4233ba0c-f64d-411b-ac25-c454a12d76be,Peirce's Philosophy of Science,Nicholas Rescher,,INSERT,,no match found,,,Peirce's Philosophy of Science,Nicholas Rescher
423b10bf-e1bf-4e65-8d32-5c63d44246e1,Happy Days,Samuel Beckett,,INSERT,,no match found,,,Happy Days,Samuel Beckett
424b2c8e-88d8-4367-a53a-30a06b9d0ce1,A Companion to Philosophy of Religion,Charles Taliaferro; Paul Draper; Philip L. Quinn,,INSERT,,no match found,,,A Companion to Philosophy of Religion,Charles Taliaferro; Paul Draper; Philip L. Quinn
42520637-faa2-4b06-bab4-c292b6652fef,Nomima: Recueil d'inscriptions politiques et juridiques de l'archaïsme grec,Henri van Effenterre,,INSERT,,no match found,,,Nomima: Recueil d'inscriptions politiques et juridiques de l'archaïsme grec,Henri van Effenterre
4262de49-5a38-43b2-a83d-245e85a160fb,The Archer-Shees Against the Admiralty,Rodney M. Bennett,,INSERT,,no match found,,,The Archer-Shees Against the Admiralty,Rodney M. Bennett
426f8f88-8529-4ad5-b3e4-603e4af5e227,Barriers,Noam Chomsky,,INSERT,,no match found,,,Barriers,Noam Chomsky
4278a80c-1d2c-45fa-8339-76f1876a0f67,Beyond Schenkerism,Eugene Narmour,,INSERT,,no match found,,,Beyond Schenkerism,Eugene Narmour
427c0ef2-0695-4f27-b099-fc79696b7cf2,The Papers of the Bibliographical Society of America,Bibliographical Society of America,title+author(exact),BLOCKED,,author similarity 0.562 < 0.75,The Papers of the Bibliographical Society of America,"K. I. D. Maslen, John Lancaster, Richard B. Kielbowicz, James P. Hammersmith",The Papers of the Bibliographical Society of America,Bibliographical Society of America
428900a5-c0b8-42c1-aed8-f8363d636a09,Introduction to Classical Field Theory,Jarrett L Lancaster,,INSERT,,no match found,,,Introduction to Classical Field Theory,Jarrett L Lancaster
42907a31-e31f-44eb-a303-4dbb922aaa01,"A History of Sicily: Modern Sicily, after 1713",Denis Mack Smith,,INSERT,,no match found,,,"A History of Sicily: Modern Sicily, after 1713",Denis Mack Smith
42a460c3-bcc2-48f6-bbd3-8232b483d9b0,"Proofs for Eternity, Creation, and the Existence of God in Medieval Islamic and Jewish Philosophy",Herbert Alan Davidson,,INSERT,,no match found,,,"Proofs for Eternity, Creation, and the Existence of God in Medieval Islamic and Jewish Philosophy",Herbert Alan Davidson
42b243a4-6d00-4f49-99c6-20139b419347,The Jews of Silence,Elie Wiesel,,INSERT,,no match found,,,The Jews of Silence,Elie Wiesel
42bd9c3d-f87e-48c7-b078-a5ed6e38fec5,"A World Bibliography of Bibliographies and of Bibliographical Catalogues, Calendars, Abstracts, Digests, Indexes and the Like, by Theodore Besterman... 3rd and Final Edition...",Theodore Besterman,,INSERT,,no match found,,,"A World Bibliography of Bibliographies and of Bibliographical Catalogues, Calendars, Abstracts, Digests, Indexes and the Like, by Theodore Besterman... 3rd and Final Edition...",Theodore Besterman
42c0cfc7-e596-4524-81da-0e855b0c0d3d,The Historical Prologue of the Hittite Vassal Treaties,Amnon Altman,,INSERT,,no match found,,,The Historical Prologue of the Hittite Vassal Treaties,Amnon Altman
42c6ac06-5360-40a6-9a78-b9eb5c5aa0f9,Karaite Anthology,Leon Nemoy,,INSERT,,no match found,,,Karaite Anthology,Leon Nemoy
42c95f56-eb69-4a3b-9a37-ade0a51a035c,Flowers of Perhaps,Rachel,,INSERT,,no match found,,,Flowers of Perhaps,Rachel
42d948dc-5c6d-4481-b549-2adc2e6f9911,"The Correspondence, 1",John Lothrop Motley,,INSERT,,no match found,,,"The Correspondence, 1",John Lothrop Motley
42df7635-dfaa-4314-8fc1-3421d47b07a8,Islam,Annemarie Schimmel,,INSERT,,no match found,,,Islam,Annemarie Schimmel
42ec825b-1ddd-4dd8-9435-a295f505669f,Guide to Reference Books,Constance Mabel Winchell,,INSERT,,no match found,,,Guide to Reference Books,Constance Mabel Winchell
42ed256b-963e-42c8-b602-d142b4993b0e,CliffsQuickReview Psychology,Theo Sonderegger,,INSERT,,no match found,,,CliffsQuickReview Psychology,Theo Sonderegger
42ed93d5-1087-4db6-bfa6-0dcf84dc06db,"The History of Waukesha County, Wisconsin, Containing an Account of Its Settlement, Growth, Development, and Resources ...",Unknown,,INSERT,,no match found,,,"The History of Waukesha County, Wisconsin, Containing an Account of Its Settlement, Growth, Development, and Resources ...",Unknown
42f9fc9f-d029-4a22-8f2d-02a24c71afbd,The Prophets,Abraham J. Heschel,,INSERT,,no match found,,,The Prophets,Abraham J. Heschel
43053864-8f29-49d8-aa3b-53b410456f4b,The Papers of the Bibliographical Society of America,Bibliographical Society of America,fuzzy(1.000),BLOCKED,,author similarity 0.548 < 0.75,The PAPERS of the BIBLIOGRAPHICAL SOCIETY of AMERICA,"RICHARD KNOWLES, MARCUS A. McCORISON, ALAN R. YOUNG, SYDNEY J. SHEP",The Papers of the Bibliographical Society of America,Bibliographical Society of America
4305a73c-9a85-49d7-b528-8ee16b7b4318,Amharic-English dictionary,Thomas Leiper Kane,,INSERT,,no match found,,,Amharic-English dictionary,Thomas Leiper Kane
43096f20-5e11-4e66-a609-d7d593fe7667,A History of Jewish Literature: Hasidism and enlightenment (1780-1820),Israel Zinberg,,INSERT,,no match found,,,A History of Jewish Literature: Hasidism and enlightenment (1780-1820),Israel Zinberg
432d8e23-a585-4c36-bab3-704ee211d4a7,The Penguin Atlas of World History,Hermann Kinder; Werner Hilgemann,,INSERT,,no match found,,,The Penguin Atlas of World History,Hermann Kinder; Werner Hilgemann
4331bef5-bd78-424a-b46d-8dae0af1b456,George Grote,Alexander Bain,,INSERT,,no match found,,,George Grote,Alexander Bain
43361f95-80cc-4463-992e-381b767f0e28,Hebrew Manuscript Painting,David Goldstein,,INSERT,,no match found,,,Hebrew Manuscript Painting,David Goldstein
4340bb2d-9233-430a-8cf4-9dc275c519ca,The Woman in White,Wilkie Collins,title+author(exact),UPDATE,description|publisher|year|language,,The Woman in White,Wilkie Collins,The Woman in White,Wilkie Collins
4356c53a-e991-4ac5-ae8e-00e7ac1b6348,The Sufis,Idries Shah,,INSERT,,no match found,,,The Sufis,Idries Shah
436172ad-6296-4125-995b-e217247a3ef2,The Phoenix,Unknown,title+author(exact),UPDATE,year|language,,The Phoenix,Unknown,The Phoenix,Unknown
436a07fa-1430-4f47-a628-dd605ec1bfb5,Synagogues of New York City,Oscar Israelowitz,,INSERT,,no match found,,,Synagogues of New York City,Oscar Israelowitz
438c33e8-1376-4b0a-9ae7-f1da2dc00747,Larousse Encyclopedia of Astronomy,Lucien Rudaux; Gérard de Vaucouleurs,,INSERT,,no match found,,,Larousse Encyclopedia of Astronomy,Lucien Rudaux; Gérard de Vaucouleurs
43956d0b-499c-4a06-8d97-cec8143f60d7,The Damascus Document Reconsidered,Magen Broshi,,INSERT,,no match found,,,The Damascus Document Reconsidered,Magen Broshi
43a55b89-48cc-4fa0-84dc-4ca32efaf1e4,A Mediterranean Society,S. D. Goitein,title+author(exact),BLOCKED,,title length ratio 5.33 > 1.5; title similarity 0.838 < 0.92,A Mediterranean Society: The Jewish Communities of the Arab World as Portrayed in the Documents of the Cairo Geniza,S. D. Goitein,A Mediterranean Society,S. D. Goitein
43a80dfd-54fa-4bab-8c7d-7a7514e6eff7,The Jews in Cordoba (X-XII Centuries),Antonio Piñero Sáenz,,INSERT,,no match found,,,The Jews in Cordoba (X-XII Centuries),Antonio Piñero Sáenz
43b8e4a9-fcce-4e5b-829c-d760c65a059a,"Roman Palestine, 200-400",Daniel Sperber,,INSERT,,no match found,,,"Roman Palestine, 200-400",Daniel Sperber
43cae2e9-666b-4cf8-8db7-2d4e599b933c,Harmony in Its Systemic and Phenomenological Aspects,Yizhak Sadai,,INSERT,,no match found,,,Harmony in Its Systemic and Phenomenological Aspects,Yizhak Sadai
43ceede8-0fb3-4a99-9f91-4b780465b726,The Diaries of Franz Kafka 1910-1913,Franz Kafka,,INSERT,,no match found,,,The Diaries of Franz Kafka 1910-1913,Franz Kafka
43ec53bb-1e22-4bf6-8f9d-15a4c9b7d943,"Year Book, 2000-2001",Breckland District Council,title+author(exact),BLOCKED,,author similarity 0.533 < 0.75,YEAR BOOK 2000-2001,H.T NACHBILL,"Year Book, 2000-2001",Breckland District Council
43f225ad-e708-43f6-a97f-7d87d87d6f71,What is Life?,Erwin Schrödinger,,INSERT,,no match found,,,What is Life?,Erwin Schrödinger
43f5b449-c194-45a2-a5e4-8db871b6fd60,American Academy of Arts and Sciences,American Academy of Arts and Sciences,title+author(exact),UPDATE,title|author|year|language,,American Academy of Arts and Sciences Records,Unknown,American Academy of Arts and Sciences,American Academy of Arts and Sciences
4402611a-09d0-46a7-8d3f-8da3ac1cedde,Geoffrey Fletcher's London,Geoffrey S. Fletcher,,INSERT,,no match found,,,Geoffrey Fletcher's London,Geoffrey S. Fletcher
4414d65a-d5dc-4f35-a59c-8f1c6ac4a72b,Iliad. Books I-XII. ...,Homer,title+author(exact),BLOCKED,,author similarity 0.541 < 0.75,"Iliad, Books I-XII",D. B. Monro,Iliad. Books I-XII. ...,Homer
44177015-a5f6-4470-8d10-0924d705d9f1,An Introduction to Modern Jewish Philosophy,Norbert M. Samuelson,,INSERT,,no match found,,,An Introduction to Modern Jewish Philosophy,Norbert M. Samuelson
44184aff-6da3-4077-9f8d-0c89bf1e5127,"40 Melodic and Progressive Etudes, Op. 31 - Book 1",Sebastian Lee,,INSERT,,no match found,,,"40 Melodic and Progressive Etudes, Op. 31 - Book 1",Sebastian Lee
4427ea88-efc7-4817-ab90-f5cc8f60bf2c,Exodus And Revolution,Michael Walzer,,INSERT,,no match found,,,Exodus And Revolution,Michael Walzer
44292f52-1c95-4d5b-9ba3-de0703a54e95,Drawings by Tintoretto,Tintoretto; Giuseppe Delogu,,INSERT,,no match found,,,Drawings by Tintoretto,Tintoretto; Giuseppe Delogu
44296f52-7bf8-4f37-80f3-b193bc03158d,The Ancient City of Athens,Ida Thallon Hill,title+author(exact),UPDATE,description|publisher|year|language|category_id,,The Ancient City of Athens,Ida Thallon Hill,The Ancient City of Athens,Ida Thallon Hill
442d88da-9f63-4c26-b5cc-93f076013ea0,The Midrash Says,Moshe Weissman,,INSERT,,no match found,,,The Midrash Says,Moshe Weissman
4439f265-3e48-4e08-ba66-0082f0db266a,American journal of ancient history,Unknown,,INSERT,,no match found,,,American journal of ancient history,Unknown
4440ceb3-d3dc-413a-9da9-92b0bf21d38c,The Judeo-Christian Tradition and the U.S. Constitution,Unknown,,INSERT,,no match found,,,The Judeo-Christian Tradition and the U.S. Constitution,Unknown
44415e2f-81ec-4d18-b22b-ea382bd1f193,Byzantine Art in the Making,Ernst Kitzinger,,INSERT,,no match found,,,Byzantine Art in the Making,Ernst Kitzinger
4448373b-9af6-4f3a-93a1-f6f82047357b,Sparta and Lakonia,Paul Cartledge,,INSERT,,no match found,,,Sparta and Lakonia,Paul Cartledge
444d58e9-5f9e-4a5e-b14e-911b473c6b6b,The Nineteen Letters,Samson Raphael Hirsch; Joseph Elias,,INSERT,,no match found,,,The Nineteen Letters,Samson Raphael Hirsch; Joseph Elias
446b4ff4-d916-4336-8aac-edfcc8892096,The Magic Mountain,Thomas Mann,title+author(exact),UPDATE,description|publisher|year|language,,The Magic Mountain,Thomas Mann,The Magic Mountain,Thomas Mann
447198fd-5720-417f-a3cc-19bc3e8e0699,Major Barbara,Bernard Shaw,,INSERT,,no match found,,,Major Barbara,Bernard Shaw
44748103-6f6f-4489-8dfb-886c5bc94681,The Problem Plays of Shakespeare,Ernest Schanzer,,INSERT,,no match found,,,The Problem Plays of Shakespeare,Ernest Schanzer
447c9a30-dd09-4d69-8b75-58c896a917ca,"Swahili-English, English-Swahili Dictionary",Nicholas Awde,title+author(exact),UPDATE,title|description|year|language,,Swahili-English/English-Swahili Dictionary,Nicholas Awde,"Swahili-English, English-Swahili Dictionary",Nicholas Awde
447edaee-b9e4-43b6-83f6-ce4a1f21d308,The New Encyclopedia Britannica,Unknown,title+author(exact),UPDATE,year|language,,The New Encyclopedia Britannica,Unknown,The New Encyclopedia Britannica,Unknown
4481d955-5801-4fa5-bad3-010f28f330a0,"The Association of American Library Schools, 1915-1968",Donald G. Davis,title+author(exact),UPDATE,title|author|publisher|year|language,,"The Association of American Library Schools, 1915-1968: An Analytical History","Donald Gordon Davis, Jr.","The Association of American Library Schools, 1915-1968",Donald G. Davis
4491fa8c-7d53-448c-a3b6-17815a3b1469,ALA-LC Romanization Tables,Library of Congress; American Library Association,,INSERT,,no match found,,,ALA-LC Romanization Tables,Library of Congress; American Library Association
4496148a-b33e-4d33-a603-13d215e5432a,The Birth of Civilization in the Near East,Henri Frankfort,,INSERT,,no match found,,,The Birth of Civilization in the Near East,Henri Frankfort
44974fe9-0e54-44e5-b8d5-4368fb1bb3dd,La démocratie athénienne,Paul Cloché,,INSERT,,no match found,,,La démocratie athénienne,Paul Cloché
4497a288-a9ac-4485-8c15-ed15314d5e91,"Utilitarianism, Liberty, and Representative Government",John Stuart Mill,,INSERT,,no match found,,,"Utilitarianism, Liberty, and Representative Government",John Stuart Mill
449cf804-2bd2-469f-b8cd-c9c97c028ab3,Statistical Methods for the Information Professional,Liwen Vaughan,,INSERT,,no match found,,,Statistical Methods for the Information Professional,Liwen Vaughan
44a4f1df-e2a7-4e03-92aa-7a4b917dead1,Nicomachean Ethics,Aristotle,title+author(exact),UPDATE,description|publisher|year|language|category_id,,Nicomachean Ethics,Aristotle,Nicomachean Ethics,Aristotle
44a7b85b-c5e5-4267-a957-0f42d4b463a3,Supplement to Uzbek Textbook,Khaĭrulla Ismatullaev,,INSERT,,no match found,,,Supplement to Uzbek Textbook,Khaĭrulla Ismatullaev
44baae70-6cb0-43d8-8f4d-c3bbdcccd5e4,Acharnians,Aristophanes,title+author(exact),UPDATE,publisher|year|language,,Acharnians,Aristophanes,Acharnians,Aristophanes
44c0b17e-e666-409e-a06c-e7eefac2033d,Handbook of Medical Library Practice,Medical Library Association (U.S.); J. Doe; M. L. Marshall,fuzzy(1.000),UPDATE,title|author|year|language,,Handbook of MEDICAL LIBRARY PRACTICE,Unknown,Handbook of Medical Library Practice,Medical Library Association (U.S.); J. Doe; M. L. Marshall
44c3f4d6-7d4e-4ebf-8b36-d24e43d3be68,Variations,Peter Tchaikovsky,,INSERT,,no match found,,,Variations,Peter Tchaikovsky
44e306c5-5c8f-4e8d-87cc-c98ea5c64e81,History of the Persian Empire,A. T. Olmstead,,INSERT,,no match found,,,History of the Persian Empire,A. T. Olmstead
44e3e30c-4c27-43a1-b4f4-af03e54e59ec,Amharic-English dictionary,Thomas Leiper Kane,,INSERT,,no match found,,,Amharic-English dictionary,Thomas Leiper Kane
44e78a0e-28bf-49ce-89f5-4966218c7cc9,Dialogical Philosophy from Kierkegaard to Buber,Shmuel Hugo Bergman,title+author(exact),UPDATE,title|description|publisher|year|language|category_id,,Dialogical Philosophy From Kierkegaard to Buber,Shmuel Hugo Bergman,Dialogical Philosophy from Kierkegaard to Buber,Shmuel Hugo Bergman
44f71bc6-d082-465c-a6e7-570bd55fa814,Theogony,Hesiod,,INSERT,,no match found,,,Theogony,Hesiod
44ff8073-bf3e-439f-b9ae-e560c9ec7ebb,The Prints of Lucas Van Leyden & His Contemporaries,Ellen S. Jacobowitz; Stephanie Loeb Stepanek; National Gallery of Art (U.S.),,INSERT,,no match found,,,The Prints of Lucas Van Leyden & His Contemporaries,Ellen S. Jacobowitz; Stephanie Loeb Stepanek; National Gallery of Art (U.S.)
45047b1f-e05f-4ff7-a647-cd617fd5a3e4,A History of the Ancient World,M. Rostovtzeff,title+author(exact),UPDATE,year|language,,A History of the Ancient World,M. Rostovtzeff,A History of the Ancient World,M. Rostovtzeff
451a0282-a873-4ec7-8d94-0cf349442852,The Symposium of Plato,R. G. Bury,title+author(exact),UPDATE,description|publisher|year|language|category_id,,The Symposium of Plato,R. G. Bury,The Symposium of Plato,R. G. Bury
451e78ab-e239-4ac0-bb56-d180401bdf3d,The Jewish World,Elie Kedourie,,INSERT,,no match found,,,The Jewish World,Elie Kedourie
45251275-8c5a-4df3-af5e-3bf0bfad3fd5,The Journals of André Gide,André Gide,,INSERT,,no match found,,,The Journals of André Gide,André Gide
453425fd-6270-4f26-908c-bcaac79c87e7,"Music Cultures of the Pacific, the Near East, and Asia",William P. Malm,,INSERT,,no match found,,,"Music Cultures of the Pacific, the Near East, and Asia",William P. Malm
45368413-ebbe-49f2-9651-1ef6cb965bfd,The Jewish Quarterly Review,Naftali Hirts Ṭur-Sinai,,INSERT,,no match found,,,The Jewish Quarterly Review,Naftali Hirts Ṭur-Sinai
4536a968-5d1d-4d60-949a-f5a41b675cbe,The Cambridge Companion to Husserl,Barry Smith; David Woodruff Smith,,INSERT,,no match found,,,The Cambridge Companion to Husserl,Barry Smith; David Woodruff Smith
4549ba78-dd6c-4730-87b0-41aeac9d4155,The Unmarried Mother in Our Society,Sara Boudin Edlin,title+author(exact),UPDATE,author|year|language,,The Unmarried Mother in Our Society,Sara B. Edlin,The Unmarried Mother in Our Society,Sara Boudin Edlin
4555f432-60f0-43fa-9bef-d9f29663bb4e,The Jews of Islam,Bernard Lewis,,INSERT,,no match found,,,The Jews of Islam,Bernard Lewis
455fba65-cc7d-43fb-9bc9-a872bf88f43e,Too Late The Phalarope,Alan Paton,,INSERT,,no match found,,,Too Late The Phalarope,Alan Paton
456ac16e-0490-4205-bde1-c34ae7b4ae32,The Historical Method of Herodotus,Donald Lateiner,,INSERT,,no match found,,,The Historical Method of Herodotus,Donald Lateiner
457d96ba-767d-4f7d-899b-7303f416019b,Julchen,Wilhelm Busch,,INSERT,,no match found,,,Julchen,Wilhelm Busch
4586721d-f87c-4f9b-b35e-4a284fc0b724,Bar Mitzvah & Tefillin Secrets,David Meisels,,INSERT,,no match found,,,Bar Mitzvah & Tefillin Secrets,David Meisels
45915170-42ed-4292-af91-0d25ccc1dfb5,The Fifth Son,Elie Wiesel,,INSERT,,no match found,,,The Fifth Son,Elie Wiesel
45925fbe-2c97-40d3-8a78-027408097221,The Philosophy of History,Georg Wilhelm Friedrich Hegel; Charles Hegel; James Sibree; C. J. Friedrich,,INSERT,,no match found,,,The Philosophy of History,Georg Wilhelm Friedrich Hegel; Charles Hegel; James Sibree; C. J. Friedrich
459b8d0e-3b14-4c57-be74-b7301d99d76f,The Human Condition,Hannah Arendt,title+author(exact),UPDATE,description|publisher|year|language|category_id,,The Human Condition,Hannah Arendt,The Human Condition,Hannah Arendt
459eb333-23db-45a6-8b15-08fbfece1b52,Three Archaic Poets,Anne Pippin Burnett,,INSERT,,no match found,,,Three Archaic Poets,Anne Pippin Burnett
45ae9507-8cb3-4aae-9cdf-f29ee3e5ac40,Language and Politics,Fred Reinhard Dallmayr,title+author(exact),UPDATE,author|year|language,,Language and Politics,Fred Dallmayr,Language and Politics,Fred Reinhard Dallmayr
45d8fac2-f414-4862-9db7-e8065e5dfe31,Demosthenis Orationes,S. H. Butcher,,INSERT,,no match found,,,Demosthenis Orationes,S. H. Butcher
45dc750f-02d5-43d0-aeb0-38d9b1781b15,Jane Eyre,Charlotte Brontë,,INSERT,,no match found,,,Jane Eyre,Charlotte Brontë
45f091b8-6a51-43c4-a31f-087b1749d872,A History of Greek Literature,Moses Hadas,,INSERT,,no match found,,,A History of Greek Literature,Moses Hadas
45fbae2e-94cb-4625-ba80-a54b55d16e1f,The New Simonides,Deborah Boedeker; David Sider,,INSERT,,no match found,,,The New Simonides,Deborah Boedeker; David Sider
460cdf07-403c-4fa5-a7de-aa6f862bfef1,Kabbalah,Shahar Arzy; Moshe Idel,,INSERT,,no match found,,,Kabbalah,Shahar Arzy; Moshe Idel
461abd36-d897-4a5b-9b59-377f88ce4b84,"The Works Of Lord Byron, Letters and Journals, Vol 1",Lord Byron,,INSERT,,no match found,,,"The Works Of Lord Byron, Letters and Journals, Vol 1",Lord Byron
462a6598-b5d9-45b7-9081-c94f0d4951fe,The Oxford history of the classical world,John Boardman,,INSERT,,no match found,,,The Oxford history of the classical world,John Boardman
46353f7c-78ba-47af-af08-aa3664726f32,Statistics: an Introductory Analysis,Taro Yamane,,INSERT,,no match found,,,Statistics: an Introductory Analysis,Taro Yamane
46481ddf-4eec-4d16-afcf-43261f97f552,Freedom,Orlando Patterson,,INSERT,,no match found,,,Freedom,Orlando Patterson
464b17b5-c1ec-4667-9a20-787d1b280e98,The Apocrypha and Pseudepigrapha of the Old Testament in English,R. H. Charles,,INSERT,,no match found,,,The Apocrypha and Pseudepigrapha of the Old Testament in English,R. H. Charles
464f78a9-cc7a-446c-9b70-e785cc386f04,Handbuch der israelitischen Geschichte von der Zeit des Bibel-Abschlusses bis zur Gegenwart,Meyer Kayserling,,INSERT,,no match found,,,Handbuch der israelitischen Geschichte von der Zeit des Bibel-Abschlusses bis zur Gegenwart,Meyer Kayserling
4652a967-5254-4b58-a4db-b538b9d61fd5,"Ex-voto de bois, de pierre et de bronze du sanctuaire des sources de la Seine",R. Martin,,INSERT,,no match found,,,"Ex-voto de bois, de pierre et de bronze du sanctuaire des sources de la Seine",R. Martin
46531f86-0a9e-4c21-9397-7124286b3ffc,Shangri-La,Michael Buckley,,INSERT,,no match found,,,Shangri-La,Michael Buckley
465540ad-773a-4538-986e-b4ff59c5c94b,Kalendarz żydowski - almanach 1991-1992,Michał Friedman; Zwjązek religijny wyznania Mojżeszowego (Warszawa),,INSERT,,no match found,,,Kalendarz żydowski - almanach 1991-1992,Michał Friedman; Zwjązek religijny wyznania Mojżeszowego (Warszawa)
465be4e0-548d-4190-b4b5-6b0fd45a1888,The Rime of the Ancient Mariner,Samuel Taylor Coleridge,,INSERT,,no match found,,,The Rime of the Ancient Mariner,Samuel Taylor Coleridge
46606b65-4812-4c91-a19e-34dfcad79482,Nubes,Aristophanes,title+author(exact),UPDATE,title|author|year|language,,NUBES,ARISTOPHANIS,Nubes,Aristophanes
4667ffbd-9e0a-45a3-bac2-dcdfd424c681,Pictures Of Fidelman,Bernard Malamud,,INSERT,,no match found,,,Pictures Of Fidelman,Bernard Malamud
4675be88-5dcb-4ea7-ab7d-24580ca31dec,The Concept of Law,H. L. A. Hart,,INSERT,,no match found,,,The Concept of Law,H. L. A. Hart
467a6007-0182-42c0-b8e2-109ae4641eb8,The Faith of Israel,Albert H. Friedlander,,INSERT,,no match found,,,The Faith of Israel,Albert H. Friedlander
467babde-07ac-42cb-ae77-e046e47b13d7,Sefer she'elot uteshuvot Hazon Nahum 'orah hayim ve-yoreh déah,Nachum Wejdenfeld,,INSERT,,no match found,,,Sefer she'elot uteshuvot Hazon Nahum 'orah hayim ve-yoreh déah,Nachum Wejdenfeld
467d64b1-493e-4592-869d-82f297ee631a,Tristes tropiques,Claude Lévi-Strauss,,INSERT,,no match found,,,Tristes tropiques,Claude Lévi-Strauss
467e8206-e8c1-461d-8493-62644bfe0c56,Consulare imperium,Adalberto Giovannini,,INSERT,,no match found,,,Consulare imperium,Adalberto Giovannini
468a61f3-81a3-4e3f-bfb0-52b8fba2f85e,The Book And The Sword,David Weiss Halivni,title+author(exact),UPDATE,title|description|publisher|year|language,,The Book and the Sword,David Weiss Halivni,The Book And The Sword,David Weiss Halivni
4691ac67-9fb0-403b-afe8-4711bcec8bd1,From the Ends of the Earth,Martin Gilbert,,INSERT,,no match found,,,From the Ends of the Earth,Martin Gilbert
46a36d69-cad1-4214-9834-ae10ec908b92,The Islḿic World,William Hardy McNeill,,INSERT,,no match found,,,The Islḿic World,William Hardy McNeill
46a9e971-6be7-41d9-a0cb-1ba70e5ecce0,Judaica Reference Sources,Charles Cutter; Micha Falk Oppenheim,title+author(exact),UPDATE,author|description|publisher|year|language,,Judaica Reference Sources,"Charles Cutter, Micha Falk Oppenheim",Judaica Reference Sources,Charles Cutter; Micha Falk Oppenheim
46b8a6ea-cb14-4ef3-b691-1d74da10de9b,Scriptorum Classicorum Bibliotheca Oxoniensis,Unknown,title+author(exact),UPDATE,title|year|language,,SCRIPTORUM CLASSICORUM BIBLIOTHECA OXONIENSIS,Unknown,Scriptorum Classicorum Bibliotheca Oxoniensis,Unknown
46cc7014-2f3e-4605-877a-33b69b79c899,Amulets and Superstitions,E. A. Wallis Budge,,INSERT,,no match found,,,Amulets and Superstitions,E. A. Wallis Budge
46d7332f-2781-4384-955c-ac153ed16316,Basileus,Robert Drews,,INSERT,,no match found,,,Basileus,Robert Drews
46ee9efd-77f2-4233-ab06-510d5af964d4,Transients in Linear Systems,Murray F. Gardner,,INSERT,,no match found,,,Transients in Linear Systems,Murray F. Gardner
46f28f0a-f6a7-459a-8456-34daf6240586,The Archaeology of Greece,William R. Biers,,INSERT,,no match found,,,The Archaeology of Greece,William R. Biers
46f5b7d2-379b-4823-bf07-a46e6c9f4e4c,Jewish Heritage Travel,Ruth Ellen Gruber,,INSERT,,no match found,,,Jewish Heritage Travel,Ruth Ellen Gruber
46f73019-72fc-410a-897a-696c761a4fa9,Gesammelte Schriften,Samson Raphael Hirsch,,INSERT,,no match found,,,Gesammelte Schriften,Samson Raphael Hirsch
47056f7c-9d91-4f17-91f6-8fff61d950e0,The ancient Greeks,John V. A. Fine,,INSERT,,no match found,,,The ancient Greeks,John V. A. Fine
47078a3b-9b06-4b17-ac74-9bbbc98d5e81,Mannerism and Anti-mannerism in Italian Painting,Walter Friedlaender,,INSERT,,no match found,,,Mannerism and Anti-mannerism in Italian Painting,Walter Friedlaender
4711be93-ab05-4e08-b9c4-b15ae63a7e4a,Socrates Arabus,Ilai Alon,,INSERT,,no match found,,,Socrates Arabus,Ilai Alon
4713165a-9bd1-4717-97ed-4fa694e23aa0,The Catcher in the Rye,J. D. Salinger,,INSERT,,no match found,,,The Catcher in the Rye,J. D. Salinger
472a731f-73b0-4f09-9788-441b50433d78,The Mother's Encyclopedia,P.P. - New York. - Parents' Magazine,,INSERT,,no match found,,,The Mother's Encyclopedia,P.P. - New York. - Parents' Magazine
4736ead7-ea18-47ae-89af-65ac44c3b65d,Lost Worlds of Ancient and Modern Greece,D. J. Ian Begg,,INSERT,,no match found,,,Lost Worlds of Ancient and Modern Greece,D. J. Ian Begg
473efe5c-6551-406e-ae50-b0108422af62,Machon: The Fragments,Machon,,INSERT,,no match found,,,Machon: The Fragments,Machon
47490fd0-a857-406c-a6cc-dbef65c00523,Kenkyusha's new school japanese-english dictionary,R.M.V. Collick,title+author(exact),UPDATE,title|year|language,,KENKYUSHA'S NEW COLLEGE JAPANESE-ENGLISH DICTIONARY,R.M.V. Collick,Kenkyusha's new school japanese-english dictionary,R.M.V. Collick
47513935-4b13-467c-9bfd-b505e851b301,The Oxford English-reader's Dictionary,A. S. Hornby; E. C. Parnwell,,INSERT,,no match found,,,The Oxford English-reader's Dictionary,A. S. Hornby; E. C. Parnwell
47542e3e-9fd0-4738-843f-d64078696971,The Waste Land and Other Poems,T. S. Eliot,,INSERT,,no match found,,,The Waste Land and Other Poems,T. S. Eliot
477310ef-3f50-4b36-a6b9-1e2f52e3ca6b,Protagoras,Plato,,INSERT,,no match found,,,Protagoras,Plato
47766121-d1cf-4f1d-8d82-ad4af19c23c8,Between Rashi and Maimonides,Ephraim Kanarfogel; Moshe Sokolow,,INSERT,,no match found,,,Between Rashi and Maimonides,Ephraim Kanarfogel; Moshe Sokolow
4778fc60-b241-4f15-9e6c-8f44bcc5f1f5,Literacy and Development in the West,Carlo M. Cipolla,,INSERT,,no match found,,,Literacy and Development in the West,Carlo M. Cipolla
477d0baa-c3eb-49be-9493-3251fd3b9d35,"Saul, King of Israel",Victor Stanley Starbuck,,INSERT,,no match found,,,"Saul, King of Israel",Victor Stanley Starbuck
478cdb3c-4442-4512-a3de-61222c63bd76,A History of Jewish Literature,Israel Zinberg,,INSERT,,no match found,,,A History of Jewish Literature,Israel Zinberg
479a46b4-8d3d-410b-965e-8d19022f6cc5,Rebell und Verkünder,Fritz von Unruh,title+author(exact),UPDATE,year|language,,Rebell und Verkünder,Fritz von Unruh,Rebell und Verkünder,Fritz von Unruh
47a23d8b-e7d9-4697-999e-7673550db2b8,Symphony No. 2 in C Minor,Gustav Mahler,,INSERT,,no match found,,,Symphony No. 2 in C Minor,Gustav Mahler
47a4595f-7173-4e7c-ab5e-b5f773ef2765,"Jewish Law Association Studies, 001: the Touro Conference Volume",Bernard S. Jackson,,INSERT,,no match found,,,"Jewish Law Association Studies, 001: the Touro Conference Volume",Bernard S. Jackson
47a540d1-ced7-4fb6-81ec-5a4d73d0af7c,Religious Philosophy,Harry Austryn Wolfson,,INSERT,,no match found,,,Religious Philosophy,Harry Austryn Wolfson
47a96e26-6658-4fae-a4b1-272d8daf7873,Blake,Stanley Gardner,,INSERT,,no match found,,,Blake,Stanley Gardner
47b4e871-cc9e-46c6-a2f8-68d33e6890da,Harvard Dictionary of Music,Willi Apel,,INSERT,,no match found,,,Harvard Dictionary of Music,Willi Apel
47bc70ae-9d10-4381-98cc-355920ce7b16,"Law, Sexuality, and Society",David Cohen,,INSERT,,no match found,,,"Law, Sexuality, and Society",David Cohen
47be7bb9-04b4-4993-9f28-f111bb6a0f82,Judaism and the Origins of Christianity,David Flusser,,INSERT,,no match found,,,Judaism and the Origins of Christianity,David Flusser
47c1e696-65c6-4237-8454-f07ea55050f4,A Concise English-Hebrew Dictionary,M. H. Segal,,INSERT,,no match found,,,A Concise English-Hebrew Dictionary,M. H. Segal
47d2edc4-5f62-410f-9bc1-145d58910868,Meditation and Kabbalah,Aryeh Kaplan,,INSERT,,no match found,,,Meditation and Kabbalah,Aryeh Kaplan
47e04692-ac92-4182-abb0-bab126afeb32,Quellen zur Ethik Theophrast,William W. Fortenbaugh,title+author(exact),UPDATE,title|author|year|language,,QUELLEN ZUR ETHIK THEOPUWAS,"WILLIAM W. FORTENBAUGH, YEHUDAH KAPLAN",Quellen zur Ethik Theophrast,William W. Fortenbaugh
47e053cb-54e3-4a91-8c8e-66aa4c14dc53,The Rationalists,Rene Descartes; Benedict de Spinoza; Gottfried Wilhelm Von Leibniz,,INSERT,,no match found,,,The Rationalists,Rene Descartes; Benedict de Spinoza; Gottfried Wilhelm Von Leibniz
47e29843-afef-46db-9681-b1d0a9b2fd81,A New Latin Syntax,E. C. Woodcock,,INSERT,,no match found,,,A New Latin Syntax,E. C. Woodcock
47e360e6-f590-4cbd-b194-c8934cca86f5,Athens and Sparta,Anton Powell,,INSERT,,no match found,,,Athens and Sparta,Anton Powell
48072a69-e14b-4aa5-8474-a7e98f65744d,Grammatik des samaritanischen Aramäisch,Rudolf Macuch,,INSERT,,no match found,,,Grammatik des samaritanischen Aramäisch,Rudolf Macuch
480e7fba-d63a-4e51-8dc0-24af25e7f39e,The Jerusalem Windows,Marc Chagall,,INSERT,,no match found,,,The Jerusalem Windows,Marc Chagall
4814a939-4cff-46e3-afca-d05e6cfbfd21,"You and Your Child's Health, Etc",Paulette Kahn HARTRICH,,INSERT,,no match found,,,"You and Your Child's Health, Etc",Paulette Kahn HARTRICH
481ade0f-fe8f-4a8c-b3da-2e223d9d36c9,Rashi,Menahem Banitt; Elazar Touitou; Charles Touati; Gérard Nahon,,INSERT,,no match found,,,Rashi,Menahem Banitt; Elazar Touitou; Charles Touati; Gérard Nahon
484d1191-98ac-4823-9b1a-5a1e242491ac,Nicholas Nickleby,Charles Dickens,,INSERT,,no match found,,,Nicholas Nickleby,Charles Dickens
485e1955-8d5c-4e89-8698-877705d8b2d5,International Economics,Paul R. Krugman; Maurice Obstfeld; Marc J.. Melitz,,INSERT,,no match found,,,International Economics,Paul R. Krugman; Maurice Obstfeld; Marc J.. Melitz
486cbdbc-fab9-41f5-bd47-e74ed811ac7b,45 Arias from Operas and Oratorios,Georg Friedrich Händel,,INSERT,,no match found,,,45 Arias from Operas and Oratorios,Georg Friedrich Händel
4873a606-7929-4a1f-9900-312b53fee59f,John Dewey on education,Reginald D. Archambault,title+author(exact),UPDATE,title|year|language,,John Dewey on Education,Reginald D. Archambault,John Dewey on education,Reginald D. Archambault
4873d8eb-14f4-46ad-88dc-4428b65b842d,Medieval and modern Greek poetry,Constantine Athanasius Trypanis,,INSERT,,no match found,,,Medieval and modern Greek poetry,Constantine Athanasius Trypanis
487982bb-2e12-43af-b6a7-667dbec4ae1b,The Greek State at War,W. Kendrick Pritchett,,INSERT,,no match found,,,The Greek State at War,W. Kendrick Pritchett
48904ece-e760-4542-ac89-2af42c94ea8b,Select poems,Theocritus,,INSERT,,no match found,,,Select poems,Theocritus
48907dbe-e8cc-4ab1-8fb5-81c5873fccf0,The Delphic Oracle,Joseph Fontenrose,title+author(exact),UPDATE,author|description|publisher|year|language,,The Delphic Oracle,Unknown,The Delphic Oracle,Joseph Fontenrose
489bd984-ee23-471e-82c3-d7f95fe39876,A History of Jewish Literature,Israel Zinberg,,INSERT,,no match found,,,A History of Jewish Literature,Israel Zinberg
48a01aa3-4db9-4873-8fa5-7e6e0d568d59,Handbuch Der Griechischen Staatsalterthümer,Gustav Gilbert,,INSERT,,no match found,,,Handbuch Der Griechischen Staatsalterthümer,Gustav Gilbert
48a49c67-d92f-4e57-b392-6b9cdf1f3c7b,Maimonides on Human Perfection,Menachem Marc Kellner,title+author(exact),UPDATE,author|year|language,,Maimonides on Human Perfection,Unknown,Maimonides on Human Perfection,Menachem Marc Kellner
48a9c5cf-bb5e-43a4-a95c-00326388ad77,Religion and Magic,Graham Cunningham,,INSERT,,no match found,,,Religion and Magic,Graham Cunningham
48b6b968-8dd0-4abe-8da3-a05904578f60,"Orchestral excerpts from the symphonic repertoire, for cello;",Leonard Rose,,INSERT,,no match found,,,"Orchestral excerpts from the symphonic repertoire, for cello;",Leonard Rose
48b9231e-c6a5-47d1-8298-97f8f59d98a0,Electra,Sophocles,title+author(exact),UPDATE,author|year|language,,Electra,"Sophocles, J. H. Kells (ed.)",Electra,Sophocles
48c5d3ac-99c1-4380-a59a-7899a1a19be1,Selections from Pindar,Gordon MacDonald Kirkwood; Pindar,title+author(exact),UPDATE,author|year|language,,Selections from Pindar,Gordon Kirkwood,Selections from Pindar,Gordon MacDonald Kirkwood; Pindar
48c9e4af-999f-40f6-81aa-4deddbed80c8,Foundations of Confucian Thought,Yuri Pines,,INSERT,,no match found,,,Foundations of Confucian Thought,Yuri Pines
48ca5bfd-5a2f-4e0d-91b6-565a9479e328,Leviticus,M. Rosenbaum; A. M. Silbermann,,INSERT,,no match found,,,Leviticus,M. Rosenbaum; A. M. Silbermann
48d3413e-01b8-4604-b9ee-d9e2a5e10bfb,"Kreta, Thera und das mykenische Hellas",Spyridōn Marinatos,,INSERT,,no match found,,,"Kreta, Thera und das mykenische Hellas",Spyridōn Marinatos
48eed2ad-503d-470e-bf32-021a1101542f,"Cicero, the Senior Statesman",Thomas N. Mitchell,title+author(exact),BLOCKED,,title length ratio 1.69 > 1.5; title similarity 0.770 < 0.92,The Senior Statesman,"Cicero, Thomas N. Mitchell","Cicero, the Senior Statesman",Thomas N. Mitchell
48fc28dd-7e16-4d7f-9194-1cace7d3acdc,The Psychoanalysis of the Total Personality,Franz Alexander,,INSERT,,no match found,,,The Psychoanalysis of the Total Personality,Franz Alexander
49012b04-39c6-49aa-a81a-90a287178680,Jewish Philosophy,Raphael Jospe,,INSERT,,no match found,,,Jewish Philosophy,Raphael Jospe
492424c1-ac5e-4803-9350-5a19b9337d59,The Hittite dictionary of the Oriental Institute of the University of Chicago,Hans G. Güterbock; Harry A. Hoffner,,INSERT,,no match found,,,The Hittite dictionary of the Oriental Institute of the University of Chicago,Hans G. Güterbock; Harry A. Hoffner
493d14f8-0ec3-483c-8c0e-9292530442aa,Lemminkäinen zieht heimwärts,Jean Sibelius,,INSERT,,no match found,,,Lemminkäinen zieht heimwärts,Jean Sibelius
493f81f1-816b-4d6d-ab2a-99108f6eb5be,John Adams,David McCullough,,INSERT,,no match found,,,John Adams,David McCullough
4944b506-f615-417c-8fb1-6ff9e89420be,Maimonidean Studies,Unknown,,INSERT,,no match found,,,Maimonidean Studies,Unknown
49516701-291d-4dcb-b3d0-7748fc542845,Agamemnon,Aeschylus; Eduard Fraenkel,title+author(exact),UPDATE,year|language,,Agamemnon,Aeschylus; Eduard Fraenkel,Agamemnon,Aeschylus; Eduard Fraenkel
495fe912-2d9a-406b-9e15-bf7707fa27fe,From Text to Tradition,Lawrence H. Schiffman,title+author(exact),BLOCKED,,title length ratio 2.09 > 1.5; title similarity 0.598 < 0.92,Tradition: A Journal of Orthodox Jewish Thought,Unknown,From Text to Tradition,Lawrence H. Schiffman
49652d43-582e-45f2-b109-73935724051d,A Concise Dictionary of Old Icelandic,G. T. Zoëga,,INSERT,,no match found,,,A Concise Dictionary of Old Icelandic,G. T. Zoëga
4966744f-084c-4725-ab52-fc854d0e718e,Roman von einem Kinde,Barbara Honigmann,title+author(exact),UPDATE,year|language,,Roman von einem Kinde,Barbara Honigmann,Roman von einem Kinde,Barbara Honigmann
497311ab-4d57-4aa8-b76e-7876895c1cb1,Diplomacy in Ancient Greece,Frank E. Adcock; Derek J. Mosley,,INSERT,,no match found,,,Diplomacy in Ancient Greece,Frank E. Adcock; Derek J. Mosley
4977edaa-4e8f-4dc1-8abc-1646e04b5966,Aiding Talmud Study,Aryeh Carmell,,INSERT,,no match found,,,Aiding Talmud Study,Aryeh Carmell
497f1aed-485b-4606-93c9-b12a5e68bf33,Moses,Martin Buber,,INSERT,,no match found,,,Moses,Martin Buber
49810450-f5a2-4f0a-a071-0180d854846b,The New Encyclopedia Britannica,Unknown,title+author(exact),UPDATE,year|language,,The New Encyclopedia Britannica,Unknown,The New Encyclopedia Britannica,Unknown
49860ccc-a469-43f2-9df0-38e8fc51a93c,John Locke and Agrarian Capitalism,Neal Wood,,INSERT,,no match found,,,John Locke and Agrarian Capitalism,Neal Wood
49a650c9-2526-4674-bfd5-7a98fdb857d3,Proceedings of the Associations of Orthodox Jewish Scientists,Association of Orthodox Jewish Scientists,,INSERT,,no match found,,,Proceedings of the Associations of Orthodox Jewish Scientists,Association of Orthodox Jewish Scientists
49a80249-236d-496b-a88e-f6e4967ab1f5,The Jews of Arab Lands,Norman A. Stillman,,INSERT,,no match found,,,The Jews of Arab Lands,Norman A. Stillman
49a8c029-b9e0-4aa2-a0b0-27c04178a38b,Phoenix : the journal of the Classical Association of Canada,Classical Association of Canada,title+author(exact),BLOCKED,,title length ratio 8.29 > 1.5; title similarity 0.824 < 0.92,Phoenix,Classical Association of Canada,Phoenix : the journal of the Classical Association of Canada,Classical Association of Canada
49aef3c6-8ae3-4efe-824a-934f6f501978,Emounah,El Hamekorot,,INSERT,,no match found,,,Emounah,El Hamekorot
49cc60b0-e3c7-4c59-9ab6-934f7b51cd51,The Journal of Hellenic Studies,J.D. Beazley,,INSERT,,no match found,,,The Journal of Hellenic Studies,J.D. Beazley
49dea11c-acb1-422a-bd95-36caf2224c7e,Le génie grec dans la religion,Louis Gernet,,INSERT,,no match found,,,Le génie grec dans la religion,Louis Gernet
49e4625b-25f8-4d17-be65-a0dba9705aaf,Studies in Jewish Law and Philosophy,Isadore Twersky,,INSERT,,no match found,,,Studies in Jewish Law and Philosophy,Isadore Twersky
49ed5692-10f3-4c67-a787-09887251f4b4,Aristophanis Comoediae,F. W. Hall; W. M. Geldart,title+author(exact),UPDATE,title|author|description|publisher|year|language|category_id,,ARISTOPHANIS COMOEDIAE,"F. W. HALL, W. M. GELDART",Aristophanis Comoediae,F. W. Hall; W. M. Geldart
4a089784-c6c4-4c83-8f55-c705fd77a765,Sharpe's Rifles,Bernard Cornwell,,INSERT,,no match found,,,Sharpe's Rifles,Bernard Cornwell
4a1bd66a-de28-4eb6-833d-a3cf62112fcc,Synagogale Recitativen für Kantor,F. Spektor,,INSERT,,no match found,,,Synagogale Recitativen für Kantor,F. Spektor
4a1d835a-1c80-48e9-ba1e-e6a8eb958a41,The Swiss Family Robinson,Johann Wyss,title+author(exact),UPDATE,description|publisher|year|language,,The Swiss Family Robinson,Johann Wyss,The Swiss Family Robinson,Johann Wyss
4a39ea50-1277-49d6-9e96-4f668ff77da9,Encyclopedia of Jewish medical ethics,Avraham Steinberg,,INSERT,,no match found,,,Encyclopedia of Jewish medical ethics,Avraham Steinberg
4a471edf-4d1d-4756-a45f-2a6655b91b79,Messianic Mystics,Moshe Idel,,INSERT,,no match found,,,Messianic Mystics,Moshe Idel
4a508aa8-361e-426a-a3fa-8296fa1da53e,Crescas' Critique of Aristotle,Harry Austryn Wolfson,,INSERT,,no match found,,,Crescas' Critique of Aristotle,Harry Austryn Wolfson
4a51c48f-d18d-4b50-9b49-20e487bdb7ac,Islam in European Thought,Albert Hourani,,INSERT,,no match found,,,Islam in European Thought,Albert Hourani
4a528113-9f9c-45e5-ae0f-ad4d0716abde,The New Encyclopedia Britannica,Unknown,title+author(exact),UPDATE,year|language,,The New Encyclopedia Britannica,Unknown,The New Encyclopedia Britannica,Unknown
4a5c0a97-94ae-43b5-aded-095175b1e66a,Studies in Judaism and Islam,Shelomo Dov Goitein; Shelomo Morag; Issachar Ben-Ami; Norman A. Stillman,,INSERT,,no match found,,,Studies in Judaism and Islam,Shelomo Dov Goitein; Shelomo Morag; Issachar Ben-Ami; Norman A. Stillman
4a5fa207-429a-4fab-bb65-4f9cf5cd0279,On Poetry and Style,Aristotle,title+author(exact),UPDATE,description|publisher|year|language|category_id,,On Poetry and Style,Aristotle,On Poetry and Style,Aristotle
4a84a7d2-6ddb-41ee-9a16-9ddf149808b5,The Growth of Physical Science,Sir James Hopwood Jeans; Sir James Jeans,,INSERT,,no match found,,,The Growth of Physical Science,Sir James Hopwood Jeans; Sir James Jeans
4a8d0316-e455-41e8-a0a4-df48e6c83d81,The Sikhs,W. H. McLeod; William Hearst McLeod,,INSERT,,no match found,,,The Sikhs,W. H. McLeod; William Hearst McLeod
4a90771c-5702-48ac-bed5-44dd364cb94b,Democracy and the Athenians,Frank J. Frost,,INSERT,,no match found,,,Democracy and the Athenians,Frank J. Frost
4a91cc26-8e6b-4c28-ae9c-2937b9cb589a,Das Hausbuch,Unknown,,INSERT,,no match found,,,Das Hausbuch,Unknown
4a9960d9-9e8c-4ef0-8e1d-39c7f0a5329e,Telling Wonders,Rosaria Vignolo Munson,,INSERT,,no match found,,,Telling Wonders,Rosaria Vignolo Munson
4aad256a-0870-4921-aac9-c6c3b5c92b40,Early Zoroastrianism,James Hope Moulton,,INSERT,,no match found,,,Early Zoroastrianism,James Hope Moulton
4ab6a56a-0b00-4bfd-9f5a-2a0b0897c9c3,Fusion,Herman Branover; Arnie Gotfryd,,INSERT,,no match found,,,Fusion,Herman Branover; Arnie Gotfryd
4ab74781-efd5-4c95-aa7d-ec35b7e71af9,The Thousand and One Nights,Richard van Leeuwen,,INSERT,,no match found,,,The Thousand and One Nights,Richard van Leeuwen
4abb8d90-89e0-450a-9051-4132cba6c8bf,Terry's Guide to Mexico,Thomas Philip Terry,,INSERT,,no match found,,,Terry's Guide to Mexico,Thomas Philip Terry
4ac2abc9-7e71-474c-9956-81134601b2da,The Barber of Seville,Gioacchino Rossini; Cesare Sterbini; Edward Joseph Dent,,INSERT,,no match found,,,The Barber of Seville,Gioacchino Rossini; Cesare Sterbini; Edward Joseph Dent
4acc9dd7-15f0-47cf-862e-707a5585a176,Song Without Words,Felix Mendelssohn,,INSERT,,no match found,,,Song Without Words,Felix Mendelssohn
4ad1181f-2c47-4129-bffb-4c05f2c18a6f,Claudine à l'école,Colette,,INSERT,,no match found,,,Claudine à l'école,Colette
4ad1e5c9-51fe-4e5b-aa2c-b47b99f669f6,Türkçe öğreniyoruz II,Mehmet Hengirmen,,INSERT,,no match found,,,Türkçe öğreniyoruz II,Mehmet Hengirmen
4ae68da5-750a-4819-899e-1908f47c9cfa,An Introduction to Linguistic Science,Edgar H. Sturtevant,,INSERT,,no match found,,,An Introduction to Linguistic Science,Edgar H. Sturtevant
4af825b9-307b-4e12-ad54-e1ffe4953191,"Greek Verbs, Irregular and Defective",William Veitch,,INSERT,,no match found,,,"Greek Verbs, Irregular and Defective",William Veitch
4afc7241-6f01-4e88-94e9-15116b7f8f05,Don Quijote De La Mancha,Miguel de Cervantes Saavedra,,INSERT,,no match found,,,Don Quijote De La Mancha,Miguel de Cervantes Saavedra
4afcac07-8463-447a-9990-fcf271594522,Proceedings of the Cambridge Philological Society,Cambridge Philological Society,,INSERT,,no match found,,,Proceedings of the Cambridge Philological Society,Cambridge Philological Society
4b07c29a-a518-49e4-b47c-66572080b620,The Gnostic Scriptures,Bentley Layton,,INSERT,,no match found,,,The Gnostic Scriptures,Bentley Layton
4b14a1bf-75b6-488c-99a9-29b1c36b6294,THE PROBLEM OF ANXIETY,SIGMUND FREUD,,INSERT,,no match found,,,THE PROBLEM OF ANXIETY,SIGMUND FREUD
4b1f216a-8561-4569-b29b-687b2aa944ae,Supplément Aux Dictionnaires Arabes (2 Vols),R. Dozy,,INSERT,,no match found,,,Supplément Aux Dictionnaires Arabes (2 Vols),R. Dozy
4b34829e-ee37-455d-9f4e-5e30687629f8,The commentary of Ibn Ezra on Isaiah,Abraham ben Meïr Ibn Ezra,title+author(exact),BLOCKED,,author similarity 0.497 < 0.75,The Commentary of Ibn Ezra on Isaiah,Ibn Ezra,The commentary of Ibn Ezra on Isaiah,Abraham ben Meïr Ibn Ezra
4b38766c-b126-47f0-9656-6c33ae2b3868,"Conversion to Judaism: a history and analysis, ed",David Max Eichhorn; Bernard Jacob Bamberger,,INSERT,,no match found,,,"Conversion to Judaism: a history and analysis, ed",David Max Eichhorn; Bernard Jacob Bamberger
4b3cb45d-1ce0-4769-ba07-cccad70d485e,A Reference Grammar for Students of English,Reginald Arthur Close,,INSERT,,no match found,,,A Reference Grammar for Students of English,Reginald Arthur Close
4b430fff-debb-4ff1-81ad-3b33eae83d2d,Contemporary Ethical Issues in the Jewish and Christian Traditions,Frederick E. Greenspahn,,INSERT,,no match found,,,Contemporary Ethical Issues in the Jewish and Christian Traditions,Frederick E. Greenspahn
4b4472c3-98ca-4224-b8a6-2482d339f15c,A History of the Byzantine State and Society,Warren Treadgold,,INSERT,,no match found,,,A History of the Byzantine State and Society,Warren Treadgold
4b461f28-dd55-4048-90ae-a81aebd35f60,Menippus et Timon,Lucian,,INSERT,,no match found,,,Menippus et Timon,Lucian
4b4a2f04-01da-4316-8074-94e359ad8afa,The Mirror Maker,Primo Levi,,INSERT,,no match found,,,The Mirror Maker,Primo Levi
4b4bec4d-327a-48b0-98a8-8c3f22aa70f3,By Rocking Chair Across Russia,Alex Atkinson; Ronald Searle,,INSERT,,no match found,,,By Rocking Chair Across Russia,Alex Atkinson; Ronald Searle
4b54a0a7-0da3-4e13-8f6f-32f33bfd01f1,Kritik der reinen Vernunft,Immanuel Kant,,INSERT,,no match found,,,Kritik der reinen Vernunft,Immanuel Kant
4b599309-485c-4fc6-81a5-6d6a45084859,Šumerisches Lexikon,Anton Deimel,,INSERT,,no match found,,,Šumerisches Lexikon,Anton Deimel
4b6e1060-7ec7-4a5b-9c32-597d47421f1b,Cavalleria Rusticana,Pietro Mascagni,,INSERT,,no match found,,,Cavalleria Rusticana,Pietro Mascagni
4b6ea95a-9cbb-4451-a18d-129e37990929,A History of Chinese Philosophy,Fung Yu-Lan,,INSERT,,no match found,,,A History of Chinese Philosophy,Fung Yu-Lan
4b6fd5ee-d8fa-4f2d-9bcb-b9492f4366b7,Traditions of the Magi,Albert F. de Jong,,INSERT,,no match found,,,Traditions of the Magi,Albert F. de Jong
4b736e5c-6a94-4081-93fb-4d95195dea38,Xenophon the Athenian,William Edward Higgins,,INSERT,,no match found,,,Xenophon the Athenian,William Edward Higgins
4b89d671-a9b2-4b72-8da1-6d034afed664,Islamic Philosophy and the Classical Tradition,Samuel Miklos Stern; Albert Habib Hourani; Richard Walzer; Vivian Brown,,INSERT,,no match found,,,Islamic Philosophy and the Classical Tradition,Samuel Miklos Stern; Albert Habib Hourani; Richard Walzer; Vivian Brown
4b9d45c1-ed2c-43cc-bac2-7e92c5d06475,Paideia: The Ideals of Greek Culture: Volume I. Archaic Greece: The Mind of Athens,Werner Jaeger,,INSERT,,no match found,,,Paideia: The Ideals of Greek Culture: Volume I. Archaic Greece: The Mind of Athens,Werner Jaeger
4b9eb243-4c9a-4615-8a31-56a98d17cedb,A Short History of Zionism,Israel Cohen,,INSERT,,no match found,,,A Short History of Zionism,Israel Cohen
4ba5ff80-76fb-4f76-808a-9042a33a62ac,A History of Political Theory 3rd Edition,George. H. Sabine,title+author(exact),UPDATE,title|author|year|language,,A HISTORY OF POLITICAL THEORY,GEORGE H. SABINE,A History of Political Theory 3rd Edition,George. H. Sabine
4ba6f59d-d31f-48af-b60c-73b097e98638,The Complete Dead Sea Scrolls in English,Geza Vermes,,INSERT,,no match found,,,The Complete Dead Sea Scrolls in English,Geza Vermes
4ba74938-8def-434d-a3b9-2f1b6aea730f,The Birth of Literary Fiction in Ancient Greece,Margalit Finkelberg,,INSERT,,no match found,,,The Birth of Literary Fiction in Ancient Greece,Margalit Finkelberg
4bad8087-7ccd-4fbc-9116-3c2dea2252eb,The wizard of Oz,L. Frank Baum,,INSERT,,no match found,,,The wizard of Oz,L. Frank Baum
4bb25302-c86e-4756-af7c-d94353dd3b85,Semites and Anti-Semites,Bernard Lewis,,INSERT,,no match found,,,Semites and Anti-Semites,Bernard Lewis
4bba6146-2ebf-46d2-928e-a76ebc1a2b33,The Graphic Works of Felicien Rops,Félicien Rops,,INSERT,,no match found,,,The Graphic Works of Felicien Rops,Félicien Rops
4bc92121-a001-4eb7-a07f-f738d2f96857,A Dictionary of Chinese Buddhist Terms,William Edward Soothill; Lewis Hodous,,INSERT,,no match found,,,A Dictionary of Chinese Buddhist Terms,William Edward Soothill; Lewis Hodous
4bce817e-1cb7-43fa-ae97-9824b6e98b19,Piety and Perseverance,Herman Dicker,title+author(exact),BLOCKED,,title length ratio 2.59 > 1.5; title similarity 0.877 < 0.92,Piety and Perseverance: Jews from the Carpathian Mountains,Her Dickey,Piety and Perseverance,Herman Dicker
4bda2df1-75a9-4c93-9ca8-2a23fe2ba300,Grove's Dictionary of Music and Musicians,George Grove,,INSERT,,no match found,,,Grove's Dictionary of Music and Musicians,George Grove
4c0f3b82-d5fb-446d-8047-2ffcc2114d66,Babylonia Judaica in the Talmudic Period,Aharon Oppenheimer; Benjamin H. Isaac; Michael Lecker,title+author(exact),UPDATE,author|description|publisher|year|language|category_id,,Babylonia Judaica in the Talmudic Period,"Aharon Oppenheimer, Benjamin Isaac, Michael Lecker",Babylonia Judaica in the Talmudic Period,Aharon Oppenheimer; Benjamin H. Isaac; Michael Lecker
4c16bbe5-ec1e-4df6-9c97-e9ee7e9e23ac,The Legends from the Jewish Town in Kazimierz Near Cracow,Henryk Halkowski,title+author(exact),UPDATE,title|year|language,,The Legends from the Jewish Town in Kazimierz near Cracow,Henryk Halkowski,The Legends from the Jewish Town in Kazimierz Near Cracow,Henryk Halkowski
4c2613cc-1658-4ef9-899d-df6f4361f8fb,Aeschylus and Athens,George Thomson,,INSERT,,no match found,,,Aeschylus and Athens,George Thomson
4c30ff15-0dc8-4da3-af90-187c61c7d0bb,The Living Hirschian Legacy,צבי,,INSERT,,no match found,,,The Living Hirschian Legacy,צבי
4c37fb5b-dae2-44f8-b81b-e661b390d9b3,M. Tvlli Ciceronis Tvscvlanarvm dispvtationvm liber primvs et Somnivm Scipionis,Marcus Tullius Cicero,,INSERT,,no match found,,,M. Tvlli Ciceronis Tvscvlanarvm dispvtationvm liber primvs et Somnivm Scipionis,Marcus Tullius Cicero
4c382d67-df09-4d37-a255-b6e99e036a4b,Between the Yeshiva World and Modern Orthodoxy,Marc B. Shapiro,,INSERT,,no match found,,,Between the Yeshiva World and Modern Orthodoxy,Marc B. Shapiro
4c388f27-0df2-4c48-81b7-0159e54247b3,Elements of Logic and Formal Science,C. West Churchman,,INSERT,,no match found,,,Elements of Logic and Formal Science,C. West Churchman
4c3cb15f-1095-4b53-9f24-1496a75ff834,Sonata in e minor Opus 38 No. 1,Romberg,,INSERT,,no match found,,,Sonata in e minor Opus 38 No. 1,Romberg
4c3db988-a365-4c8a-a168-fa4841998718,"A Social and Religious History of the Jews, by Salo Wittmayer Baron ...",Salo Wittmayer Baron,title+author(exact),BLOCKED,,title length ratio 1.60 > 1.5,A Social and Religious History of the Jews,Salo Wittmayer Baron,"A Social and Religious History of the Jews, by Salo Wittmayer Baron ...",Salo Wittmayer Baron
4c3dbe86-bab4-4e7d-9db5-2593b60135c4,Larousse Encyclopedia of Modern Art,René Huyghe,,INSERT,,no match found,,,Larousse Encyclopedia of Modern Art,René Huyghe
4c3ee09f-2665-43f4-8404-56d6afc5f337,The Emigrants,W.G. Sebald,,INSERT,,no match found,,,The Emigrants,W.G. Sebald
4c4fcc23-c6b5-4eeb-8996-1725773485f4,The Cambridge History of Renaissance Philosophy,Charles B. Schmitt,,INSERT,,no match found,,,The Cambridge History of Renaissance Philosophy,Charles B. Schmitt
4c5f1b49-aa21-43bf-814e-fe2ce59d6065,Alcestis,Euripides,,INSERT,,no match found,,,Alcestis,Euripides
4c646ad9-3ef5-4aa4-b5c7-54999a954725,"The Saturday Review of Politics, Literature, Science and Art",Khayrulla H. Ismatulla,,INSERT,,no match found,,,"The Saturday Review of Politics, Literature, Science and Art",Khayrulla H. Ismatulla
4c675726-f2aa-40e0-8968-cdde797cb347,Mary Poppins Opens the Door,P. L. Travers,title+author(exact),BLOCKED,,title length ratio 2.25 > 1.5; title similarity 0.889 < 0.92,MARY POPPINS,L. Travers,Mary Poppins Opens the Door,P. L. Travers
4c698193-c582-4b71-87a3-b309cc0f1365,The Jews and medicine,Harry Friedenwald,,INSERT,,no match found,,,The Jews and medicine,Harry Friedenwald
4c764066-4998-4111-8836-9896380cca99,Ethel & Ernest,Raymond Briggs,,INSERT,,no match found,,,Ethel & Ernest,Raymond Briggs
4c7be494-a034-402b-80ce-bdeef3c95e62,The Festival Prayers,David Levi,,INSERT,,no match found,,,The Festival Prayers,David Levi
4c7f862a-2c5d-4e8a-b951-0aae74e2246d,Phoenix,"Classical Association of Canada, Société canadienne des études classiques",fuzzy(1.000),UPDATE,author|year|language,,Phoenix,Unknown,Phoenix,"Classical Association of Canada, Société canadienne des études classiques"
4c979d1b-eaf6-40c4-a8fa-20a5a2d72508,The Story of Ancient Athens,D. R. Barker,,INSERT,,no match found,,,The Story of Ancient Athens,D. R. Barker
4c99e51e-048d-41a5-bf1f-6f8d197ebb8c,Das Gewissen steht auf,Annedore Leber,,INSERT,,no match found,,,Das Gewissen steht auf,Annedore Leber
4ca1d736-aa60-4e34-9cd7-45931de22191,Moralia,Plutarchus,,INSERT,,no match found,,,Moralia,Plutarchus
4cac4835-fdc1-4b44-b488-e5497c8eda6a,The Legend of King Arthur,Shalini Saxena,,INSERT,,no match found,,,The Legend of King Arthur,Shalini Saxena
4cafe079-eb18-4130-8eb5-f687b07d98d6,Free-floating Subdivisions,Library of Congress. Cataloging Distribution Service,,INSERT,,no match found,,,Free-floating Subdivisions,Library of Congress. Cataloging Distribution Service
4cb35062-9e2d-4205-8a23-0bc94a5a3523,Des Freiherrn von Münchhausen wunderbare Reisen und Abenteuer zu Wasser und zu Lande,Erich Kästner,,INSERT,,no match found,,,Des Freiherrn von Münchhausen wunderbare Reisen und Abenteuer zu Wasser und zu Lande,Erich Kästner
4cc0bc71-898a-491b-8fd1-4fd2e8532cca,Letters,Moses Maimonides,,INSERT,,no match found,,,Letters,Moses Maimonides
4cc24e9f-ea25-4fc1-b55e-d2a802735a20,The Papers of the Bibliographical Society of America,Bibliographical Society of America,title+author(exact),BLOCKED,,author similarity 0.552 < 0.75,The Papers of the Bibliographical Society of America,"Ashley Marshall, Robert D. Hume, Edward Jacobs, B. J. McMullin",The Papers of the Bibliographical Society of America,Bibliographical Society of America
4cd2133b-d29b-4091-abe6-87a70c9b321f,The Golden Bough,James Frazer,,INSERT,,no match found,,,The Golden Bough,James Frazer
4cd6e5b0-ab78-433a-9128-48c236c9bc74,Franz Rosenzweig,Nahum Norbert Glatzer,,INSERT,,no match found,,,Franz Rosenzweig,Nahum Norbert Glatzer
4cd77362-3d72-4fd7-86cd-65d29951b527,Thesaurus of Hebrew Oriental Melodies: Songs of the Yemenite Jews,Abraham Zebi Idelsohn,,INSERT,,no match found,,,Thesaurus of Hebrew Oriental Melodies: Songs of the Yemenite Jews,Abraham Zebi Idelsohn
4cdb2a65-a3da-4a4f-96d0-3ebd561cce0a,Astronomy of Stellar Energy and Decay,Martin Johnson,title+author(exact),UPDATE,year|language,,Astronomy of Stellar Energy and Decay,Martin Johnson,Astronomy of Stellar Energy and Decay,Martin Johnson
4ce3c6dc-963c-4e84-b908-a2b39182bf6e,Gia Il Sole Dal Gange (O'er Ganges Now Launches).,Alessandro Scarlatti,,INSERT,,no match found,,,Gia Il Sole Dal Gange (O'er Ganges Now Launches).,Alessandro Scarlatti
4ce8979b-386c-47b6-ae8d-7c2018f17c3a,The Birth of the History and Philosophy of Science :,Unknown,,INSERT,,no match found,,,The Birth of the History and Philosophy of Science :,Unknown
4ceb7b53-2eca-4ef3-a1ec-00b39bc1ac39,T'hillah V'zimrah,A. S. Ersler; Cantors Assembly of America,,INSERT,,no match found,,,T'hillah V'zimrah,A. S. Ersler; Cantors Assembly of America
4cfaa9e5-843f-4896-ae3b-2fa908f5b383,Tarantella,Giuseppe Lanza,,INSERT,,no match found,,,Tarantella,Giuseppe Lanza
4d074009-a2a8-4df4-84c7-549d1ffe1b3a,Zorba the Greek,Nikos Kazantzakis,,INSERT,,no match found,,,Zorba the Greek,Nikos Kazantzakis
4d0d5a27-0f27-489d-a2e8-69881e8586ac,The Book of Leviticus,PETER BROWN,,INSERT,,no match found,,,The Book of Leviticus,PETER BROWN
4d1fd1a7-f457-47dd-b3c3-8d91cf2672a9,Murder in the Cathedral,T. S. Eliot,title+author(exact),UPDATE,author|description|publisher|year|language,,Murder in the Cathedral,T.S. Eliot,Murder in the Cathedral,T. S. Eliot
4d276a6d-1f62-42ef-b48c-791204a2ad44,The Elizabethan World Picture,E M W Tillyard,title+author(exact),UPDATE,author|description|publisher|year|language,,The Elizabethan World Picture,E. M. W. Tillyard,The Elizabethan World Picture,E M W Tillyard
4d3e32f6-32fc-46c4-a0b6-876134c3f9ae,Eine kleine Nachtmusik,Wolfgang Amadeus Mozart,,INSERT,,no match found,,,Eine kleine Nachtmusik,Wolfgang Amadeus Mozart
4d45875b-57e3-4806-8368-26d0b74ba407,Studies in Medieval Jewish History and Literature,"Isadore Twersky; Harris, Jay Michael Harris",,INSERT,,no match found,,,Studies in Medieval Jewish History and Literature,"Isadore Twersky; Harris, Jay Michael Harris"
4d63f9dc-e8cf-4f3d-9e07-e079a1c2fc65,A Set of Holiday Sermons,Commission on Information about Judaism of the Union of American Hebrew Congregations and the Central Conference of American Rabbis,,INSERT,,no match found,,,A Set of Holiday Sermons,Commission on Information about Judaism of the Union of American Hebrew Congregations and the Central Conference of American Rabbis
4d6ec334-f9b6-445b-a443-1fa9b44da0a9,A History of the Classical World,Elizabeth Wyse,title+author(exact),BLOCKED,,title length ratio 2.00 > 1.5; title similarity 0.533 < 0.92,Classical World,Unknown,A History of the Classical World,Elizabeth Wyse
4d70f479-2939-4d91-beed-5c94325c367c,Rechtschreibung der deutschen Sprache,Unknown,title+author(exact),UPDATE,title|year|language,,Rechtſchreibung der deutschen Sprache,Unknown,Rechtschreibung der deutschen Sprache,Unknown
4d78b4c2-d119-4c26-a9b6-7f19a1b64fbe,Igrot tsafon Neunzehn Briefe über Judentum,Samson Raphael Hirsch,,INSERT,,no match found,,,Igrot tsafon Neunzehn Briefe über Judentum,Samson Raphael Hirsch
4d7e72d9-bdd3-4037-b21a-9ada49535201,"Anarchy, State, and Utopia",Robert Nozick,,INSERT,,no match found,,,"Anarchy, State, and Utopia",Robert Nozick
4d947892-28fe-4e64-800d-6047fe89dba6,Koptische Grammatik,L. Stern,,INSERT,,no match found,,,Koptische Grammatik,L. Stern
4d94a248-71fa-4418-8e25-bb5acc23332d,The Law of Athens,A.R.W. Harrison,title+author(exact),UPDATE,title|author|year|language,,THE LAW OF ATHENS,A. R. W. HARRISON,The Law of Athens,A.R.W. Harrison
4da85f97-1354-46d3-9e39-3fc4591ad178,Sophocles. A Collection of Critical Essays. Edited by Thomas Woodard,Thomas Woodard,,INSERT,,no match found,,,Sophocles. A Collection of Critical Essays. Edited by Thomas Woodard,Thomas Woodard
4db19295-4982-459a-83f5-5bf600ba6bf0,Hebrew Illuminated Manuscripts,Bezalel Narkiss,,INSERT,,no match found,,,Hebrew Illuminated Manuscripts,Bezalel Narkiss
4dbd6f73-4619-4996-91a7-ed3090d348c0,Wuthering Heights,Emily Bronte,title+author(exact),UPDATE,title|author|description|publisher|year|language,,WUTHERING HEIGHTS,EMILY BRONTE,Wuthering Heights,Emily Bronte
4dc5933c-666f-4b8d-87b9-71bc0a589fc9,Corpus Papyrorum Judaicarum,Victor A. Tcherikover,,INSERT,,no match found,,,Corpus Papyrorum Judaicarum,Victor A. Tcherikover
4dd0d587-1523-4943-a566-d2137c4aedbe,Understanding Arguments,Walter Sinnott-Armstrong; Robert J. Fogelin,,INSERT,,no match found,,,Understanding Arguments,Walter Sinnott-Armstrong; Robert J. Fogelin
4dd98dff-0e50-4814-b752-82c998143638,Mathematische Keilschrift-Texte/Mathematical Cuneiform Texts,O. Neugebauer,,INSERT,,no match found,,,Mathematische Keilschrift-Texte/Mathematical Cuneiform Texts,O. Neugebauer
4de1397b-484d-4d84-9bd4-6c2586111749,The New Poland and the Jews,Simon Segal,,INSERT,,no match found,,,The New Poland and the Jews,Simon Segal
4decb4ad-7b04-4d83-9a51-5be7bc48fc52,Dictionary of the Irish Language,Royal Irish Academy,,INSERT,,no match found,,,Dictionary of the Irish Language,Royal Irish Academy
4e052dba-ee48-4440-9e5f-07f4b5a77ee2,The Humanities,A. Robert Rogers,title+author(exact),UPDATE,publisher|year|language,,The Humanities,A. Robert Rogers,The Humanities,A. Robert Rogers
4e066a3c-85f9-4cfc-a8e4-b707e5d2622a,J. S. Bach: Major Choral Works,Johann Sebastian Bach,,INSERT,,no match found,,,J. S. Bach: Major Choral Works,Johann Sebastian Bach
4e099bce-ac3a-4111-816e-995eb12db8e1,Metaphysics,Aristotle,,INSERT,,no match found,,,Metaphysics,Aristotle
4e221650-5d4e-4822-90d8-58744282aae6,England in the Eighteenth Century,John Harold Plumb,,INSERT,,no match found,,,England in the Eighteenth Century,John Harold Plumb
4e2267dc-1239-428c-b904-c8ed13b1ffa8,Symphonie Nr. 7,Jean Sibelius,,INSERT,,no match found,,,Symphonie Nr. 7,Jean Sibelius
4e243397-a971-4866-8a61-41550cf106ed,The Presocratic Philosophers,G. S. Kirk,,INSERT,,no match found,,,The Presocratic Philosophers,G. S. Kirk
4e31d513-b354-455c-a2d4-4610ff6009ed,Historiae,Herodoti; Thucydides; Carolus Hude,,INSERT,,no match found,,,Historiae,Herodoti; Thucydides; Carolus Hude
4e32376d-9d1f-41ad-8063-6a3507f7ee30,Rabbis,George Kalinsky,,INSERT,,no match found,,,Rabbis,George Kalinsky
4e350f7e-3991-42b8-8889-0d32c2856434,Syntax of the Moods and Tenses of the Greek Verb,W. W. Goodwin,title+author(exact),UPDATE,description|publisher|year|language|category_id,,Syntax of the Moods and Tenses of the Greek Verb,W. W. Goodwin,Syntax of the Moods and Tenses of the Greek Verb,W. W. Goodwin
4e364c43-5bd4-4407-a70b-b4110fb82b59,On Purposeful Systems,Russell Lincoln Ackoff; Frederick Edmund Emery,,INSERT,,no match found,,,On Purposeful Systems,Russell Lincoln Ackoff; Frederick Edmund Emery
4e49b2df-8d63-415b-9277-d0a6cdb828a5,"Renaissance Humanism, Volume 1","Albert Rabil, Jr.",,INSERT,,no match found,,,"Renaissance Humanism, Volume 1","Albert Rabil, Jr."
4e4a3c15-b8f4-41d4-ac9e-7777706be8af,The Concise Dictionary of World Place-Names,John Everett-Heath,title+author(exact),BLOCKED,,title length ratio 3.90 > 1.5; title similarity 0.635 < 0.92; author similarity 0.500 < 0.75,DICTIONARY,VAVOHY HE,The Concise Dictionary of World Place-Names,John Everett-Heath
4e529139-cfcc-4a2c-826e-b90da458394f,The Iliad,Homer,,INSERT,,no match found,,,The Iliad,Homer
4e5b6d64-99ea-41df-b585-eaddf75241a5,Al-Faraid; Arabic-English Dictionary,Joseph G. Hava,title+author(exact),BLOCKED,,author similarity 0.584 < 0.75,al-faraid arabic-english dictionary,SKI & G D W,Al-Faraid; Arabic-English Dictionary,Joseph G. Hava
4e6291fe-c81d-4d79-8cdc-21760b867d77,Biblioteca de cultura judaica,Unknown,,INSERT,,no match found,,,Biblioteca de cultura judaica,Unknown
4e764ec5-d6b7-4e76-a47c-11699a8d4929,Nonsense Books,Edward Lear,,INSERT,,no match found,,,Nonsense Books,Edward Lear
4e89d24c-bede-4bc7-a78f-2ae649f1da89,The Encyclopedia Britannica,Thomas Spencer Baynes,title+author(exact),UPDATE,author|year|language,,The Encyclopedia Britannica,Unknown,The Encyclopedia Britannica,Thomas Spencer Baynes
4e8f9c26-2dac-4929-94f3-e040c19c22e1,The Phoenix,Unknown,title+author(exact),UPDATE,year|language,,The Phoenix,Unknown,The Phoenix,Unknown
4ea0cffa-f044-42fc-8ffb-7dfa20c82ef4,The French Enlightenment,J. H. Brumfitt,,INSERT,,no match found,,,The French Enlightenment,J. H. Brumfitt
4eb1fa25-c3c1-49d7-8892-82276e6a8520,The Spy Who Came In from the Cold,John le Carre,title+author(exact),UPDATE,author|description|publisher|year|language,,The Spy Who Came In from the Cold,John Le Carré,The Spy Who Came In from the Cold,John le Carre
4ece9981-aa78-44bb-903f-e4dd5aa210e4,Heinrich Heines sämtliche Werke,Heinrich Heine,,INSERT,,no match found,,,Heinrich Heines sämtliche Werke,Heinrich Heine
510c716e-ccb9-4adc-9ef5-76d3b547536d,Evening Service for Sabbaths and Festivals,Unknown,,INSERT,,no match found,,,Evening Service for Sabbaths and Festivals,Unknown
516bf799-f8ba-4347-b8d1-7c855bf025af,Heinrich Heines sämtliche Werke,Heinrich Heine,,INSERT,,no match found,,,Heinrich Heines sämtliche Werke,Heinrich Heine
5173d3e2-bb23-46e1-982f-ed2e856fe673,Educational Television in Israel,Henry R. Cassirer; T. S. Duckmanton,,INSERT,,no match found,,,Educational Television in Israel,Henry R. Cassirer; T. S. Duckmanton
51811c9c-5234-4c9b-b91a-8bcdfa4c166f,The Encyclopædia Britannica,Thomas Spencer Baynes,title+author(exact),UPDATE,author|year|language,,The Encyclopædia Britannica,Unknown,The Encyclopædia Britannica,Thomas Spencer Baynes
520cd944-a152-4c2b-a4a8-a6dd79ed93ae,Grove's Dictionary of Music and Musicians,George Grove,,INSERT,,no match found,,,Grove's Dictionary of Music and Musicians,George Grove
5272c907-ba50-4d3a-8028-ea78d382ba4a,Monteverdi and the End of the Renaissance,Gary Tomlinson,,INSERT,,no match found,,,Monteverdi and the End of the Renaissance,Gary Tomlinson
5282035f-db24-4e67-9275-0645618a1e31,"Gedenkausgabe der Werke, Briefe und Gespräche",Johann Wolfgang von Goethe,title+author(exact),UPDATE,title|author|year|language,,"GEDENKAUSGABE DER WERKE, BRIEFE UND GESPRÄCHE",JOHANN WOLFGANG GOETHE,"Gedenkausgabe der Werke, Briefe und Gespräche",Johann Wolfgang von Goethe
52f1e6db-1685-4a56-9e96-3251c9ad9922,The Jewish World,Elie Kedourie,,INSERT,,no match found,,,The Jewish World,Elie Kedourie
5300af2a-d76a-4159-b529-7c87e7a1ffeb,"APPIAN'S ROMAN HISTORY,.",HORACE. WHITE,,INSERT,,no match found,,,"APPIAN'S ROMAN HISTORY,.",HORACE. WHITE
5353a1f1-9c7b-464e-bf28-a44a3110ebab,Talmud and Apocrypha,Robert Travers Herford,,INSERT,,no match found,,,Talmud and Apocrypha,Robert Travers Herford
536b478f-ab2a-457a-a02e-dc3fa66eb484,The Greek State at War,W. Kendrick Pritchett,,INSERT,,no match found,,,The Greek State at War,W. Kendrick Pritchett
539d75b7-4997-43ce-a1e6-7a7aa54d02aa,"Greek Verbs, Irregular and Defective",William Veitch,,INSERT,,no match found,,,"Greek Verbs, Irregular and Defective",William Veitch
5421895c-2bdb-4cb0-8331-7419a32f81b8,"Poland, Land of the White Eagle",Edward C. Corsi,,INSERT,,no match found,,,"Poland, Land of the White Eagle",Edward C. Corsi
54de2131-99be-429d-91f4-4989583c34ff,Counterpoint,Heinrich Schenker,,INSERT,,no match found,,,Counterpoint,Heinrich Schenker
552a2652-4f0e-4b41-9b57-b7a5b30b2ff1,The Judeo-Christian Tradition and the U.S. Constitution,Unknown,,INSERT,,no match found,,,The Judeo-Christian Tradition and the U.S. Constitution,Unknown
55397e13-4035-4977-b279-df2383e58b51,Contemporary Halakhic Problems,J. David Bleich,,INSERT,,no match found,,,Contemporary Halakhic Problems,J. David Bleich
55b81891-e81a-42f1-8037-d88fb95c136d,Semites and Anti-Semites,Bernard Lewis,,INSERT,,no match found,,,Semites and Anti-Semites,Bernard Lewis
560dc951-afe2-484a-9885-f484852e2a74,The shorter Oxford English dictionary on historical principles,William Little; Jessie Coulson; H. W. Fowles,,INSERT,,no match found,,,The shorter Oxford English dictionary on historical principles,William Little; Jessie Coulson; H. W. Fowles
563b54f2-f821-4a11-b715-a7e094ee5b0f,The Grace to Be Worthy,R D Beavers,,INSERT,,no match found,,,The Grace to Be Worthy,R D Beavers
56b8169b-7519-490f-82c8-9662bdc5f716,New studies in ethics,William Donald Hudson,,INSERT,,no match found,,,New studies in ethics,William Donald Hudson
574c5d61-23b0-48e1-9a64-549fd4b0bd59,Der Großinquisitor,Fjodor Dostojewski,,INSERT,,no match found,,,Der Großinquisitor,Fjodor Dostojewski
57bc68b8-a27b-4385-ab83-72f3d9c0be92,A History of the Classical World,Elizabeth Wyse,title+author(exact),BLOCKED,,title length ratio 2.00 > 1.5; title similarity 0.533 < 0.92,Classical World,Unknown,A History of the Classical World,Elizabeth Wyse
57c391a8-0e84-4425-b6b4-4dc515bdeb49,The Heart Of Understanding,Thich Nhat Hanh,,INSERT,,no match found,,,The Heart Of Understanding,Thich Nhat Hanh
5825c2c4-473f-4e37-b53e-cc138cece027,Proceedings of the Cambridge Philological Society,Cambridge Philological Society,,INSERT,,no match found,,,Proceedings of the Cambridge Philological Society,Cambridge Philological Society
58417d10-249e-4fc4-9405-efcb9969c896,"Jewish Leaders, 1750-1940",Leo Jung,,INSERT,,no match found,,,"Jewish Leaders, 1750-1940",Leo Jung
58b04c6e-bc45-49e8-90b2-a81f93c3eef3,"The American Journal of Archaeology, 1893-1",Various,,INSERT,,no match found,,,"The American Journal of Archaeology, 1893-1",Various
58ce795f-671f-4bb8-b94c-e2829c2bc64a,Language and background of Homer;,Geoffrey Stephen Kirk,title+author(exact),BLOCKED,,title length ratio 1.75 > 1.5; title similarity 0.696 < 0.92; author similarity 0.495 < 0.75,VIEWS AND CONTROVERSIES LANGUAGE AND BACKGROUND OF HOMER,G. S. Kirk,Language and background of Homer;,Geoffrey Stephen Kirk
58e7b931-2e00-4eed-8610-8fadc470f8f6,A History of Chinese Philosophy,Fung Yu-Lan,,INSERT,,no match found,,,A History of Chinese Philosophy,Fung Yu-Lan
590bfe96-12d3-4829-84f6-a069e91372af,Wörterbuch der aegyptischen Sprache,Adolf Erman,title+author(exact),UPDATE,year|language,,Wörterbuch der aegyptischen Sprache,Adolf Erman,Wörterbuch der aegyptischen Sprache,Adolf Erman
59ad21f5-9094-4a8a-92d3-93c55cb7c879,"Gedenkausgabe der Werke, Briefe und Gespräche",Johann Wolfgang von Goethe,title+author(exact),UPDATE,title|author|year|language,,"GEDENKAUSGABE DER WERKE, BRIEFE UND GESPRÄCHE",JOHANN WOLFGANG GOETHE,"Gedenkausgabe der Werke, Briefe und Gespräche",Johann Wolfgang von Goethe
5a2d2883-7fe2-4d13-9665-20ddd1f42010,Archaic and Classical Greek Coins; The Library of Numismatics,C.M. Kraay,,INSERT,,no match found,,,Archaic and Classical Greek Coins; The Library of Numismatics,C.M. Kraay
5b13a9ee-d1ec-47e7-9282-07b1dc051391,The Soncino Books of the Bible,Abraham Cohen,title+author(exact),BLOCKED,,author similarity 0.687 < 0.75,The Soncino Books of the Bible,The Rev. Dr. A. Cohen,The Soncino Books of the Bible,Abraham Cohen
5b337e94-bcea-4105-b08e-69696e46f35e,The shorter Oxford English dictionary on historical principles,William Little; Jessie Coulson; H. W. Fowles,,INSERT,,no match found,,,The shorter Oxford English dictionary on historical principles,William Little; Jessie Coulson; H. W. Fowles
5b5df572-2495-4850-af24-f4ce4dcba148,Sicily: an Archaeological Guide,Margaret Guido,,INSERT,,no match found,,,Sicily: an Archaeological Guide,Margaret Guido
5b657b17-7e02-4cb2-9fa7-a855a0804c2e,Early Greek Science,G E R Lloyd,,INSERT,,no match found,,,Early Greek Science,G E R Lloyd
5b92d070-6cd6-4ead-a282-9e17517966dc,The Phoenix Project,Gene Kim; Kevin Behr; George Spafford,title+author(exact),BLOCKED,,title length ratio 2.14 > 1.5; title similarity 0.893 < 0.92,The Phoenix,Unknown,The Phoenix Project,Gene Kim; Kevin Behr; George Spafford
5cbccc80-7993-4bf5-a427-91dbea61c224,The Presocratic Philosophers,Jonathan Barnes,,INSERT,,no match found,,,The Presocratic Philosophers,Jonathan Barnes
5de773ef-513d-4d2f-ac1f-00253679295d,The Histories,Herodotus,,INSERT,,no match found,,,The Histories,Herodotus
5e1e3f3f-0436-4470-9773-b7e084d4ab73,American journal of ancient history,Unknown,,INSERT,,no match found,,,American journal of ancient history,Unknown
5e511021-2eb8-4192-87b8-434a2148b77c,The Pentateuch,Samson Raphael Hirsch,,INSERT,,no match found,,,The Pentateuch,Samson Raphael Hirsch
5e766bac-8a8e-4830-b2fc-57342b74fd29,Women in Hellenistic Egypt,Sarah B. Pomeroy,,INSERT,,no match found,,,Women in Hellenistic Egypt,Sarah B. Pomeroy
5eb748b3-f9f6-48e4-8dc2-c2cd4d436be1,Kazantzakis,Peter Bien,,INSERT,,no match found,,,Kazantzakis,Peter Bien
5eb92156-4c81-49bf-8d85-4b7014aff68f,The Early Greek Concept of the Soul,Jan Bremmer,,INSERT,,no match found,,,The Early Greek Concept of the Soul,Jan Bremmer
5ebf1b48-a993-4227-8938-3cfe7a9d87d4,A History of Greek literature,Albin Lesky,,INSERT,,no match found,,,A History of Greek literature,Albin Lesky
5ec31d27-b762-408a-ac7d-67f44d95d0eb,Meshal Haqadmoni: Fables from the Distant Past,Raphael Loewe,,INSERT,,no match found,,,Meshal Haqadmoni: Fables from the Distant Past,Raphael Loewe
5ec5d160-78d9-48ef-a857-803f88ff6e75,The Greek Stones Speak,Paul Mackendrick,,INSERT,,no match found,,,The Greek Stones Speak,Paul Mackendrick
5eddf1e9-bad2-4c4c-bdcd-570f212f5ccf,The Holocaust,Jeremy Black,,INSERT,,no match found,,,The Holocaust,Jeremy Black
5ee2fa13-f806-4b89-bfea-e134195f31fb,"Der Babylonische Talmud. Uebersetzt Nach der Ersten, Zensurfreien Ausg. (Venedig 1520-23), Mit Berücksichtigung der Neureren Ausgaben, Nebst Kurzen Erklärungen Von Lazarus Goldschmidt",Lazarus Goldschmidt,,INSERT,,no match found,,,"Der Babylonische Talmud. Uebersetzt Nach der Ersten, Zensurfreien Ausg. (Venedig 1520-23), Mit Berücksichtigung der Neureren Ausgaben, Nebst Kurzen Erklärungen Von Lazarus Goldschmidt",Lazarus Goldschmidt
5ee4c92b-5523-4c61-b554-4c4f628a9ce4,Haektpa,Euripides,,INSERT,,no match found,,,Haektpa,Euripides
5ee6045a-fe9f-4be8-ae63-c07341c5f31c,Sephardic songs of praise,Abraham Lopes Cardozo,,INSERT,,no match found,,,Sephardic songs of praise,Abraham Lopes Cardozo
5eec5013-cfa9-4012-be62-9f0d36533a6c,Greek Lyric Poetry,C. M. Bowra,,INSERT,,no match found,,,Greek Lyric Poetry,C. M. Bowra
5ef71598-5f34-488e-ad8d-5d2024dc85cd,The American Sephardi,Yeshiva University. Sephardic Studies Program,,INSERT,,no match found,,,The American Sephardi,Yeshiva University. Sephardic Studies Program
5ef73d22-3dc8-4b03-b79e-5b263c2a1ce1,India and the New Europe,I. P. Khosla,,INSERT,,no match found,,,India and the New Europe,I. P. Khosla
5f484407-8fb3-4557-933f-3350efcba14d,Dialogorum libri duodecim,Lucius Annaeus Seneca,,INSERT,,no match found,,,Dialogorum libri duodecim,Lucius Annaeus Seneca
5f54756a-5eb7-4294-85be-fea9491a04d5,CIVILIZATION AND ITS DISCONTENTS,SIGMUND FREUD,,INSERT,,no match found,,,CIVILIZATION AND ITS DISCONTENTS,SIGMUND FREUD
5f56b1ca-56a8-4904-adc0-19983b87dc18,Intelligible Fields in the Social Sciences,Christoffel Anthonie Oliver Van Nieuwenhuijze,,INSERT,,no match found,,,Intelligible Fields in the Social Sciences,Christoffel Anthonie Oliver Van Nieuwenhuijze
5f5c3171-bf61-45fd-8238-3d912ab2c4da,Little Dorrit,Charles Dickens,title+author(exact),UPDATE,title|author|description|year|language,,LITTLE DORRIT,CHARLES DICKENS,Little Dorrit,Charles Dickens
5f65400a-2a8e-4e8f-9dcd-eaef70f9392a,Tacitus,William Bodham Donne,,INSERT,,no match found,,,Tacitus,William Bodham Donne
5f65e076-f32c-4543-8161-252d7f7ff425,Ancient Writing and Its Influence,B. L. Ullman; UNESCO,,INSERT,,no match found,,,Ancient Writing and Its Influence,B. L. Ullman; UNESCO
5f7184b4-805f-4fed-88d5-9e867b23e885,The Songs of Edvard Grieg,Beryl Foster,,INSERT,,no match found,,,The Songs of Edvard Grieg,Beryl Foster
5f7ed536-af26-4163-b3c4-3e021bb79571,Tales of Nehama,Leah Abramowitz,title+author(exact),UPDATE,description|publisher|year|language,,Tales of Nehama,Leah Abramowitz,Tales of Nehama,Leah Abramowitz
5f8ca0ce-bee8-4fb3-913b-475732d7adac,Hellenic Civilization,Maurice Croiset,,INSERT,,no match found,,,Hellenic Civilization,Maurice Croiset
5f8df6cb-6eab-4174-b716-8e05f5c6b658,Letters from Oxford,Hugh Redwald Trevor-Roper; Richard Peter Treadwell Davenport-Hines,,INSERT,,no match found,,,Letters from Oxford,Hugh Redwald Trevor-Roper; Richard Peter Treadwell Davenport-Hines
5f8e9068-f4e7-4ccb-8d2d-3cae58344090,"Symphonies, No.6 Symphonie Nr.6 in Vier Satzen Fur Grosses Orchester",Gustav Mahler,,INSERT,,no match found,,,"Symphonies, No.6 Symphonie Nr.6 in Vier Satzen Fur Grosses Orchester",Gustav Mahler
5f90e555-52df-4714-baa8-cfe08f13ba3d,"Hippocrate, médecine grecque",Robert Joly (agrégé),,INSERT,,no match found,,,"Hippocrate, médecine grecque",Robert Joly (agrégé)
5f91846d-85f4-4dae-b662-1ffbe13771ea,Greeks Between East and West,David Asheri,,INSERT,,no match found,,,Greeks Between East and West,David Asheri
5f92651b-1cb8-4f21-8438-04ec9bb28341,"Love, Work, and Death",Ariel Toaff,,INSERT,,no match found,,,"Love, Work, and Death",Ariel Toaff
5f972a0c-1b99-4c06-b11b-6452ea2c9d06,Guidelines for Teaching about the Holocaust,William S. Parsons; United States Holocaust Memorial Museum,,INSERT,,no match found,,,Guidelines for Teaching about the Holocaust,William S. Parsons; United States Holocaust Memorial Museum
5f99a30d-6c48-4193-b5a5-5112eb1db352,The Trouble with Confucianism,Wm. Theodore De Bary,,INSERT,,no match found,,,The Trouble with Confucianism,Wm. Theodore De Bary
5fa14b9d-de99-4db3-933a-944834eb7286,Structural Dynamics and Vibrations,DAVID AMRAM,,INSERT,,no match found,,,Structural Dynamics and Vibrations,DAVID AMRAM
5fa9fae5-9024-4735-8e44-c4c1b3fa9a0b,Mikhail Lomonosov,Il'ia Zakharovich Serman; Universiṭah ha-ʻIvrit bi-Yerushalayim. Center for the Study of Slavic Languages and Literatures,title+author(exact),BLOCKED,,author similarity 0.691 < 0.75,MIKHAIL LOMONOSOV,ILYA Z. SERMAN,Mikhail Lomonosov,Il'ia Zakharovich Serman; Universiṭah ha-ʻIvrit bi-Yerushalayim. Center for the Study of Slavic Languages and Literatures
5fae06da-399d-4267-aae9-f79eaa450e41,The Near East,Charles Keith Maisels,,INSERT,,no match found,,,The Near East,Charles Keith Maisels
5fd2a4e2-bbc9-4183-9fd7-a090b1a0d669,A lexicon to Herodotus,J. Enoch Powell,title+author(exact),UPDATE,title|author|year|language,,A Lexicon to Herodotus,J. E. Powell,A lexicon to Herodotus,J. Enoch Powell
5feb8941-bd41-4f36-b43b-937c2dcdc350,Phoenix : the journal of the Classical Association of Canada,Classical Association of Canada,title+author(exact),BLOCKED,,title length ratio 8.29 > 1.5; title similarity 0.824 < 0.92,Phoenix,Classical Association of Canada,Phoenix : the journal of the Classical Association of Canada,Classical Association of Canada
5ff0b071-4efb-4a58-bbaa-aa022edf64f5,History of the Jews,Heinrich Graetz,fuzzy(0.965),BLOCKED,,author similarity 0.517 < 0.75,THE STORY OF THE JEWS,LEWIS BROWNE,History of the Jews,Heinrich Graetz
5ff208a7-b0f8-4ef1-86ab-87ef24fb1e20,Amphoras and the Ancient Wine Trade,Virginia R. Grace,,INSERT,,no match found,,,Amphoras and the Ancient Wine Trade,Virginia R. Grace
5ff4e961-c320-43b7-a04e-1cbe91a76346,Critique of Pure Reason,Immanuel Kant,,INSERT,,no match found,,,Critique of Pure Reason,Immanuel Kant
6003055a-23d6-48aa-b20c-c57b0942273d,The Imagery of Sophocles' Antigone,Robert F. Goheen,,INSERT,,no match found,,,The Imagery of Sophocles' Antigone,Robert F. Goheen
6008044c-936c-4740-bb8f-0806ef0270b0,Herodotean Inquiries,S. Benardete,,INSERT,,no match found,,,Herodotean Inquiries,S. Benardete
600c97cf-6312-421a-93b3-bab78e4d8236,Levi Eshkol,Jewish Agency-American Section,,INSERT,,no match found,,,Levi Eshkol,Jewish Agency-American Section
601ce8a1-01b9-4fa0-8c6c-94036cbe6629,American journal of ancient history,Unknown,,INSERT,,no match found,,,American journal of ancient history,Unknown
6022277c-6411-485f-9499-6191980feeb5,Philosophy Looks at the Arts,Joseph Margolis,,INSERT,,no match found,,,Philosophy Looks at the Arts,Joseph Margolis
6026ed50-0a95-4c22-a375-55ffa977d51f,The Life and Selected Writings of Thomas Jefferson,Thomas Jefferson; Adrienne Koch; William Harwood Peden,,INSERT,,no match found,,,The Life and Selected Writings of Thomas Jefferson,Thomas Jefferson; Adrienne Koch; William Harwood Peden
602bcb03-332d-4a0a-8e36-32c39f8df030,The Papers of the Bibliographical Society of America,Bibliographical Society of America,fuzzy(1.000),BLOCKED,,author similarity 0.548 < 0.75,The PAPERS of the BIBLIOGRAPHICAL SOCIETY of AMERICA,"RICHARD KNOWLES, MARCUS A. McCORISON, ALAN R. YOUNG, SYDNEY J. SHEP",The Papers of the Bibliographical Society of America,Bibliographical Society of America
602ce977-4c9b-44b5-b4a5-a98847d61851,Small World,David Lodge,title+author(exact),UPDATE,description|publisher|year|language,,Small World,David Lodge,Small World,David Lodge
6035b510-fe36-4bf9-8e24-0c6353993e57,Literacy and Orality in Ancient Greece,Rosalind Thomas,,INSERT,,no match found,,,Literacy and Orality in Ancient Greece,Rosalind Thomas
603b6385-3b68-4163-a2f5-c563e395183f,Herr und Hund. Gesang vom Kindchen,T. Mann,,INSERT,,no match found,,,Herr und Hund. Gesang vom Kindchen,T. Mann
603c43ce-7084-40fa-af72-3409e514b051,Jeremias,Stefan Zweig,title+author(exact),UPDATE,description|publisher|year|language,,Jeremias,Stefan Zweig,Jeremias,Stefan Zweig
60425f72-cccf-4f42-8051-c5b0178656ec,Alice's Adventures Under Ground,Lewis Carroll,,INSERT,,no match found,,,Alice's Adventures Under Ground,Lewis Carroll
606632dd-f895-4a79-87ca-4283426e54a3,The Meaning of the Glorious Koran,Mohammed Marmaduke Pickthall,,INSERT,,no match found,,,The Meaning of the Glorious Koran,Mohammed Marmaduke Pickthall
6069b55a-3a32-460d-a53a-5e0541aecbc6,Bíblia sagrada,Unknown,,INSERT,,no match found,,,Bíblia sagrada,Unknown
606aed08-aaec-416d-a139-08677f64c777,"Notes, the Quarterly Journal of the Music Library Association",Unknown,title+author(exact),UPDATE,title|year|language,,Notes: The Quarterly Journal of the Music Library Association,Unknown,"Notes, the Quarterly Journal of the Music Library Association",Unknown
60774c66-5244-4418-aa74-9907ed2f2c1d,The Torah U-madda Journal,Unknown,title+author(exact),UPDATE,title|year|language,,The Torah U-Madda Journal,Unknown,The Torah U-madda Journal,Unknown
607a3b6b-03e8-4926-81ef-d6c130e69f67,Athènes et ses environs,Paul Joanne,,INSERT,,no match found,,,Athènes et ses environs,Paul Joanne
607d2bb3-c129-45ed-afe2-7ff1ec31335c,Frank Enstein and the Threads of Friendship,Judith Mireya Rectoret Afonso,,INSERT,,no match found,,,Frank Enstein and the Threads of Friendship,Judith Mireya Rectoret Afonso
60811b7d-8a2b-46de-af29-b2e09074ad6a,Music and the Emotions,Malcolm Budd,,INSERT,,no match found,,,Music and the Emotions,Malcolm Budd
60871020-7328-4526-a294-ee8264b54f1d,Black Banners from the East,Moshe Sharon,,INSERT,,no match found,,,Black Banners from the East,Moshe Sharon
60973a4e-abc4-4f64-b307-4577623a359e,Twelve Against the Gods,William Bolitho,,INSERT,,no match found,,,Twelve Against the Gods,William Bolitho
609c484c-6976-4e70-84ef-ee2e84bcb3e4,From Text to Tradition,Lawrence H. Schiffman,title+author(exact),BLOCKED,,title length ratio 2.09 > 1.5; title similarity 0.598 < 0.92,Tradition: A Journal of Orthodox Jewish Thought,Unknown,From Text to Tradition,Lawrence H. Schiffman
60a7027c-98c7-47e9-ad08-6274a6a9509c,Geschichte der arabischen Litteratur,Carl Brockelmann,,INSERT,,no match found,,,Geschichte der arabischen Litteratur,Carl Brockelmann
60aac8ef-71d9-4865-98b5-6ee6293466a1,Silent Witnesses,Christos D̲oumas; Joan R. Mertens,,INSERT,,no match found,,,Silent Witnesses,Christos D̲oumas; Joan R. Mertens
60b220f0-5ef7-49f3-9529-c9455fcd610d,The Sefirot,David Y. Shulman,,INSERT,,no match found,,,The Sefirot,David Y. Shulman
60b57527-b781-4c78-a9f8-ea2167067168,A Monk's Topical Bible,Bro Smith SGS,,INSERT,,no match found,,,A Monk's Topical Bible,Bro Smith SGS
60b87937-58d4-4f73-835b-ac6084d851c0,The Murder of Charles the Good,Galbert of Bruges,title+author(exact),UPDATE,author|year|language,,The Murder of Charles the Good,"Galbert of Bruges, translated and edited by James Bruce Ross",The Murder of Charles the Good,Galbert of Bruges
60b9380e-372a-40ea-8cac-585b68f40581,Good and Evil in Jewish Thought,Shalom Rosenberg,title+author(exact),UPDATE,description|publisher|year|language,,Good and Evil in Jewish Thought,Shalom Rosenberg,Good and Evil in Jewish Thought,Shalom Rosenberg
60bc8489-aceb-465e-9452-2b2f989c501d,A Coptic Dictionary,W. E. Crum,,INSERT,,no match found,,,A Coptic Dictionary,W. E. Crum
60bd1144-8f5e-4176-9168-6a28181a60d6,Principles and Practices of Management and Organizational Behavior,Chandrani Singh; Aditi Khatri,,INSERT,,no match found,,,Principles and Practices of Management and Organizational Behavior,Chandrani Singh; Aditi Khatri
60bf2278-718d-4629-bff1-fc8d839d2af3,The Second Treatise of Government,John Locke,,INSERT,,no match found,,,The Second Treatise of Government,John Locke
60c13d36-d247-4a8f-bbd7-cc9ce7dea5b5,The Art of Magna Graecia,Ernst Langlotz,,INSERT,,no match found,,,The Art of Magna Graecia,Ernst Langlotz
60ce060b-c02f-48e7-a087-a7dfd1d185a2,The Poetical Works of John Dryden,John Dryden,,INSERT,,no match found,,,The Poetical Works of John Dryden,John Dryden
60ce15a0-ce84-49f2-945e-1beb99a3effd,A Dictionary of Late Egyptian,Leonard H. Lesko,fuzzy(1.000),UPDATE,title|author|year|language,,A DICTIONARY OF LATE EGYPTIAN,Unknown,A Dictionary of Late Egyptian,Leonard H. Lesko
60e00e98-f8cc-4baa-9bc5-18856da5c491,Different Seasons,Stephen King,,INSERT,,no match found,,,Different Seasons,Stephen King
60e67860-b6c9-40fa-933d-a52ab1f6f392,The Patron,Anthony David,,INSERT,,no match found,,,The Patron,Anthony David
60e76ed3-7687-48cc-9ab3-5568fd31e5be,The Pelican History of Art,Richard Krautheimer,,INSERT,,no match found,,,The Pelican History of Art,Richard Krautheimer
60f8266c-2f48-4fb8-8c65-8f62d5c99f33,Ancient Near Eastern Texts Relating to the Old Testament with Supplement,James B. Pritchard,,INSERT,,no match found,,,Ancient Near Eastern Texts Relating to the Old Testament with Supplement,James B. Pritchard
60f94470-5eee-4529-b2bc-7252a7e414d7,Ancient Jewish and Christian Perceptions of Crucifixion,David W. Chapman,,INSERT,,no match found,,,Ancient Jewish and Christian Perceptions of Crucifixion,David W. Chapman
6108f0c7-dc59-45fa-afaf-4181db1d2c78,Bringing Out the Best in People,Alan Loy McGinnis,,INSERT,,no match found,,,Bringing Out the Best in People,Alan Loy McGinnis
6113ca2e-6473-4843-8fbe-92e66b2790a1,Hungarian Rhapsody,David Popper,,INSERT,,no match found,,,Hungarian Rhapsody,David Popper
613212fb-d953-44db-9f09-9c27ef83d122,A Hellenistic Anthology,Neil Hopkinson,,INSERT,,no match found,,,A Hellenistic Anthology,Neil Hopkinson
6144fbe5-f276-431c-9496-eb8d6a94cbbf,Great Ages of Man Imperial Rome,Moses Hadas,,INSERT,,no match found,,,Great Ages of Man Imperial Rome,Moses Hadas
615d6230-2b47-4f07-a931-c77a5ba70c92,Falstaff,James A. Hepokoski,,INSERT,,no match found,,,Falstaff,James A. Hepokoski
61670696-73f8-4766-b0e2-41501b47dc81,Cancionero,John Donald Robb,,INSERT,,no match found,,,Cancionero,John Donald Robb
616c95d9-5f3a-4073-afc9-41f176fe0405,Rembrandt's Eyes,Simon Schama; Rembrandt Harmenszoon van Rijn,,INSERT,,no match found,,,Rembrandt's Eyes,Simon Schama; Rembrandt Harmenszoon van Rijn
61727b6c-55d4-4bb3-802d-1d9a209a9a05,Kant: A Biography,Manfred Kuehn,,INSERT,,no match found,,,Kant: A Biography,Manfred Kuehn
618c9eb3-b32c-4b46-8c35-6bf6410b9b85,Six Canonic Sonatas,Georg Philipp Telemann,,INSERT,,no match found,,,Six Canonic Sonatas,Georg Philipp Telemann
618f7a59-5e46-41c5-9a93-ce0d016d9eda,Aristotle's Constitution of Athens and Related Texts; Transl. with an Introduction by Kurt Von Fritz and Ernst Kapp,Aristoteles; Kurt von Fritz; Ernst Kapp,,INSERT,,no match found,,,Aristotle's Constitution of Athens and Related Texts; Transl. with an Introduction by Kurt Von Fritz and Ernst Kapp,Aristoteles; Kurt von Fritz; Ernst Kapp
6193ea89-79b1-4322-b6a6-962e97fec2d7,A standard English-Swahili dictionary,Frederick Johnson,,INSERT,,no match found,,,A standard English-Swahili dictionary,Frederick Johnson
6198c837-c06d-47e5-8bc9-15bd4575fdc6,The Jews of Arab Lands,Norman A. Stillman,,INSERT,,no match found,,,The Jews of Arab Lands,Norman A. Stillman
619fc263-bfe7-4f09-a132-591080d36ed9,"Der Babylonische Talmud. Uebersetzt Nach der Ersten, Zensurfreien Ausg. (Venedig 1520-23), Mit Berücksichtigung der Neureren Ausgaben, Nebst Kurzen Erklärungen Von Lazarus Goldschmidt",Lazarus Goldschmidt,,INSERT,,no match found,,,"Der Babylonische Talmud. Uebersetzt Nach der Ersten, Zensurfreien Ausg. (Venedig 1520-23), Mit Berücksichtigung der Neureren Ausgaben, Nebst Kurzen Erklärungen Von Lazarus Goldschmidt",Lazarus Goldschmidt
61a5117e-49b5-4240-a328-f6dfba243413,Journal of Jewish Music and Liturgy,Louis H. Feldman,,INSERT,,no match found,,,Journal of Jewish Music and Liturgy,Louis H. Feldman
61af08a9-b889-4404-9156-c4de6eb4aad4,Jewish Thought in Dialogue,David Shatz,,INSERT,,no match found,,,Jewish Thought in Dialogue,David Shatz
61bfbf88-7030-4e29-857f-c0531e4124aa,The Rabbinical Council Manual of Holiday and Sabbath Sermons,Rabbinical Council of America,,INSERT,,no match found,,,The Rabbinical Council Manual of Holiday and Sabbath Sermons,Rabbinical Council of America
61de6c96-2a54-457b-bab5-6ea18a53678d,Harry Austryn Wolfson Jubilee Volume on the Occasion of His Seventy-fifthe Birthday,American Academy for Jewish Research,title+author(exact),BLOCKED,,title length ratio 5.93 > 1.5; title similarity 0.592 < 0.92; author similarity 0.545 < 0.75,Jubilee Volume,Harry Austryn Wolfson,Harry Austryn Wolfson Jubilee Volume on the Occasion of His Seventy-fifthe Birthday,American Academy for Jewish Research
61ea29f2-e857-41c3-8788-a93b1b5828e8,Gesammelte Werke,Karl Schwarzschild,title+author(exact),BLOCKED,,author similarity 0.434 < 0.75,Gesammelte Werke,Gerhart Hauptmann,Gesammelte Werke,Karl Schwarzschild
61f15e9f-bf83-46f8-ad77-5368b4ebf7ad,El viejo y el mar / The Old Man and the Sea,Ernest Hemingway,,INSERT,,no match found,,,El viejo y el mar / The Old Man and the Sea,Ernest Hemingway
61f58e89-7ed3-49dc-bbae-0f9b449576fa,Historiarum Libri,"Cornelii Taciti, C. D. Fisher",title+author(exact),UPDATE,year|language,,Historiarum Libri,"Cornelii Taciti, C. D. Fisher",Historiarum Libri,"Cornelii Taciti, C. D. Fisher"
61f5c9c7-daac-47af-b236-b5ed2ba04dfc,Hellenica Oxyrhynchia,Paul McKechnie; Stephen J. Kern,fuzzy(1.000),BLOCKED,,author similarity 0.369 < 0.75,Hellenica Oxyrhynchia,Vittorio Bartoletti,Hellenica Oxyrhynchia,Paul McKechnie; Stephen J. Kern
61f7d467-6f2a-4538-9af4-bc848f8869cd,Indian Art,K. Bharatha Iyer,,INSERT,,no match found,,,Indian Art,K. Bharatha Iyer
620384f4-ff05-43d3-aafa-90348f561c15,Maimonides' Mishneh Torah,Moses Maimonides,title+author(exact),UPDATE,title|author|year|language,,Maimonides (Mishneh Tora),Unknown,Maimonides' Mishneh Torah,Moses Maimonides
62089abb-1ab2-49e7-a54d-ca1fda090a0a,Phoenix,David Storey,title+author(exact),UPDATE,title|author|year|language,,The Phoenix,Unknown,Phoenix,David Storey
620d8db0-8f17-4c1f-9298-ef55d26adcec,"Greek Lyric Poetry. A Selection of Early Greek Lyric, Elegiac and Iambic Poetry by David A. Campbell,....",David A.. Campbell,,INSERT,,no match found,,,"Greek Lyric Poetry. A Selection of Early Greek Lyric, Elegiac and Iambic Poetry by David A. Campbell,....",David A.. Campbell
6219830b-8792-497d-9cdb-4006d2fd9ebb,Antony and Cleopatra,M. R. Ridley,,INSERT,,no match found,,,Antony and Cleopatra,M. R. Ridley
6227fffe-b48a-4ea5-bbce-00afc61303ec,Romances of Alexandre Dumas,Alexandre Dumas,,INSERT,,no match found,,,Romances of Alexandre Dumas,Alexandre Dumas
622a97ae-5ec4-4a3e-b81c-2a24c9c1340b,The Great Chain of Being,Arthur O. Lovejoy,,INSERT,,no match found,,,The Great Chain of Being,Arthur O. Lovejoy
622c3150-72c5-480c-ac3f-9fbec46552f0,Early Netherlandish Painting,Erwin Panofsky,,INSERT,,no match found,,,Early Netherlandish Painting,Erwin Panofsky
62370a14-2d24-402d-a9ed-f2774f8237be,The Flower Art of Japan,Mary Averill,,INSERT,,no match found,,,The Flower Art of Japan,Mary Averill
624043fd-4791-4577-99da-b74be4b2136b,English-Ju/'hoan Ju/'hoan-English Dictionary,Patrick Dickens,,INSERT,,no match found,,,English-Ju/'hoan Ju/'hoan-English Dictionary,Patrick Dickens
624b16dc-0a0b-4385-9afd-a35a10971356,The Papers of the Bibliographical Society of America,Bibliographical Society of America,fuzzy(1.000),BLOCKED,,author similarity 0.548 < 0.75,The PAPERS of the BIBLIOGRAPHICAL SOCIETY of AMERICA,"RICHARD KNOWLES, MARCUS A. McCORISON, ALAN R. YOUNG, SYDNEY J. SHEP",The Papers of the Bibliographical Society of America,Bibliographical Society of America
624bf195-90f2-4371-8da2-7dbcdb1b96d4,The Alternative Augustan Age,Kit Morrell; Josiah Osgood; Kathryn Welch,title+author(exact),BLOCKED,,title similarity 0.881 < 0.92; author similarity 0.568 < 0.75,THE ALTERNATIVE STORY,ZIPORA TALSHIR,The Alternative Augustan Age,Kit Morrell; Josiah Osgood; Kathryn Welch
6260a873-9105-4df2-9bca-567d94481d6a,The Phoenix,Sidney Sheldon; Tilly Bagshawe,title+author(exact),BLOCKED,,author similarity 0.523 < 0.75,Phoenix,Classical Association of Canada,The Phoenix,Sidney Sheldon; Tilly Bagshawe
626255aa-6b38-4c73-9deb-c0933d25bb7e,Utilitarianism,J. J. C. Smart; Bernard Williams,,INSERT,,no match found,,,Utilitarianism,J. J. C. Smart; Bernard Williams
626b514a-5357-4c30-b5a9-55867ac74a43,An Outline of European Architecture,Nikolaus Pevsner,title+author(exact),UPDATE,year|language,,An Outline of European Architecture,Nikolaus Pevsner,An Outline of European Architecture,Nikolaus Pevsner
62763fa5-c9f6-47c8-a337-241eb134bff0,History of England,G. M. Trevelyan,,INSERT,,no match found,,,History of England,G. M. Trevelyan
62882e1e-0701-439d-a033-d3cb187b2f1e,A New Thai-English/English-Thai Dictionary: Library Edition,Wit Thiengburanathum,,INSERT,,no match found,,,A New Thai-English/English-Thai Dictionary: Library Edition,Wit Thiengburanathum
628b085d-5afc-4fe7-b6c1-281b5c2b30dc,A Dictionary of Greek and Roman Biography and Mythology,William Smith,title+author(exact),UPDATE,title|year|language,,A DICTIONARY OF GREEK AND ROMAN BIOGRAPHY AND MYTHOLOGY,William Smith,A Dictionary of Greek and Roman Biography and Mythology,William Smith
628b5d64-658c-4f07-a753-72a6e70036b6,The Five Laws of Library Science,S. R. Ranganathan,title+author(exact),UPDATE,author|description|publisher|year|language,,The Five Laws of Library Science,S.R. Ranganathan,The Five Laws of Library Science,S. R. Ranganathan
629efde1-8504-439f-b1ba-e2c14e329d9e,Caspar David Friedrich,Norbert Wolf,,INSERT,,no match found,,,Caspar David Friedrich,Norbert Wolf
62a08214-8089-4905-bfdc-ba91c2a59ce3,Democracy Ancient and Modern,M. I. Finley,,INSERT,,no match found,,,Democracy Ancient and Modern,M. I. Finley
62abb982-79d3-4b31-af93-7efb82402205,Parva Naturalia,Aristotle,,INSERT,,no match found,,,Parva Naturalia,Aristotle
62acba2b-02ed-47d5-8ed0-d8fbbe610817,The Mature Mind,Gene D. Cohen,,INSERT,,no match found,,,The Mature Mind,Gene D. Cohen
62b683c1-ffae-4224-8445-0601d38a76a6,De Codice Coisliniano 120,Gustav Grosch,,INSERT,,no match found,,,De Codice Coisliniano 120,Gustav Grosch
62b96142-8225-4866-91c7-5b0b291a0676,Langenscheidt's Pocket Dictionary of the English and German Languages,Edmund Klatt,,INSERT,,no match found,,,Langenscheidt's Pocket Dictionary of the English and German Languages,Edmund Klatt
62ccc384-2d17-49cc-96dd-aaa99c19e0a2,Justice,James P. Sterba,,INSERT,,no match found,,,Justice,James P. Sterba
62d2435d-006e-40b8-8103-fc9e515254f3,The J. Paul Getty Museum,J. Paul Getty Museum; Jiří Frel; Burton B. Fredericksen; Gillian Wilson,,INSERT,,no match found,,,The J. Paul Getty Museum,J. Paul Getty Museum; Jiří Frel; Burton B. Fredericksen; Gillian Wilson
62da2bdb-2f39-4470-afd3-340729756a72,Savage Shorthand,Jerome Charyn,,INSERT,,no match found,,,Savage Shorthand,Jerome Charyn
62dc8052-7f0d-4d8f-8c85-c2e7f67047b7,Python,Joseph Eddy Fontenrose,title+author(exact),BLOCKED,,title length ratio 7.67 > 1.5; title similarity 0.826 < 0.92,PYTHON A Study of Delphic Myth and Its Origins,JOSEPH FONTENROSE,Python,Joseph Eddy Fontenrose
62de40b3-a75d-4eef-9d15-dff5e6565d13,Die Urkunden im Geschichtswerk des Thukydides,Carl Meyer,,INSERT,,no match found,,,Die Urkunden im Geschichtswerk des Thukydides,Carl Meyer
62ec0a16-ab92-41de-9295-8923eaed5d97,Ohel mo'ed,Na Ba,,INSERT,,no match found,,,Ohel mo'ed,Na Ba
62f557f5-dde3-49f5-9134-af481b20b41a,The Impact of Environmental Assessment,Kenneth Cauthen,title+author(exact),BLOCKED,,title similarity 0.827 < 0.92,The Impact of American Religious Liberalism,Kenneth Cauthen,The Impact of Environmental Assessment,Kenneth Cauthen
62f990e2-3f99-4d8e-a5d2-ac39a3226d97,The World of a Renaissance Jew,David B. Ruderman,,INSERT,,no match found,,,The World of a Renaissance Jew,David B. Ruderman
630468e3-f053-497d-9273-95650b75cb03,Bibliotheca scriptorum classicorum: Abt. Scriptores Latini,Wilhelm Engelmann,title+author(exact),BLOCKED,,title length ratio 2.55 > 1.5; title similarity 0.654 < 0.92,SCRIPTORUM CLASSICORUM,Unknown,Bibliotheca scriptorum classicorum: Abt. Scriptores Latini,Wilhelm Engelmann
632ff7e8-af96-4032-9425-fbe55a3539f0,A Commentary on the Book of Genesis,U. Cassuto,,INSERT,,no match found,,,A Commentary on the Book of Genesis,U. Cassuto
6338697a-3eb0-48ca-af7c-5b8b0d53e3f5,"History, Religion, and Antisemitism",Gavin I. Langmuir,,INSERT,,no match found,,,"History, Religion, and Antisemitism",Gavin I. Langmuir
633cfe36-7d07-41fd-b184-64f81f4c38d3,A Short History of Ethics,Alasdair MacIntyre,,INSERT,,no match found,,,A Short History of Ethics,Alasdair MacIntyre
63469e23-33a2-4930-b94b-3064117d376d,The Paths of History,Igor M. Diakonoff,,INSERT,,no match found,,,The Paths of History,Igor M. Diakonoff
634b304c-dafd-4b00-898a-ea55d708d334,"Studies in Honour of Gilbert Norwood. The Phoenix - Journal of the Classical Association of Canada, Supplementary",Classical Association of Canada; Mary E. White,title+author(exact),BLOCKED,,title length ratio 15.57 > 1.5; title similarity 0.545 < 0.92,Phoenix,Classical Association of Canada,"Studies in Honour of Gilbert Norwood. The Phoenix - Journal of the Classical Association of Canada, Supplementary",Classical Association of Canada; Mary E. White
6362bca6-0917-4101-8a71-5d4178d2f196,Pindar,Gilbert Norwood,fuzzy(1.000),BLOCKED,,author similarity 0.463 < 0.75,Pindar,C. M. Bowra,Pindar,Gilbert Norwood
637f18f1-995b-4e20-90e3-cc8a18b80359,Research Guide to the History of Western Art,W. Eugene Kleinbauer,,INSERT,,no match found,,,Research Guide to the History of Western Art,W. Eugene Kleinbauer
638385b1-d088-413d-a094-9d3690ea418c,The Frontiers of Economic Knowledge,Arthur F. Burns,,INSERT,,no match found,,,The Frontiers of Economic Knowledge,Arthur F. Burns
63857cf4-198f-40c3-bb8a-4bb8e5253384,Jews in the world of the Renaissance,Moses A. Shulvass,title+author(exact),UPDATE,title|publisher|year|language,,The Jews in the World of the Renaissance,Moses A. Shulvass,Jews in the world of the Renaissance,Moses A. Shulvass
6394c241-fc49-4849-897a-c74e96f27556,Maimonidean Studies,Unknown,,INSERT,,no match found,,,Maimonidean Studies,Unknown
63a41ff3-92e0-4c1a-b01b-1616d56f56a2,L'arte cabbalistica,Johann Reuchlin,,INSERT,,no match found,,,L'arte cabbalistica,Johann Reuchlin
63a4c213-3740-4a5e-af72-40da3ac03d41,Greek political Theory,Ernest Barker,,INSERT,,no match found,,,Greek political Theory,Ernest Barker
63a8b38a-acc7-4692-a7fe-f8cb90c8c38e,"Hebraica, Judaica",M. Sanders,,INSERT,,no match found,,,"Hebraica, Judaica",M. Sanders
63cf6565-3fca-4774-b6cf-26c972aac299,Shirei Israel,Israel Alter,,INSERT,,no match found,,,Shirei Israel,Israel Alter
63d5af09-2397-44ad-a21a-aaa8ba3c089e,Daniel Deronda,George Eliot,title+author(exact),UPDATE,description|publisher|year|language,,Daniel Deronda,George Eliot,Daniel Deronda,George Eliot
63d5f85d-3096-46d6-bf04-b1d1e99425d4,Martin Puryear,John Elderfield,,INSERT,,no match found,,,Martin Puryear,John Elderfield
63ddb40e-1fba-4379-8430-529fad8f39eb,Geschichte der arabischen Litteratur,Carl Brockelmann,,INSERT,,no match found,,,Geschichte der arabischen Litteratur,Carl Brockelmann
63e564f2-c5e5-4834-ad66-373683f66de5,"Greek Oared Ships, 900-322 B. C.",John S. Morrison; Roderick T. Williams,,INSERT,,no match found,,,"Greek Oared Ships, 900-322 B. C.",John S. Morrison; Roderick T. Williams
63efcbe3-b281-49dc-ab53-7999bd4adf46,Modern Jewish History,Robert Chazan; Marc Lee Raphael,,INSERT,,no match found,,,Modern Jewish History,Robert Chazan; Marc Lee Raphael
640718a7-6cdf-445f-9982-e02675594e98,The Jewish Sources of the Sermon on the Mount,Gerald Friedlander,,INSERT,,no match found,,,The Jewish Sources of the Sermon on the Mount,Gerald Friedlander
640a6224-dba3-48e0-b842-48937f238e0d,Christian Imaginations of the Religious Other,Marianne Moyaert,title+author(exact),BLOCKED,,title similarity 0.731 < 0.92; author similarity 0.515 < 0.75,Other Christian Writings in the Loeb Series,"Bede, Boethius, Jerome, Prudentius, Tertullian, The Apostolic Fathers, St. Basil, Clement of Alexandria, Eusebius",Christian Imaginations of the Religious Other,Marianne Moyaert
64197d8d-61bb-4a8d-852a-1f1d56847fb8,Die Ruhrtalbahn,Martin Menke,,INSERT,,no match found,,,Die Ruhrtalbahn,Martin Menke
6426d4ec-e4b2-4f02-bfa0-041654ed48d4,Last Call,Harry Mulisch,,INSERT,,no match found,,,Last Call,Harry Mulisch
64374788-377a-463f-8b59-8a5b3417a7dc,Modern Swedish Grammar,Immanuel Bjorkhagen,,INSERT,,no match found,,,Modern Swedish Grammar,Immanuel Bjorkhagen
643ac5de-daa3-486d-843d-4b044f089ace,The Myth of Invariance,Ernest G. McClain,title+author(exact),UPDATE,year|language,,The Myth of Invariance,Ernest G. McClain,The Myth of Invariance,Ernest G. McClain
64511631-a755-4f52-ab89-ae41625feba5,The Idiot,Fyodor Dostoevsky,title+author(exact),UPDATE,title|author|description|year|language,,THE IDIOT,FYODOR DOSTOEVSKY,The Idiot,Fyodor Dostoevsky
6468cd94-013f-46dc-981a-564d07f24762,Rebuilding the Ancestral Village,Kung Eng Kuah,title+author(exact),BLOCKED,,title similarity 0.561 < 0.92; author similarity 0.414 < 0.75,The Ancestral Constitution,Alexander Fuks,Rebuilding the Ancestral Village,Kung Eng Kuah
646b7451-7042-4d66-b872-cfa1cdac63b4,Aucassin and Nicolette,Eugene Mason,,INSERT,,no match found,,,Aucassin and Nicolette,Eugene Mason
6478ac7b-d16e-44f3-85b1-b7a4a61a65e4,Celer Et Audax,Gibbes Rigaud,,INSERT,,no match found,,,Celer Et Audax,Gibbes Rigaud
649a5c74-942d-4e5b-825f-9b4b6b8fde41,170 Foundation Studies for Violoncello,Alwin Schröder,,INSERT,,no match found,,,170 Foundation Studies for Violoncello,Alwin Schröder
64b0204e-6da2-4cb4-a93a-d375f69a6ebb,Strabo,Gustav Kramer,,INSERT,,no match found,,,Strabo,Gustav Kramer
64b4d652-bf12-4653-8d80-69f663ed0c17,Greece in the Making 1200-479 BC,Robin Osborne,,INSERT,,no match found,,,Greece in the Making 1200-479 BC,Robin Osborne
64c4acec-165f-4103-ad9a-ec94dd87799e,"Bibliographical Guide to Self-disclosure Literature, 1956-1976",Carolyn Moss,,INSERT,,no match found,,,"Bibliographical Guide to Self-disclosure Literature, 1956-1976",Carolyn Moss
64d30a00-f7ec-423b-8e3e-6579683e7d0c,Definitive Biography of P.D.Q. Bach,Peter Schickele,,INSERT,,no match found,,,Definitive Biography of P.D.Q. Bach,Peter Schickele
64d6986a-6ef7-40dd-9717-d32777cd26e3,"Book review of Tradition in an age of reform ; the religious philosophy of Samson Raphael Hirsch, by Noah H. Rosenbloom",Mordechai Breuer,,INSERT,,no match found,,,"Book review of Tradition in an age of reform ; the religious philosophy of Samson Raphael Hirsch, by Noah H. Rosenbloom",Mordechai Breuer
64d73e4a-afb4-4773-90c5-8f0f8dae5f5c,"Hesiodi Theogonia, Opera et dies, Scutum",Hesiodus; Friedrich Solmsen; M. L. West; R. Merkelbach,,INSERT,,no match found,,,"Hesiodi Theogonia, Opera et dies, Scutum",Hesiodus; Friedrich Solmsen; M. L. West; R. Merkelbach
64e87a81-fe98-43f5-abe6-a649fc0054b4,Phoenix,Unknown,title+author(exact),UPDATE,title|year|language,,The Phoenix,Unknown,Phoenix,Unknown
64f2fda3-f442-4976-8f19-c2f739c511cf,The Last Temptation of Christ,Nikos Kazantzakis,,INSERT,,no match found,,,The Last Temptation of Christ,Nikos Kazantzakis
64f4a830-8cf9-4ea2-9c62-89c3ef641b6d,World's Great Detective Stories,Unknown,,INSERT,,no match found,,,World's Great Detective Stories,Unknown
64ff897a-99fa-4995-8034-5260a3ed4dca,Reader in Research Methods for Librarianship,Mary Lee Bundy; Paul Wasserman,,INSERT,,no match found,,,Reader in Research Methods for Librarianship,Mary Lee Bundy; Paul Wasserman
6504be10-4616-4770-9414-cdffc04c575c,The Rabbi from Jerusalem,Rahel Inbar; Simcha Raz,,INSERT,,no match found,,,The Rabbi from Jerusalem,Rahel Inbar; Simcha Raz
6510bc8c-74e7-4de3-80f6-8aa96388dcf5,The Assistant,Bernard Malamud,,INSERT,,no match found,,,The Assistant,Bernard Malamud
65185b07-2d9e-4f32-8dfc-25fffb43617b,Inheritance,Benjamin J. Curry,,INSERT,,no match found,,,Inheritance,Benjamin J. Curry
65209dc9-a5ba-4186-98b4-5b5b581b3f6f,The Meaning of the Dead Sea Scrolls,James VanderKam; Peter Flint,,INSERT,,no match found,,,The Meaning of the Dead Sea Scrolls,James VanderKam; Peter Flint
65280b60-05b4-4496-a762-fd3e21270f8e,The Cults of the Greek States,Lewis Richard Farnell,title+author(exact),UPDATE,description|year|language,,The Cults of the Greek States,Lewis Richard Farnell,The Cults of the Greek States,Lewis Richard Farnell
654b1c01-5ad7-4517-9a18-9aeee4b1f3b5,Hebrew Codicology,Malachi Beit-Arié,,INSERT,,no match found,,,Hebrew Codicology,Malachi Beit-Arié
655e4296-9fc1-40ca-ab8a-0adbbbc330dc,Elements of Neurophysiology,Sidney Ochs,,INSERT,,no match found,,,Elements of Neurophysiology,Sidney Ochs
6568494f-8fbd-4ae6-bcdb-c710da317e72,The Dead Sea Scrolls,Rappaport; Devorah Dimant,,INSERT,,no match found,,,The Dead Sea Scrolls,Rappaport; Devorah Dimant
65695a4a-e160-4059-a9f2-b743fe03d2e0,"US-219 (Southern Expressway, Section 3-4)",Unknown,,INSERT,,no match found,,,"US-219 (Southern Expressway, Section 3-4)",Unknown
6571f025-f887-4163-9483-c6ab8c1a9e7b,The Organization of Knowledge in Libraries and the Subject-approach to Books,Henry Evelyn Bliss,title+author(exact),UPDATE,title|year|language,,The Organization of Knowledge in Libraries and the Subject-Approach to Books,Henry Evelyn Bliss,The Organization of Knowledge in Libraries and the Subject-approach to Books,Henry Evelyn Bliss
65786d51-7e7d-4657-8f3b-7c3cde7c1872,Practicing History,Barbara W. Tuchman,,INSERT,,no match found,,,Practicing History,Barbara W. Tuchman
65795d72-267e-4cc2-be46-e5632fddcf3d,The Papers of the Bibliographical Society of America,Bibliographical Society of America,title+author(exact),BLOCKED,,author similarity 0.508 < 0.75,THE PAPERS OF THE BIBLIOGRAPHICAL SOCIETY OF AMERICA,"Andrea Krupp, Jennifer Woods Rosner, Gary Taylor, Robert D. Armstrong, Juliet Gardiner",The Papers of the Bibliographical Society of America,Bibliographical Society of America
657b8da1-2507-4e1d-bccb-87bb091f5192,Phoenix : the journal of the Classical Association of Canada,Classical Association of Canada,title+author(exact),BLOCKED,,title length ratio 8.29 > 1.5; title similarity 0.824 < 0.92,Phoenix,Classical Association of Canada,Phoenix : the journal of the Classical Association of Canada,Classical Association of Canada
658146d6-686e-418a-b3dc-3c6e249e7756,Thucydides,Thucydides,fuzzy(1.000),BLOCKED,,author similarity 0.278 < 0.75,Thucydides,W. Robert Connor,Thucydides,Thucydides
659063ff-49c8-4634-827e-dcc25562780a,Let Jasmine Rain Down,Kay Kaufman Shelemay,,INSERT,,no match found,,,Let Jasmine Rain Down,Kay Kaufman Shelemay
65994da9-a79a-4ac6-8b48-82d1083ce5a5,Anatomy of an Illness as Perceived by the Patient,Norman Cousins,,INSERT,,no match found,,,Anatomy of an Illness as Perceived by the Patient,Norman Cousins
659d4b9f-1ca1-44f0-b286-c1bbb6d64a70,ALS GEFANGENE BEI STALIN UND HITLER.,Margarete Buber Neumann,,INSERT,,no match found,,,ALS GEFANGENE BEI STALIN UND HITLER.,Margarete Buber Neumann
65b75fec-24e1-453e-a893-e92841994f23,Scripta Classica Israelica,Unknown,,INSERT,,no match found,,,Scripta Classica Israelica,Unknown
65d0edf2-1098-4a3a-a1c0-d9b2086b7bfc,Colloquial Persian,Leila Moshiri,,INSERT,,no match found,,,Colloquial Persian,Leila Moshiri
6612ecb4-c3d4-47c9-a565-486f5365bb56,The American Sephardi,Amdoke Dabash,,INSERT,,no match found,,,The American Sephardi,Amdoke Dabash
661443da-17ad-4956-ad17-985fbef09e26,Gesammelte Schriften,Samson Raphael Hirsch,,INSERT,,no match found,,,Gesammelte Schriften,Samson Raphael Hirsch
661c0061-e843-4cd7-8868-707572a15ed1,Dido and Aeneas,Henry Purcell,,INSERT,,no match found,,,Dido and Aeneas,Henry Purcell
66244f57-806c-4bb7-a949-7ebf912a12d1,Rosencrantz & Guildenstern are Dead,Tom Stoppard,,INSERT,,no match found,,,Rosencrantz & Guildenstern are Dead,Tom Stoppard
6624df46-48bd-428d-953c-3537bda053dc,"A History of Greek Philosophy: Volume 3, The Fifth Century Enlightenment, Part 1, The Sophists",William Keith Chambers Guthrie,,INSERT,,no match found,,,"A History of Greek Philosophy: Volume 3, The Fifth Century Enlightenment, Part 1, The Sophists",William Keith Chambers Guthrie
66251d52-54d3-4031-8eaa-6c809285993d,The Hasidim,Ira Moskowitz; Isaac Bashevis Singer,,INSERT,,no match found,,,The Hasidim,Ira Moskowitz; Isaac Bashevis Singer
662b244d-92ca-416b-8732-c9e148192125,Ancient Literary Criticism,Donald Andrew Russell; Michael Winterbottom,,INSERT,,no match found,,,Ancient Literary Criticism,Donald Andrew Russell; Michael Winterbottom
6636e441-4b6d-4cfb-a8da-412bbce3512e,Maimonides' Political Thought,Howard Kreisel,,INSERT,,no match found,,,Maimonides' Political Thought,Howard Kreisel
66379e02-b4e7-491e-9319-809b5c37ef13,How to Pronounce it,Alan Strode Campbell Ross,,INSERT,,no match found,,,How to Pronounce it,Alan Strode Campbell Ross
663ae4b8-aa9a-42b9-aba8-c66a8e994166,The Mabinogion,Unknown,title+author(exact),UPDATE,year|language,,The Mabinogion,Unknown,The Mabinogion,Unknown
66539be9-ea34-4cea-b7b4-e499149990e0,The Theaetetus of Plato,Myles Burnyeat; M. J. Levett,,INSERT,,no match found,,,The Theaetetus of Plato,Myles Burnyeat; M. J. Levett
666ab383-c797-407f-8603-089ed341d0f6,Hoffmanns Erzählungen,Jacques Offenbach; Jules Barbier; Michel Carré,,INSERT,,no match found,,,Hoffmanns Erzählungen,Jacques Offenbach; Jules Barbier; Michel Carré
66701078-2b36-4eb6-acb3-e312e50c3326,Intellectual revolution in twelfth-century Europe,T. Stiefel,,INSERT,,no match found,,,Intellectual revolution in twelfth-century Europe,T. Stiefel
6670848a-2053-4812-8d0c-115953ac8dc7,King Charles I,Pauline Gregg,,INSERT,,no match found,,,King Charles I,Pauline Gregg
66777c6a-8199-4ee5-86a2-fadc6340229b,Gnosis the nature and history of an ancient religion,Kurt Rudolph,,INSERT,,no match found,,,Gnosis the nature and history of an ancient religion,Kurt Rudolph
6685e2a9-8f20-4f25-a252-1d6f404129fc,The Cambridge Companion to Habermas,Stephen K. White,,INSERT,,no match found,,,The Cambridge Companion to Habermas,Stephen K. White
66968c68-2f68-4f29-a1c3-33011d59dcd3,Peace,Aristophane,,INSERT,,no match found,,,Peace,Aristophane
669d933a-9fbc-4b60-9e14-30963cc07620,Scriptorum Classicorum Bibliotheca Oxoniensis,Unknown,title+author(exact),UPDATE,title|year|language,,SCRIPTORUM CLASSICORUM BIBLIOTHECA OXONIENSIS,Unknown,Scriptorum Classicorum Bibliotheca Oxoniensis,Unknown
66a29b71-4b21-4f01-ae00-1477aceb4a30,Alice in Wonderland: The Nabokov Russian Translation,Lewis Carroll,,INSERT,,no match found,,,Alice in Wonderland: The Nabokov Russian Translation,Lewis Carroll
66ad4252-bc34-4f39-8693-51df82772b42,"Demokratia, the Gods, and the Free World",James Henry Oliver,,INSERT,,no match found,,,"Demokratia, the Gods, and the Free World",James Henry Oliver
66ae6ccc-9ea4-476b-9d54-2107e913756f,Complete Works of Geoffrey Chaucer,Geoffrey Chaucer,,INSERT,,no match found,,,Complete Works of Geoffrey Chaucer,Geoffrey Chaucer
66bb0493-ca70-4c5e-af4c-b717f5eb0ec1,The Cambridge Companion to the Talmud and Rabbinic Literature,Charlotte Elisheva Fonrobert; Martin S. Jaffee,,INSERT,,no match found,,,The Cambridge Companion to the Talmud and Rabbinic Literature,Charlotte Elisheva Fonrobert; Martin S. Jaffee
66c69c44-73e1-4b8a-820e-d7603fee135f,Gersonides,Seymour Feldman,,INSERT,,no match found,,,Gersonides,Seymour Feldman
66ca9fa1-3c3b-4dfd-94b0-4405b6ec78b5,Moses the Egyptian,Jan Assmann,,INSERT,,no match found,,,Moses the Egyptian,Jan Assmann
66da2e50-9dd9-4929-aeb6-78a588fd19fa,The Penguin Book of Greek Verse,Constantine A. Trypanis,,INSERT,,no match found,,,The Penguin Book of Greek Verse,Constantine A. Trypanis
66dcf910-a313-4d32-8847-41389c6575ea,The Peasant Cantata,Johann Sebastian Bach,,INSERT,,no match found,,,The Peasant Cantata,Johann Sebastian Bach
66e6e001-843d-4c28-bd28-0532893a63b5,The Central Law Journal,GEORGE ELIOT,,INSERT,,no match found,,,The Central Law Journal,GEORGE ELIOT
671f3ebd-2cdc-4fcc-bdbb-13857943c216,"The Greeks in Bactria and India (reprint of Cambridge, 1951).",W. W. Tarn,,INSERT,,no match found,,,"The Greeks in Bactria and India (reprint of Cambridge, 1951).",W. W. Tarn
6720ddc2-294b-4cea-b68e-8710eb36a184,Fear and trembling,Søren Kierkegaard,,INSERT,,no match found,,,Fear and trembling,Søren Kierkegaard
676fbc14-ab06-4a2d-9346-75b336e881e5,Art and the Creative Unconscious,Erich Neumann,,INSERT,,no match found,,,Art and the Creative Unconscious,Erich Neumann
678017c1-6906-470f-a3a2-a689af8dee06,Both Sides of the Wire,Ted Jones,,INSERT,,no match found,,,Both Sides of the Wire,Ted Jones
679b970d-6fef-4fbc-bc23-7324faca6f0e,Between the Yeshiva World and Modern Orthodoxy,Marc B. Shapiro,,INSERT,,no match found,,,Between the Yeshiva World and Modern Orthodoxy,Marc B. Shapiro
679bd72a-081d-437f-a730-ab40573184ed,Religion and the Individual,Louis Jacobs,title+author(exact),BLOCKED,,title length ratio 3.00 > 1.5; title similarity 0.612 < 0.92; author similarity 0.415 < 0.75,AUTO AND JUDAADM: The Individual and the Community in Jewish Philosophical Thought,Daniel H. Frank,Religion and the Individual,Louis Jacobs
679f5601-b590-4d4a-bd10-2228addcb9bc,Slavery in Classical Antiquity,Moses I. Finley,,INSERT,,no match found,,,Slavery in Classical Antiquity,Moses I. Finley
67ace586-6329-4664-8844-aaca873d0586,Sefer Ha-'Ikkarim. Book of Principles ... Critically Edited ... with a Translation and Notes by Isaac Husik,Joseph Albo; Isaac HUSIK,title+author(exact),BLOCKED,,title length ratio 2.77 > 1.5; title similarity 0.872 < 0.92,Sefer Ha-'Ikkarim Book of Principles,"Joseph Albo, Isaac Husik",Sefer Ha-'Ikkarim. Book of Principles ... Critically Edited ... with a Translation and Notes by Isaac Husik,Joseph Albo; Isaac HUSIK
67b3a0e1-2077-4869-ab57-f815c663ba2b,Dictionary of Post Classical Yemeni Arabic,Moshe Piamenta,,INSERT,,no match found,,,Dictionary of Post Classical Yemeni Arabic,Moshe Piamenta
67c31629-4c9e-49ee-b73a-5e676c0ae176,Biblical and Judaic Acronyms,Lawrence Marwick,,INSERT,,no match found,,,Biblical and Judaic Acronyms,Lawrence Marwick
67c8cccf-2998-4442-91b5-76777b785b15,Athenian Clubs in Politics and Litigation,George Miller Calhoun,title+author(exact),UPDATE,title|year|language|category_id,,Athenian Clubs In Politics And Litigation,George Miller Calhoun,Athenian Clubs in Politics and Litigation,George Miller Calhoun
67cc7a73-727f-4612-99ae-06a792ef3954,Bleak House,Charles Dickens,,INSERT,,no match found,,,Bleak House,Charles Dickens
67d1351e-92be-40b2-818c-f0accaff6b16,Studies in Maimonides and His Interpreters,Marc B. Shapiro,,INSERT,,no match found,,,Studies in Maimonides and His Interpreters,Marc B. Shapiro
67ea6582-a6aa-4cad-9300-22a386312d08,Friday evening service... according to the Union prayer book of the Jewish worship,Maurice Goldman,,INSERT,,no match found,,,Friday evening service... according to the Union prayer book of the Jewish worship,Maurice Goldman
67f04cfa-2e7d-46f2-9cc2-5d03b6e16d51,The Invention of Racism in Classical Antiquity,Benjamin Isaac,,INSERT,,no match found,,,The Invention of Racism in Classical Antiquity,Benjamin Isaac
6805b00c-8999-4511-8bb3-487dd74b7490,The Slim Gourmet,Martin Lederman,,INSERT,,no match found,,,The Slim Gourmet,Martin Lederman
680ad1d4-3977-4f98-b1a3-accc6e5c044e,Antic Hay,Aldous Huxley,,INSERT,,no match found,,,Antic Hay,Aldous Huxley
68249bfb-c672-4f62-b050-660b230b3480,Koine Eirene,T. T. B. Ryder,,INSERT,,no match found,,,Koine Eirene,T. T. B. Ryder
6824d6a5-8424-4dd4-a28c-5a66588613de,The Papers of the Bibliographical Society of America,Bibliographical Society of America,fuzzy(1.000),BLOCKED,,author similarity 0.548 < 0.75,The PAPERS of the BIBLIOGRAPHICAL SOCIETY of AMERICA,"RICHARD KNOWLES, MARCUS A. McCORISON, ALAN R. YOUNG, SYDNEY J. SHEP",The Papers of the Bibliographical Society of America,Bibliographical Society of America
682f0edf-f6f7-4676-a0ca-0a6694d66ce4,A Lexicon Abridged from Liddell & Scott's Greek-English Lexicon,Henry George Liddell; Robert Scott; James Morris Whiton,,INSERT,,no match found,,,A Lexicon Abridged from Liddell & Scott's Greek-English Lexicon,Henry George Liddell; Robert Scott; James Morris Whiton
68306d02-ddaf-4888-855d-87d4f7f3e7e9,Carnal Israel,Daniel Boyarin,,INSERT,,no match found,,,Carnal Israel,Daniel Boyarin
6843ba91-d008-481c-abca-644564e8583e,The Book in the Jewish World,Zeev Gries,,INSERT,,no match found,,,The Book in the Jewish World,Zeev Gries
6843d87f-cd88-4229-afaf-ca3117665b93,A Manual of Sumerian Grammar and Texts,John Hayes,,INSERT,,no match found,,,A Manual of Sumerian Grammar and Texts,John Hayes
68520ede-f6d3-48c3-aabd-634d8734a590,Schein und Sein,Wilhelm Busch,,INSERT,,no match found,,,Schein und Sein,Wilhelm Busch
6854a159-082c-49ea-855a-ecc6eee69ca9,The Canterbury Tales,Geoffrey Chaucer,,INSERT,,no match found,,,The Canterbury Tales,Geoffrey Chaucer
68572f7d-e593-498b-b366-65cbc72b94b9,"Sonata in G Major, Op. 49",Ludwig van Beethoven,,INSERT,,no match found,,,"Sonata in G Major, Op. 49",Ludwig van Beethoven
6862ea33-075b-4ac6-8e37-afe6d367bfbb,Das Erbe am Rhein,René Schickele,title+author(exact),UPDATE,title|author|year|language,,DAS ERBE AM RHEIN,RENÉ SCHICKELE,Das Erbe am Rhein,René Schickele
68718a69-8c4c-4f19-91c2-1da455447029,Todah w'simrah,Louis Lewandowski,,INSERT,,no match found,,,Todah w'simrah,Louis Lewandowski
687b3fd7-f166-45bd-8c9e-92cb3cd9ffc7,A European Past,Felix Gilbert,,INSERT,,no match found,,,A European Past,Felix Gilbert
687d6987-3908-4c46-b166-c23199d4a802,Gianni Schicchi,Giacomo Puccini,,INSERT,,no match found,,,Gianni Schicchi,Giacomo Puccini
6886be81-d6c3-41bc-ac40-74e8b80272f3,Finnish,Fred Karlsson,,INSERT,,no match found,,,Finnish,Fred Karlsson
6891acdc-109c-4ca4-9474-f19beb634665,Drôle de voyage,Pierre Drieu La Rochelle,,INSERT,,no match found,,,Drôle de voyage,Pierre Drieu La Rochelle
68965dca-987b-41c9-a667-6f32170b7bee,Untersuchungen Zur Geschichte Des Athenischen Strafrechts,Eberhard Ruschenbusch,,INSERT,,no match found,,,Untersuchungen Zur Geschichte Des Athenischen Strafrechts,Eberhard Ruschenbusch
68a6dc29-be5a-48ee-865a-a93c73b40ad7,La Bulle,Unknown,,INSERT,,no match found,,,La Bulle,Unknown
68aae3a3-20a0-4e77-972d-b6ea4c67977b,Poetry and Criticism Before Plato,Rosemary Harriott,,INSERT,,no match found,,,Poetry and Criticism Before Plato,Rosemary Harriott
68b46449-85b6-4015-aede-123319e3fb07,The Great Persian War and Its Preliminaries,G. B. Grundy,,INSERT,,no match found,,,The Great Persian War and Its Preliminaries,G. B. Grundy
68c9d30c-6fe2-455d-b745-601253db99c3,The Cambridge Companion to the Talmud and Rabbinic Literature,Charlotte Elisheva Fonrobert; Martin S. Jaffee,,INSERT,,no match found,,,The Cambridge Companion to the Talmud and Rabbinic Literature,Charlotte Elisheva Fonrobert; Martin S. Jaffee
68cb0a95-9af9-4943-a843-4ee25367590f,Find the Law in the Library,John Corbin; American Library Association,,INSERT,,no match found,,,Find the Law in the Library,John Corbin; American Library Association
68cf6fc6-43fb-4c51-883d-a71b6d8a45b6,L'éthique à Nicomaque,Aristote; René Antoine Gauthier; Jean Yves Jolif,,INSERT,,no match found,,,L'éthique à Nicomaque,Aristote; René Antoine Gauthier; Jean Yves Jolif
68d7eb3a-3838-4835-af68-25b4e8cc3893,Modernism and the Grounds of Law,Peter Fitzpatrick,title+author(exact),BLOCKED,,title length ratio 1.52 > 1.5; title similarity 0.535 < 0.92,Law and Social Theory,Peter Fitzpatrick,Modernism and the Grounds of Law,Peter Fitzpatrick
68e33307-e4bb-4523-b19a-b042aad5ced1,Dog Years,Günter Grass,,INSERT,,no match found,,,Dog Years,Günter Grass
68ea6a20-74b4-4d5c-b53f-6f83475e9c6b,Rembrandt,Trewin Copplestone,,INSERT,,no match found,,,Rembrandt,Trewin Copplestone
68eac0ef-8f12-46a0-80a6-a9d5b6e6ecba,Gateway to Self-knowledge,Zelig Pliskin,,INSERT,,no match found,,,Gateway to Self-knowledge,Zelig Pliskin
68eb63d4-497a-4eca-8c89-966129848d5f,The Peasant Cantata,Johann Sebastian Bach,,INSERT,,no match found,,,The Peasant Cantata,Johann Sebastian Bach
68ecd8f6-11d5-4ef2-9f4d-3df220821f31,Jewish Religious Extremism,Isi Leibler,,INSERT,,no match found,,,Jewish Religious Extremism,Isi Leibler
68f1e9a2-a47d-4c5f-901c-f17d3c3420b2,I Never Promised You a Rose Garden,Joanne Greenberg,,INSERT,,no match found,,,I Never Promised You a Rose Garden,Joanne Greenberg
68f241fe-91f4-46eb-9556-419d81589e81,Intimates and ultimates,Manfred Erich Swarsensky,,INSERT,,no match found,,,Intimates and ultimates,Manfred Erich Swarsensky
68f49fe4-f7a4-4f36-b09e-e2a44835fa29,Gesammelte Werke,Karl Schwarzschild,title+author(exact),BLOCKED,,author similarity 0.434 < 0.75,Gesammelte Werke,Gerhart Hauptmann,Gesammelte Werke,Karl Schwarzschild
68fe0233-e787-4e03-bc74-74f545d57f2d,Leben des Galilei,Bertolt Brecht,,INSERT,,no match found,,,Leben des Galilei,Bertolt Brecht
690a5241-d654-4c6d-8cc5-38bded72c770,An Intermediate Greek-English Lexicon,Henry George Liddell; Robert Scott,,INSERT,,no match found,,,An Intermediate Greek-English Lexicon,Henry George Liddell; Robert Scott
692c4ee5-4b8f-4571-b6d3-ababc5e70ec5,The Papers of the Bibliographical Society of America,Bibliographical Society of America,title+author(exact),BLOCKED,,author similarity 0.561 < 0.75,The Papers of the Bibliographical Society of America,"Roger E. Stoddard, Giles Mandelbrote, Richard Landon, Lenore Coral, Karen Nipps, Gabriel Austin, Christian Coppens, Henri Schiller, Eric Holzenberg, Roland Folter",The Papers of the Bibliographical Society of America,Bibliographical Society of America
692f52d0-416f-461b-896f-84a1b4c78573,The Phoenix Project,Gene Kim; Kevin Behr; George Spafford,title+author(exact),BLOCKED,,title length ratio 2.14 > 1.5; title similarity 0.893 < 0.92,The Phoenix,Unknown,The Phoenix Project,Gene Kim; Kevin Behr; George Spafford
69399016-28dd-451b-8056-87e44daa276b,The Cambridge Ancient History,F. W. Walbank; A. E. Astin; M. W. Frederiksen; R. M. Ogilvie,,INSERT,,no match found,,,The Cambridge Ancient History,F. W. Walbank; A. E. Astin; M. W. Frederiksen; R. M. Ogilvie
694536f6-7021-4756-aab7-54f28f21d6cd,SENECA'S THYESTES,SENECA.,title+author(exact),UPDATE,title|author|year|language,,Seneca's Thyestes,Seneca,SENECA'S THYESTES,SENECA.
694c8699-fe3d-45d7-b6f8-61b38cfac53a,הנהלת-חשבונות סוג 2,האוניברסיטה הפתוחה. המסלול להכשרה מקצועית,,INSERT,,no match found,,,הנהלת-חשבונות סוג 2,האוניברסיטה הפתוחה. המסלול להכשרה מקצועית
6962bf99-63d7-472c-9272-4eff52f2f1d8,Romeo and Juliet,Jorge González; William Shakespeare,,INSERT,,no match found,,,Romeo and Juliet,Jorge González; William Shakespeare
69804767-3a14-4e80-a719-baaf89efaf4a,Tintern Abbey,David Martin Robinson,,INSERT,,no match found,,,Tintern Abbey,David Martin Robinson
6990e42c-faab-4c73-9b3b-6af142d67f59,The Cambridge companion to William James,Ruth Anna Putnam,,INSERT,,no match found,,,The Cambridge companion to William James,Ruth Anna Putnam
69b01752-ed99-4b85-84a2-03f1bf68de81,"Le trouble et la lumière, 1955-1998",Pierre Vidal-Naquet,title+author(exact),BLOCKED,,title similarity 0.693 < 0.92,"Mémoires: la brisure et l'attente, 1930-1955",Pierre Vidal-Naquet,"Le trouble et la lumière, 1955-1998",Pierre Vidal-Naquet
69b18a50-1a21-4fb5-aadf-0a6104b29197,The World of Qumran from Within,Shemaryahu Talmon,,INSERT,,no match found,,,The World of Qumran from Within,Shemaryahu Talmon
69b81225-1fb3-4256-b94d-c259e4692097,Cancer Ward,Alexander L. Solzhenitsyn,,INSERT,,no match found,,,Cancer Ward,Alexander L. Solzhenitsyn
69c7be16-a8c1-4f08-a7df-6c1f0c6860ce,A Short History of the Jewish People,Cecil Roth,title+author(exact),BLOCKED,,title length ratio 2.62 > 1.5; title similarity 0.462 < 0.92,THE JEWISH PEOPLE,CECIL ROTH,A Short History of the Jewish People,Cecil Roth
69e04ec4-dba8-44ad-a051-46e70f139dd4,The Lost Ones,Samuel Beckett,title+author(exact),UPDATE,year|language,,The Lost Ones,Samuel Beckett,The Lost Ones,Samuel Beckett
69f77974-1d57-41ae-9b1a-0c4e505403af,Akkadisches Handwörterbuch,Wolfram von Soden,,INSERT,,no match found,,,Akkadisches Handwörterbuch,Wolfram von Soden
69f8dda1-8e14-4290-a936-e4bc0dccde70,Roget's Thesaurus,Unknown,,INSERT,,no match found,,,Roget's Thesaurus,Unknown
69fb49a5-dcae-4faf-80ec-f4f9b43aebee,"Sanity, Madness and the Family",R.D Laing; Aaron Esterson,,INSERT,,no match found,,,"Sanity, Madness and the Family",R.D Laing; Aaron Esterson
69fdd936-3d0a-451f-ba83-c9dc90925a79,The Ordeal of Gilbert Pinfold,Evelyn Waugh,,INSERT,,no match found,,,The Ordeal of Gilbert Pinfold,Evelyn Waugh
6a22f768-b771-4f5c-8df1-9cb051ecfb8c,The Cambridge Companion to Gadamer,Robert J. Dostal,,INSERT,,no match found,,,The Cambridge Companion to Gadamer,Robert J. Dostal
6a303637-fe96-4096-98df-489d0d44eeea,The Homer Encyclopedia,Margalit Finkelberg,,INSERT,,no match found,,,The Homer Encyclopedia,Margalit Finkelberg
6a334045-442e-4a39-8111-8cefa9fad499,Hercules Segers,Huigen Leeflang; Pieter Roelofs,,INSERT,,no match found,,,Hercules Segers,Huigen Leeflang; Pieter Roelofs
6a388a56-bd0e-4a38-a5e4-170ff09252bb,The Circle of the Baal Shem Tov,Abraham Joshua Heschel,,INSERT,,no match found,,,The Circle of the Baal Shem Tov,Abraham Joshua Heschel
6a3edb43-41fc-40f3-b029-17c7a7bc5339,Emotion and Meaning in Music,Leonard B. Meyer,,INSERT,,no match found,,,Emotion and Meaning in Music,Leonard B. Meyer
6a3f2f6b-5860-4528-a0a2-32a837a25baa,Optische Regionen,Paul Klee,,INSERT,,no match found,,,Optische Regionen,Paul Klee
6a6c2069-b82f-4aa5-8ac6-c99f45c4045c,Ulrich von Wilamowitz-Moellendorf[f] Griechische Verskunst,Ulrich von Wilamowitz-Moellendorff,,INSERT,,no match found,,,Ulrich von Wilamowitz-Moellendorf[f] Griechische Verskunst,Ulrich von Wilamowitz-Moellendorff
6a720f60-685e-4a9e-a130-b0c46f54974e,The Mediterranean and the Jews,Unknown,,INSERT,,no match found,,,The Mediterranean and the Jews,Unknown
6a728614-f930-4efb-a287-f83bdcdce0cb,"La riviere, la marmite et l'oiseaux",Aharon Feldman,,INSERT,,no match found,,,"La riviere, la marmite et l'oiseaux",Aharon Feldman
6a7809c9-5470-486f-9940-3ba97d17faac,"Forty Songs,",Richard Strauss,,INSERT,,no match found,,,"Forty Songs,",Richard Strauss
6a7d9eed-2b18-4b9e-a901-25eecd6c4bac,Vegetarianism and the Jewish Tradition,Louis Arthur Berman,,INSERT,,no match found,,,Vegetarianism and the Jewish Tradition,Louis Arthur Berman
6a7f4dc6-7f8d-4419-b6c2-277d9a16040a,A Oxfordshire Christmas Specia,David Green,,INSERT,,no match found,,,A Oxfordshire Christmas Specia,David Green
6aae5218-2b12-41b9-abe9-d99063de4e52,Bilderpossen,Wilhelm Busch,,INSERT,,no match found,,,Bilderpossen,Wilhelm Busch
6ac11569-f893-47a6-8e2d-56891a6ce1fe,Colony and Mother City in Ancient Greece,A. J. Graham,title+author(exact),UPDATE,description|publisher|year|language|category_id,,Colony and Mother City in Ancient Greece,A. J. Graham,Colony and Mother City in Ancient Greece,A. J. Graham
6b2a366d-1b97-4b50-90e7-0de1ae3c83c4,The Phoenix Project,Gene Kim; Kevin Behr; George Spafford,title+author(exact),BLOCKED,,title length ratio 2.14 > 1.5; title similarity 0.893 < 0.92,The Phoenix,Unknown,The Phoenix Project,Gene Kim; Kevin Behr; George Spafford
6b3589e2-01ab-44d2-861d-a3a88cd03a32,The Boydell Shakespeare Prints,John Boydell,,INSERT,,no match found,,,The Boydell Shakespeare Prints,John Boydell
6cc0d792-e679-4368-a6c5-976a852afb30,A History of the Classical World,Elizabeth Wyse,title+author(exact),BLOCKED,,title length ratio 2.00 > 1.5; title similarity 0.533 < 0.92,Classical World,Unknown,A History of the Classical World,Elizabeth Wyse
6e1083e9-1740-4bcc-83e9-eda36ce2d652,'n Wysgerige ondersoek na die probleem van persvryheid,Diederik Johannes Hattingh (Publisher unknown.),title+author(exact),BLOCKED,,title length ratio 53.00 > 1.5; title similarity 0.706 < 0.92,N.,Unknown,'n Wysgerige ondersoek na die probleem van persvryheid,Diederik Johannes Hattingh (Publisher unknown.)
6e3a5d55-e040-4c56-8307-4eea974f1e03,What to Look for in Winter,Candia McWilliam,title+author(exact),UPDATE,title|author|description|publisher|year|language,,WHAT TO LOOK FOR IN WINTER,Unknown,What to Look for in Winter,Candia McWilliam
6e3f5880-500a-4e10-8df7-54db61c8a9fb,Jewish Mysticism,J. Laenen; David Orton,title+author(exact),BLOCKED,,title length ratio 2.88 > 1.5; title similarity 0.647 < 0.92; author similarity 0.603 < 0.75,Understanding Jewish Mysticism: A Source Reader,David R. Blumenthal,Jewish Mysticism,J. Laenen; David Orton
6e512a47-eb1b-4a77-95c1-840331abc2be,Gebete der Israeliten,M. J. Sandau,,INSERT,,no match found,,,Gebete der Israeliten,M. J. Sandau
6e513e06-991d-4fd0-b8c6-aad2275ae41a,Mozart,Wolfgang Amadeus Mozart; Samwise Samwise Publishing,,INSERT,,no match found,,,Mozart,Wolfgang Amadeus Mozart; Samwise Samwise Publishing
6e5284dd-2a0a-4d25-ae66-f61fff3718b8,The Black Hunter,Pierre Vidal-Naquet,,INSERT,,no match found,,,The Black Hunter,Pierre Vidal-Naquet
6e56f0ba-57c2-4b2d-bfe2-cb43e791bc94,Patterns in Time: Chanukah,Matis Weinberg,,INSERT,,no match found,,,Patterns in Time: Chanukah,Matis Weinberg
6e6c10dc-8a82-4c59-ac0a-4189e4bb3468,Der Baalschem von Michelstadt,Judaeus,,INSERT,,no match found,,,Der Baalschem von Michelstadt,Judaeus
6e786169-9e1b-4c86-8442-0f4473a809eb,Thinking About God,Brian Davies OP,,INSERT,,no match found,,,Thinking About God,Brian Davies OP
6e7ba0d3-675a-4d6f-b721-9857bc32de88,Ancient Law,Henry James Sumner Maine,,INSERT,,no match found,,,Ancient Law,Henry James Sumner Maine
6e92878a-e12a-461b-840b-0230154d37bf,An Introduction to the New Testament,Raymond Edward Brown,,INSERT,,no match found,,,An Introduction to the New Testament,Raymond Edward Brown
6e970168-cb2b-4b68-bfea-9a10dbe52382,The Renaissance,Will Durant; Ariel Durant,,INSERT,,no match found,,,The Renaissance,Will Durant; Ariel Durant
6ea5413a-cc9f-4cd8-8e12-643292aefb24,Tom,Tom,title+author(exact),BLOCKED,,title length ratio 7.00 > 1.5; title similarity 0.460 < 0.92; author similarity 0.475 < 0.75,COHHHEHHH TOM IEPBbIM,MHHHEIDITHM,Tom,Tom
6eaf186a-f1a0-4d1a-8425-07a678b81aab,French Master Drawings of the Nineteenth Century,Klaus Berger,,INSERT,,no match found,,,French Master Drawings of the Nineteenth Century,Klaus Berger
6eb89217-b6c0-4031-8009-fb2cfc4b3ef4,Short Manual of Greek Palaeography 2nd Ed,B.A. VAN. Groningen,,INSERT,,no match found,,,Short Manual of Greek Palaeography 2nd Ed,B.A. VAN. Groningen
6ec1e382-f8b1-49cf-aba7-43c773d57c2b,Diary of Samuel Pepys,SAMUEL. PEPYS; Richard Griffin Baron Braybrooke; Henry B (Henry Benjamin) Wheatley,,INSERT,,no match found,,,Diary of Samuel Pepys,SAMUEL. PEPYS; Richard Griffin Baron Braybrooke; Henry B (Henry Benjamin) Wheatley
6ed05f5d-114a-41de-aa6f-9f8f0dea9a1b,Aristotle's Political Theory,R. G. Mulgan,,INSERT,,no match found,,,Aristotle's Political Theory,R. G. Mulgan
6ed6e181-51ab-4fb1-b48a-b03ee9df03de,The Assassination of President John F. Kennedy,Patricia D. Netzley,,INSERT,,no match found,,,The Assassination of President John F. Kennedy,Patricia D. Netzley
6ee5f298-e0fc-4af9-9bcc-707bc8d69e7b,"Irish-English, English-Irish Dictionary",Micheal O Siochfhradha; Pádraig Ó Siochfhradha,,INSERT,,no match found,,,"Irish-English, English-Irish Dictionary",Micheal O Siochfhradha; Pádraig Ó Siochfhradha
6eec99b4-bd55-42c6-8268-0abb3c49679c,Das Jahr des Juden in Brauch und Liturgie,Moritz Zobel,,INSERT,,no match found,,,Das Jahr des Juden in Brauch und Liturgie,Moritz Zobel
6efff987-2124-40e5-87fd-e62287bf87a8,Classical Studies in Honor of David Sohlberg,Ranon Katzoff; Yaakov Petroff; David M. Schaps,,INSERT,,no match found,,,Classical Studies in Honor of David Sohlberg,Ranon Katzoff; Yaakov Petroff; David M. Schaps
6f09c435-a76c-4f93-8194-f0ed435ad156,Saul Lieberman,Elijah J. Schochet; Solomon Spiro,,INSERT,,no match found,,,Saul Lieberman,Elijah J. Schochet; Solomon Spiro
6f133ab8-7db0-4b83-8716-df22a137249c,Complete Symphonies in Full Score,Johannes Brahms,,INSERT,,no match found,,,Complete Symphonies in Full Score,Johannes Brahms
6f146820-b3b8-49c7-bb27-28d43499f5f8,Hieratische paläographie,Georg Möller,,INSERT,,no match found,,,Hieratische paläographie,Georg Möller
6f2461ff-128f-47b2-b8f7-725c1413591f,Phoenix : the journal of the Classical Association of Canada,Classical Association of Canada,title+author(exact),BLOCKED,,title length ratio 8.29 > 1.5; title similarity 0.824 < 0.92,Phoenix,Classical Association of Canada,Phoenix : the journal of the Classical Association of Canada,Classical Association of Canada
6f3ba461-5048-4f9e-8893-d30d93cff360,Herodotos on Tyrants and Despots,Kenneth H. Waters,,INSERT,,no match found,,,Herodotos on Tyrants and Despots,Kenneth H. Waters
6f4814e4-3202-47d0-92ba-a921178be2ac,"Liebe, Ehe, Familie",Jerome und Julia Rainer,,INSERT,,no match found,,,"Liebe, Ehe, Familie",Jerome und Julia Rainer
6f5afb2b-999f-470c-a3cf-050e06ea0e1c,Thomas Mann,Hermann Kurzke,title+author(exact),BLOCKED,,title length ratio 2.75 > 1.5; title similarity 0.561 < 0.92,mann,Unknown,Thomas Mann,Hermann Kurzke
6f5ffb98-d909-4d94-819a-165e8650e2fa,The Turkish Language Reform : A Catastrophic Success,Geoffrey Lewis,,INSERT,,no match found,,,The Turkish Language Reform : A Catastrophic Success,Geoffrey Lewis
6f622c63-d2e2-4b14-ba92-059671f95beb,A Greek-English Lexicon,Henry George Liddell,,INSERT,,no match found,,,A Greek-English Lexicon,Henry George Liddell
6f6a1603-a2ce-48f5-8924-b9f7a3c128e4,The Divine Comedy,Dante Alighieri,,INSERT,,no match found,,,The Divine Comedy,Dante Alighieri
6f6c5c9f-667a-4601-ac12-ec9f53c491a0,"Konzert Nr. 2, B-dur, Fagott (Violoncello) und Orchester",Wolfgang Amadeus Mozart,,INSERT,,no match found,,,"Konzert Nr. 2, B-dur, Fagott (Violoncello) und Orchester",Wolfgang Amadeus Mozart
6f8132eb-8e45-4531-858f-85e2c3302ac9,33 רגעי אושר,Ingo Schulze; אינגו שולצה,title+author(exact),BLOCKED,,title length ratio 6.00 > 1.5; title similarity 0.778 < 0.92,33,Unknown,33 רגעי אושר,Ingo Schulze; אינגו שולצה
6f8f6d32-55fe-4623-be02-e3362daaac31,Studies in Semitic and General Linguistics in Honor of Gideon Goldenberg,Gideon Goldenberg,,INSERT,,no match found,,,Studies in Semitic and General Linguistics in Honor of Gideon Goldenberg,Gideon Goldenberg
6f91ce08-ae8f-4662-87f9-9110c6f952ad,The History and Topography of Ireland,Gerald of Wales,,INSERT,,no match found,,,The History and Topography of Ireland,Gerald of Wales
6f968c0c-3108-4598-bbf7-1448b0c3e6eb,Roma e dintorni,Touring club italiano,,INSERT,,no match found,,,Roma e dintorni,Touring club italiano
6fb96700-a369-49b5-9385-545ad4e8d142,Iambi Et Elegi Graeci Ante Alexandrum Cantati,M. L. West,fuzzy(1.000),BLOCKED,,author similarity 0.568 < 0.75,Iambi Et Elegi Graeci Ante Alexandrum Cantati,"Callinus, Mermermw, Semonies, Solon, Tyrtacus, Minora Adespota",Iambi Et Elegi Graeci Ante Alexandrum Cantati,M. L. West
6fc7b7da-0240-4943-a525-9961d7f6ff74,The Name Dictionary,Alfred J. Kolatch,,INSERT,,no match found,,,The Name Dictionary,Alfred J. Kolatch
6fcb8897-aef9-44eb-b3be-1aa77e6b208c,The Adventures of Huckleberry Finn,Mark Twain,,INSERT,,no match found,,,The Adventures of Huckleberry Finn,Mark Twain
6fd7c096-8e74-48c6-8cbd-5b6c91b86767,A History of the Jews in Christian Spain,Yitzhak Baer,,INSERT,,no match found,,,A History of the Jews in Christian Spain,Yitzhak Baer
6feb5746-697b-4f30-abc0-5bdc3020a219,A History of the Jews in Christian Spain,Yitzhak Baer,,INSERT,,no match found,,,A History of the Jews in Christian Spain,Yitzhak Baer
6ff54bb2-bc45-4116-8009-e50e9f704a3f,Phoenix : the journal of the Classical Association of Canada,Classical Association of Canada,title+author(exact),BLOCKED,,title length ratio 8.29 > 1.5; title similarity 0.824 < 0.92,Phoenix,Classical Association of Canada,Phoenix : the journal of the Classical Association of Canada,Classical Association of Canada
6ff7e142-6b05-4d1a-8312-091d53b76f7d,"Und das Krumme wird gerade, von S. J. Agnon. Aus dem Hebraischen von Max Strauss",Samuel Joseph Agnon,,INSERT,,no match found,,,"Und das Krumme wird gerade, von S. J. Agnon. Aus dem Hebraischen von Max Strauss",Samuel Joseph Agnon
70131e0e-0292-42a2-a564-e4e7b6f1622d,Prolegomena to any Future Metaphysics,Immanuel Kant,title+author(exact),UPDATE,title|description|publisher|year|language|category_id,,Prolegomena to Any Future Metaphysics,Immanuel Kant,Prolegomena to any Future Metaphysics,Immanuel Kant
7016be4f-861e-40d0-97d6-b6d355d5143e,Encyclopedia Of Indian Philosophies,Karl H. Potter,,INSERT,,no match found,,,Encyclopedia Of Indian Philosophies,Karl H. Potter
701ad207-145b-48de-9276-eb2d80280a72,Magic and Folklore in Rabbinic Literature,Daniel Sperber,,INSERT,,no match found,,,Magic and Folklore in Rabbinic Literature,Daniel Sperber
701bce1a-5f1f-4f8d-aba8-004442eee361,From Popular Sovereignty to the Sovereignty of Law,Martin Ostwald,,INSERT,,no match found,,,From Popular Sovereignty to the Sovereignty of Law,Martin Ostwald
702053f5-c329-434e-83e5-d4ad17ff2ed5,The Upanisads,F. Max Muller,,INSERT,,no match found,,,The Upanisads,F. Max Muller
70215d6e-03f0-47d8-8034-cffef06f1199,The Mathematical Theory of Communication,Claude E Shannon; Warren Weaver,title+author(exact),UPDATE,author|description|publisher|year|language,,The Mathematical Theory of Communication,"Claude E. Shannon, Warren Weaver",The Mathematical Theory of Communication,Claude E Shannon; Warren Weaver
703f1b39-a2ae-4491-b5be-42afb67a206e,Der Prozeß von Schamgorod,Peter Sodann; Elie Wiesel; Alexander de Montléart; Theater (Schweinfurt),,INSERT,,no match found,,,Der Prozeß von Schamgorod,Peter Sodann; Elie Wiesel; Alexander de Montléart; Theater (Schweinfurt)
70454763-542d-4987-ad48-1b1a93498430,La Gioconda,Amilcare Ponchielli,,INSERT,,no match found,,,La Gioconda,Amilcare Ponchielli
705054ff-284a-4b3b-938d-2e46b893807d,Songs of the Chassidim,"אורי קפיר, Velvel Pasternak",,INSERT,,no match found,,,Songs of the Chassidim,"אורי קפיר, Velvel Pasternak"
70574e2f-562c-4123-b234-392bd6b1f1ba,Meditations on a hobby horse and other essays on the theory of art,E. H. Gombrich,,INSERT,,no match found,,,Meditations on a hobby horse and other essays on the theory of art,E. H. Gombrich
705cd33d-6eae-4d5b-8cef-a17667bf3295,"The Jewish Holocausts, Why? Why God? Why?",Robert Euclide Poudrier,,INSERT,,no match found,,,"The Jewish Holocausts, Why? Why God? Why?",Robert Euclide Poudrier
705e5344-9a28-4192-a677-44290c2d852d,"The Complete Greek Drama, 2 Vols, Edited by Oates & O'neill",Whitney j. (editor) Oates; Eugene O'Neill (Jr.),title+author(exact),BLOCKED,,title length ratio 2.55 > 1.5; title similarity 0.878 < 0.92,The Complete Greek Drama,"Whitney J. Oates and Eugene O'Neill, Jr.","The Complete Greek Drama, 2 Vols, Edited by Oates & O'neill",Whitney j. (editor) Oates; Eugene O'Neill (Jr.)
707cfc25-c156-47b8-9f7c-baff577d1347,Introduction to Reference Work,William A. Katz,title+author(exact),UPDATE,title|year|language,,"Introduction to Reference Work, Volume II",William A. Katz,Introduction to Reference Work,William A. Katz
7087c23d-28aa-463a-a8f2-0c1b3d56fbf5,Scripture and Knowledge,Shlomo Bîderman,,INSERT,,no match found,,,Scripture and Knowledge,Shlomo Bîderman
708c4a18-3703-41c6-8fc3-a73dbc2dba31,Über die Revolution,Hannah Arendt,,INSERT,,no match found,,,Über die Revolution,Hannah Arendt
7096d91a-7bbf-4949-b9d9-4bcd355a15b4,Indian Mythology,Jan Knappert,,INSERT,,no match found,,,Indian Mythology,Jan Knappert
70adb4e8-77dd-4ce7-a150-c391d5058d0e,Tuesdays with Morrie,Mitch Albom,,INSERT,,no match found,,,Tuesdays with Morrie,Mitch Albom
70afb92c-9975-4c9d-a10e-6dd79922aaa0,"Goethe, sein Leben und seine Zeit",Richard Friedenthal,,INSERT,,no match found,,,"Goethe, sein Leben und seine Zeit",Richard Friedenthal
70c58284-0643-4ee6-beb2-a3dcf7acf34c,Don't Call It Night,Amos Oz,,INSERT,,no match found,,,Don't Call It Night,Amos Oz
70da4156-d213-4e49-a0e2-0582ac35f62d,Albanian Grammar,Martin Camaj,,INSERT,,no match found,,,Albanian Grammar,Martin Camaj
70e3bacd-984e-4434-b85a-2b7542017887,"A Thesaurus of Cantorial Liturgy, Part 1",Adolph Katchko,,INSERT,,no match found,,,"A Thesaurus of Cantorial Liturgy, Part 1",Adolph Katchko
70f0e564-4cb2-4c0a-a06d-569b970df416,Il trovatore,Giuseppe Verdi,,INSERT,,no match found,,,Il trovatore,Giuseppe Verdi
70f8d0e5-8fba-46b5-a4bc-22e6fa3d6843,ACCA.: Q & A set,Unknown,title+author(exact),BLOCKED,,title similarity 0.594 < 0.92,CUS ACCA Q,Unknown,ACCA.: Q & A set,Unknown
7104dd81-1cbd-4d29-b2bb-a08d261ef46e,Emancipation and Counter Emancipation,Abraham Gordon Duker; Meir Ben-Horin,,INSERT,,no match found,,,Emancipation and Counter Emancipation,Abraham Gordon Duker; Meir Ben-Horin
711d46d7-9078-49f8-9b2b-49c54b983432,"The Hebrew-Arabic dictionary of the Bible, known as, Kitāb Jāmiʻ al-alfāẓ, of David ben Abraham",David ben Abraham Alfasi,,INSERT,,no match found,,,"The Hebrew-Arabic dictionary of the Bible, known as, Kitāb Jāmiʻ al-alfāẓ, of David ben Abraham",David ben Abraham Alfasi
71221398-e8af-412a-b53b-ad8dafd9667d,Phoenix,Unknown,title+author(exact),UPDATE,title|year|language,,The Phoenix,Unknown,Phoenix,Unknown
712252be-803d-448e-a8a8-d7a8a8416400,The Athenian Ecclesia,Mogens Herman Hansen,,INSERT,,no match found,,,The Athenian Ecclesia,Mogens Herman Hansen
712d3c41-55ec-4645-a25d-1873c50e0709,Language of Faith,Nahum Norbert Glatzer,,INSERT,,no match found,,,Language of Faith,Nahum Norbert Glatzer
7130c323-3944-40eb-abdf-1729e245dbe9,The Poems and Plays of Lord Byron,Lord Byron,,INSERT,,no match found,,,The Poems and Plays of Lord Byron,Lord Byron
71386b56-b105-441c-a139-232e032b801d,The Complete Writings of Thucydides,Thucydides,title+author(exact),BLOCKED,,title length ratio 1.71 > 1.5; title similarity 0.917 < 0.92,The Complete Writings of Thucydides: The Peloponnesian War,"Thucydides, Joseph Gavrose",The Complete Writings of Thucydides,Thucydides
7141998f-c657-4f5f-b6cd-2212c64dc9b1,Halacha and Contemporary Society,Alfred S. Cohen,title+author(exact),UPDATE,author|publisher|year|language,,Halacha and Contemporary Society,Rabbi Alfred S. Cohen,Halacha and Contemporary Society,Alfred S. Cohen
715771b4-37d7-400c-8b67-a26b86686bda,Der Kleine Pauly : Lexikon der Antike,Unknown,,INSERT,,no match found,,,Der Kleine Pauly : Lexikon der Antike,Unknown
7172cc85-586b-4d70-bc8e-3a81bb6a8d53,Only Yesterday,Frederick Lewis Allen,,INSERT,,no match found,,,Only Yesterday,Frederick Lewis Allen
7174c02d-0a79-4c10-895d-5667dcd95d55,Ethel & Ernest,Raymond Briggs,,INSERT,,no match found,,,Ethel & Ernest,Raymond Briggs
71806bbf-2758-4bbc-a5bd-2b844f198097,Joseph the Provider,Thomas Mann,,INSERT,,no match found,,,Joseph the Provider,Thomas Mann
71835591-b9b9-4a07-9a90-6d6828fe592b,"Nora, a play. From the Norw. by T. Weber",Henrik Ibsen,,INSERT,,no match found,,,"Nora, a play. From the Norw. by T. Weber",Henrik Ibsen
719260c5-68f2-4312-85f0-5da853026f00,Greek Prose Style,J. D. Denniston,,INSERT,,no match found,,,Greek Prose Style,J. D. Denniston
7194dd64-e6bd-41c1-82ae-2e9f722a3505,Bernini,Howard Hibbard,,INSERT,,no match found,,,Bernini,Howard Hibbard
71961532-22e6-42b4-aaa2-4a9535dad93d,Les plaidoyers politiques,Demosthenes,title+author(exact),BLOCKED,,title similarity 0.757 < 0.92,DEMOSTHENE PLAIDOYERS POLITIQUES,DEMOSTHENE,Les plaidoyers politiques,Demosthenes
71a13df7-e991-482b-ae08-06c10447ed00,The Story of Jewish Philosophy,Joseph Leon Blau,title+author(exact),UPDATE,author|description|publisher|year|language|category_id,,The Story of Jewish Philosophy,Unknown,The Story of Jewish Philosophy,Joseph Leon Blau
71a9f472-d8e8-48d9-b367-ac473062f68b,Hebrew Calligraphy,Jay Seth Greenspan,,INSERT,,no match found,,,Hebrew Calligraphy,Jay Seth Greenspan
71ae79bc-971f-43f3-8587-4d04318677dd,The Sicilian Vespers,Steven Runciman,title+author(exact),UPDATE,description|publisher|year|language|category_id,,The Sicilian Vespers,Steven Runciman,The Sicilian Vespers,Steven Runciman
71d7051d-2c1a-424a-a476-f6e160c33c2d,The Phoenix,Unknown,title+author(exact),UPDATE,year|language,,The Phoenix,Unknown,The Phoenix,Unknown
71d7a51c-8a0e-4c8f-ab0b-8dcece16acdb,The Pelican History of Music,Alec Robertson,,INSERT,,no match found,,,The Pelican History of Music,Alec Robertson
71db3037-6c87-4baa-a521-d098c208de30,Jews are Like That!,James Waterman Wise,,INSERT,,no match found,,,Jews are Like That!,James Waterman Wise
71e5e7e0-299f-4290-b401-a5edce831e4c,Maimonides the Rationalist,Herbert A. Davidson,,INSERT,,no match found,,,Maimonides the Rationalist,Herbert A. Davidson
71f1201d-bd9e-400b-bd4d-1cd8eb8db2f9,"Latin, an Intensive Course",Floyd L. Moreland; Rita M. Fleischer,,INSERT,,no match found,,,"Latin, an Intensive Course",Floyd L. Moreland; Rita M. Fleischer
720c15f9-6746-4951-bd41-7458ff52aa97,Treatment of the Seriously Obese Patient,Thomas A. Wadden; Theodore B. Van Itallie,,INSERT,,no match found,,,Treatment of the Seriously Obese Patient,Thomas A. Wadden; Theodore B. Van Itallie
72235897-9453-42d2-a0a2-4d620b437e60,From Text to Tradition,Lawrence H. Schiffman,,INSERT,,no match found,,,From Text to Tradition,Lawrence H. Schiffman
72253513-0fea-4cf8-b937-8ae237200ca2,Let Me Hear Your Voice,Mimi E. Handlin; Marilyn Smith Layton,,INSERT,,no match found,,,Let Me Hear Your Voice,Mimi E. Handlin; Marilyn Smith Layton
723bd757-3309-4f0b-bfa5-aaba91931ee7,Reader in Science Information,John Sherrod; Alfred Hodina,,INSERT,,no match found,,,Reader in Science Information,John Sherrod; Alfred Hodina
7240d7b4-8d64-4d8e-8ce2-1fc4ca9d6830,La force des choses,Simone de Beauvoir,,INSERT,,no match found,,,La force des choses,Simone de Beauvoir
7249885f-5a5a-4ba3-8c18-46a044ba0cbd,The Mother's Encyclopedia,P.P. - New York. - Parents' Magazine,,INSERT,,no match found,,,The Mother's Encyclopedia,P.P. - New York. - Parents' Magazine
72635316-0d85-4b7e-b10a-a16f1972ce27,Diplomacy in Classical Greece,D.J.,,INSERT,,no match found,,,Diplomacy in Classical Greece,D.J.
726474ac-3782-4d3e-a98d-2b0fd80742f8,The Etruscan Language,Giuliano Bonfante; Larissa Bonfante,,INSERT,,no match found,,,The Etruscan Language,Giuliano Bonfante; Larissa Bonfante
726e10c2-821d-419f-8367-d6b8bbd95e49,The Hittite dictionary of the Oriental Institute of the University of Chicago,Hans G. Güterbock; Harry A. Hoffner,,INSERT,,no match found,,,The Hittite dictionary of the Oriental Institute of the University of Chicago,Hans G. Güterbock; Harry A. Hoffner
727de18d-619e-4ac4-9bc3-de543235ac5b,The Penguin English Dictionary,R. E. Allen,,INSERT,,no match found,,,The Penguin English Dictionary,R. E. Allen
727ec119-8897-4f18-8443-d0d332ed5f15,An Introductions To The Books of the Old Testament,W.O.E. Oesterley,,INSERT,,no match found,,,An Introductions To The Books of the Old Testament,W.O.E. Oesterley
729b0c28-25c2-48c5-b043-d4576e2e0b3d,La guerre du Péloponnèse,Thucydides; Jacqueline de Romilly,title+author(exact),BLOCKED,,title length ratio 1.63 > 1.5,"La Guerre du Péloponnèse, Livres IV et V",Jacqueline de Romilly,La guerre du Péloponnèse,Thucydides; Jacqueline de Romilly
729f472e-eede-49d3-a3b3-8c1e5ec82284,The Sunrise Office of the Armenian Church,Armenian Church; Wardan Sarxian,,INSERT,,no match found,,,The Sunrise Office of the Armenian Church,Armenian Church; Wardan Sarxian
72a8ee75-4c5f-4afc-ba09-326dee9e2259,The Craftsman's Handbook (Il Libro Dell'arte),Cennino Cennini,,INSERT,,no match found,,,The Craftsman's Handbook (Il Libro Dell'arte),Cennino Cennini
72ab46c7-0b9d-43c2-9e40-3ac6c9103f21,Greeks and Barbarians,Thomas Harrison,,INSERT,,no match found,,,Greeks and Barbarians,Thomas Harrison
72ae3943-eb40-4837-b219-ced5454198e5,Edward Lear's Nonsense Songs,Edward Lear,,INSERT,,no match found,,,Edward Lear's Nonsense Songs,Edward Lear
72b49376-44d6-4519-9afd-b424ebdb6983,Histoire illustrée de la littérature française,E. Abry; C. Audic; P. Crouzet,,INSERT,,no match found,,,Histoire illustrée de la littérature française,E. Abry; C. Audic; P. Crouzet
72c27cbc-876f-4f56-8d71-aaa45d985567,Old-Irish paradigms and selections from the Old-Irish glosses,John Strachan,,INSERT,,no match found,,,Old-Irish paradigms and selections from the Old-Irish glosses,John Strachan
72c33058-0260-4e8c-88a8-469e2baedb1e,Taste and the Antique,Francis Haskell; Nicholas Penny,,INSERT,,no match found,,,Taste and the Antique,Francis Haskell; Nicholas Penny
72d343b9-340a-4e69-bf96-efe78000f4ea,Platonic Studies,Gregory Vlastos,title+author(exact),UPDATE,description|publisher|year|language|category_id,,Platonic Studies,Gregory Vlastos,Platonic Studies,Gregory Vlastos
72d55954-ac31-4712-bf79-6e71928c0730,On the Genealogy of Morals,Friedrich Nietzsche,,INSERT,,no match found,,,On the Genealogy of Morals,Friedrich Nietzsche
72da6871-f6f9-4233-ae4c-62b4e479e232,Guide to the Slavonic Languages,R. G. A. De Bray,,INSERT,,no match found,,,Guide to the Slavonic Languages,R. G. A. De Bray
72dc5c9c-3293-466e-958f-9590a8ce2ab2,Handel,Mark Phillips; George Handel,,INSERT,,no match found,,,Handel,Mark Phillips; George Handel
72f06f86-5209-4fd3-ae3d-4d2fb774ddda,Jüdische Miniaturen,Stiftung Neue Synagoge Berlin - Centrum Iudaicum,,INSERT,,no match found,,,Jüdische Miniaturen,Stiftung Neue Synagoge Berlin - Centrum Iudaicum
73089449-6a08-4839-a713-573838fbd9fa,Theology in the Responsa,Louis Jacobs,title+author(exact),UPDATE,title|author|description|publisher|year|language,,THEOLOGY IN THE RESPONSA,LOUIS JACOBS,Theology in the Responsa,Louis Jacobs
73137fa7-b395-409f-b589-37e4e73f2e09,"Buz; or, The life and adventures of a honey bee",Maurice Noel,,INSERT,,no match found,,,"Buz; or, The life and adventures of a honey bee",Maurice Noel
73153489-fa7e-4bfb-a94d-d81af12bca0d,Transactions of the American Philological Association,American Philological Association,,INSERT,,no match found,,,Transactions of the American Philological Association,American Philological Association
73189cac-d1cf-4712-bb35-4479e8eaba67,A Concise Dictionary of New Testament Greek,Warren C. Trenchard,,INSERT,,no match found,,,A Concise Dictionary of New Testament Greek,Warren C. Trenchard
7325a533-8272-4f24-a67d-358d08e16226,Bibliographical Essays in Medieval Jewish Studies,Lawrence Victor Berman; B'nai B'rith. Anti-defamation League,,INSERT,,no match found,,,Bibliographical Essays in Medieval Jewish Studies,Lawrence Victor Berman; B'nai B'rith. Anti-defamation League
732d1167-9971-47b9-a215-98a8f2ddfe28,The Buddhist Tradition,William Theodore de Bary,title+author(exact),BLOCKED,,title length ratio 2.39 > 1.5; title similarity 0.884 < 0.92,"The Buddhist Tradition in India, China and Japan",William Theodore de Bary,The Buddhist Tradition,William Theodore de Bary
73461e61-5a8a-4852-adf4-0c721dd53630,A History of the Jews of Cochin,J. B. Segal,,INSERT,,no match found,,,A History of the Jews of Cochin,J. B. Segal
7353038c-e833-4246-8467-de983b943675,The Cambridge Companion to Leibniz,Nicholas Jolley,,INSERT,,no match found,,,The Cambridge Companion to Leibniz,Nicholas Jolley
735aea13-e6c2-4133-bd98-2102e7306325,The History of a Book,Annie Carey,,INSERT,,no match found,,,The History of a Book,Annie Carey
735e2913-974e-4e68-9612-54a4dc11ba4e,Women and Jewish Law,Rachel Biale,,INSERT,,no match found,,,Women and Jewish Law,Rachel Biale
7367117a-7066-4b7f-97c5-d8b348181dd0,The Social & Economic History of the Hellenistic World,Michael Ivanovitch Rostovtzeff; M. Rostovtzeff,title+author(exact),BLOCKED,,author similarity 0.685 < 0.75,The Social & Economic History of the Hellenistic World,M. Rostovtzeff,The Social & Economic History of the Hellenistic World,Michael Ivanovitch Rostovtzeff; M. Rostovtzeff
73851f24-851d-4939-8d0d-bdf004ee622b,"Historical Catalogue of the Printed Editions of Holy Scripture in the Library of the British and Foreign Bible Society, Compiled by T.H. Darlow and H.F. Moule",T. H. Darlow,,INSERT,,no match found,,,"Historical Catalogue of the Printed Editions of Holy Scripture in the Library of the British and Foreign Bible Society, Compiled by T.H. Darlow and H.F. Moule",T. H. Darlow
73b9b818-1177-49ee-a1ad-8e573eb3870b,Phoenix,David Herbert Lawrence,title+author(exact),BLOCKED,,author similarity 0.418 < 0.75,Phoenix,Classical Association of Canada,Phoenix,David Herbert Lawrence
73c36383-f21d-49cd-94de-439696b1eeb2,Counting the People in Hellenistic Egypt,Willy Clarysse,,INSERT,,no match found,,,Counting the People in Hellenistic Egypt,Willy Clarysse
73c8e141-3ba5-44f3-a51b-18cc60cfb684,Great Jewish Portraits in Metal,Jewish Theological Seminary of America,,INSERT,,no match found,,,Great Jewish Portraits in Metal,Jewish Theological Seminary of America
73d3cfd4-007b-462d-b02e-3452637afd45,Transactions of the American Philological Association,American Philological Association,,INSERT,,no match found,,,Transactions of the American Philological Association,American Philological Association
73db80d7-fcdb-4427-9293-71fd0847c6d4,A History of Jewish Literature: Italian Jewry in the Renaissance era,Israel Zinberg,,INSERT,,no match found,,,A History of Jewish Literature: Italian Jewry in the Renaissance era,Israel Zinberg
73f705ad-aa91-429a-a951-3a6e40de439a,ARISTOTLE: ON MAN IN THE UNIVERSE,LOUISE ROPES LOOMIS,,INSERT,,no match found,,,ARISTOTLE: ON MAN IN THE UNIVERSE,LOUISE ROPES LOOMIS
7403b7a8-9f86-4077-821d-7326e049aecb,"Family Matters, Sam, Jennie, and the Kids",Burton Bernstein,,INSERT,,no match found,,,"Family Matters, Sam, Jennie, and the Kids",Burton Bernstein
740881fd-b7fb-4693-9c8c-1b9f87534019,Harmony and Voice Leading,Edward Aldwell; Carl Schachter,,INSERT,,no match found,,,Harmony and Voice Leading,Edward Aldwell; Carl Schachter
74094177-a1a5-4080-9407-e7ca92d9deda,Bacchanale,Richard Wagner,,INSERT,,no match found,,,Bacchanale,Richard Wagner
7416e9cd-b813-45ee-9c7c-99e5944dd386,RCM Midwives,M.K.,title+author(exact),BLOCKED,,title length ratio 1.71 > 1.5; title similarity 0.468 < 0.92,ONG RCM,M.K.,RCM Midwives,M.K.
741b4376-3442-464a-9f5a-466ab25c9780,The Persian Expedition,Xenophon,,INSERT,,no match found,,,The Persian Expedition,Xenophon
7423e351-243d-492e-969c-ad154a76e243,Egyptian Language Easy Lessons in Egyptian Hieroglyphics,E. A. Wallis Budge,,INSERT,,no match found,,,Egyptian Language Easy Lessons in Egyptian Hieroglyphics,E. A. Wallis Budge
74288b28-7ca8-4379-9f8d-8685e9a68f30,Beyond All Pain,Dame Cicely M. Saunders,,INSERT,,no match found,,,Beyond All Pain,Dame Cicely M. Saunders
7432a5bb-cf12-4b6c-9a1e-457f60e89b05,On Jewish Law and Lore,Louis Ginzberg,,INSERT,,no match found,,,On Jewish Law and Lore,Louis Ginzberg
74433b14-3585-4519-bdea-467de6d878cf,Transactions of the American Philological Association,American Philological Association,,INSERT,,no match found,,,Transactions of the American Philological Association,American Philological Association
7458aae8-34f9-4be3-81a1-5fe04237590b,Evergreen Original,Samuel Beckett,,INSERT,,no match found,,,Evergreen Original,Samuel Beckett
745a2b48-71e3-4574-948c-e90b0b128b32,The Nature of the Physical World,A. S. Eddington,,INSERT,,no match found,,,The Nature of the Physical World,A. S. Eddington
74748d4a-d891-4d97-af47-835da8c5cbf5,Common Sense in Chess,Emanuel Lasker,,INSERT,,no match found,,,Common Sense in Chess,Emanuel Lasker
749baaa6-7b67-49e8-9f1e-a6f9c4d41cb0,Urdu-English Dictionary,ʻAbdulḥaq,,INSERT,,no match found,,,Urdu-English Dictionary,ʻAbdulḥaq
74a1c092-9009-4e11-8199-90861d97f05b,The Singer of Tales,Albert B. Lord,,INSERT,,no match found,,,The Singer of Tales,Albert B. Lord
74a2d987-4208-4960-ac25-a6b9a9ab8cd1,"Kabbalah, Magic, and Science",David B. Ruderman,,INSERT,,no match found,,,"Kabbalah, Magic, and Science",David B. Ruderman
74a44816-1c00-48c9-834f-50a410dc6f71,La Boheme,Giacomo Puccini; Giuseppe Giacosa; Luigi Illica,,INSERT,,no match found,,,La Boheme,Giacomo Puccini; Giuseppe Giacosa; Luigi Illica
74a81d3b-ce21-46f1-b11e-db7ef1025a4b,"Seers, Shrines and Sirens",John Pollard,,INSERT,,no match found,,,"Seers, Shrines and Sirens",John Pollard
74b17bb1-89c0-4c20-91df-63a9b939c90f,The Portrait of a Lady,Henry James,title+author(exact),UPDATE,description|year|language,,The Portrait of a Lady,Henry James,The Portrait of a Lady,Henry James
74b5e97e-c630-481a-ab1d-0bf2e61d2f45,The Old Man and the Sea,Ernest Hemingway,title+author(exact),BLOCKED,,title length ratio 6.33 > 1.5; title similarity 0.462 < 0.92; author similarity 0.304 < 0.75,SEA,VOTYOTE,The Old Man and the Sea,Ernest Hemingway
74c5eeaa-87f2-4a65-ac7f-81c570390fb4,The Jews of Moslem Spain,Eliyahu Ashtor,title+author(exact),UPDATE,year|language,,The Jews of Moslem Spain,Eliyahu Ashtor,The Jews of Moslem Spain,Eliyahu Ashtor
74c660ae-8805-4dd0-9620-9037b2559113,Lohengrin,Richard Wagner,,INSERT,,no match found,,,Lohengrin,Richard Wagner
74cb2858-009a-4835-afb1-8bd7882afc61,Report from the Besieged City and Other Poems,Zbigniew Herbert,title+author(exact),UPDATE,title|description|year|language,,Report From The Besieged City and Other Poems,Zbigniew Herbert,Report from the Besieged City and Other Poems,Zbigniew Herbert
74cd5b66-65f2-412a-88d0-02459b0ef5e1,˜THEœ ISENHEIM ALTARPIECE. GOD'S MEDICINE AND THE PAINTER'S VISION.,Andrée Hayum,,INSERT,,no match found,,,˜THEœ ISENHEIM ALTARPIECE. GOD'S MEDICINE AND THE PAINTER'S VISION.,Andrée Hayum
74d5a03a-fda7-45c3-8f37-bf82c974e831,The Encyclopædia Britannica,Thomas Spencer Baynes,title+author(exact),UPDATE,author|year|language,,The Encyclopædia Britannica,Unknown,The Encyclopædia Britannica,Thomas Spencer Baynes
74d7d4b3-dd0f-40b3-a28e-5b40771c5d1d,From Religion to Philosophy,F.M. Cornford,title+author(exact),UPDATE,author|description|publisher|year|language|category_id,,From Religion to Philosophy,F. M. Cornford,From Religion to Philosophy,F.M. Cornford
74d9f5bd-6c2b-4f74-ae43-af9d39837bac,The Prince,Niccolò Machiavelli,,INSERT,,no match found,,,The Prince,Niccolò Machiavelli
74da1890-db3d-4b2c-8080-a12604bf384d,Love & Affection: The Princess Gives Her Virginity to the Thief Lor Ch.6,Momonon Azukiya,,INSERT,,no match found,,,Love & Affection: The Princess Gives Her Virginity to the Thief Lor Ch.6,Momonon Azukiya
74e4e8b3-5647-4dad-8f65-655fe6411962,Phoenix,Unknown,title+author(exact),UPDATE,title|year|language,,The Phoenix,Unknown,Phoenix,Unknown
74fabd01-b159-441d-bfef-a71568573bc9,Ishi in Two Worlds,Theodora Kroeber,,INSERT,,no match found,,,Ishi in Two Worlds,Theodora Kroeber
750a6507-f627-4def-9c9d-80e54bbb1883,Paintings and Drawings by Samuel Palmer in the Ashmolean Museum Oxford,Samuel Palmer,,INSERT,,no match found,,,Paintings and Drawings by Samuel Palmer in the Ashmolean Museum Oxford,Samuel Palmer
750df31b-ad29-4055-8e11-4d23082d9d1f,The Family of Man,Edward Steichen,,INSERT,,no match found,,,The Family of Man,Edward Steichen
7529ad3b-d324-4666-82fa-ab306d53743c,Early Greek Philosophy and the Orient,M. L. West,,INSERT,,no match found,,,Early Greek Philosophy and the Orient,M. L. West
752aee87-3908-44b3-8793-4112487e5515,English School and Family Reader,H. Abarbanel,,INSERT,,no match found,,,English School and Family Reader,H. Abarbanel
75381ebf-7606-4a31-9c9e-40f9c56b89ca,The Encyclopedia of Philosophy,Paul Edwards,,INSERT,,no match found,,,The Encyclopedia of Philosophy,Paul Edwards
753d7645-dbac-494c-9397-f65ede0364f7,The Prince and The Discourses,Niccolò Machiavelli,,INSERT,,no match found,,,The Prince and The Discourses,Niccolò Machiavelli
7541fac5-19b8-49de-861c-5e4fa92c7226,The Great Philosophers: Descartes,John Cottingham,,INSERT,,no match found,,,The Great Philosophers: Descartes,John Cottingham
75467a31-fa83-4c51-9679-1ad1b4aa1dd0,Scholarship Book 1998/1999,Daniel J. Cassidy; Cassidy,title+author(exact),BLOCKED,,title similarity 0.801 < 0.92; author similarity 0.608 < 0.75,YEAR BOOK 1998-1999,American Philosophical Society,Scholarship Book 1998/1999,Daniel J. Cassidy; Cassidy
754c52db-937b-4e95-93ed-03e2d929d1bd,The Jews of Jamaica,Richard David Barnett; Philip Wright,,INSERT,,no match found,,,The Jews of Jamaica,Richard David Barnett; Philip Wright
755512cc-c794-4774-a9b4-f941017f50eb,Eureka!,George Mikes,,INSERT,,no match found,,,Eureka!,George Mikes
755c837e-6a66-423d-9f77-decf9790a097,"מחזור ליום הכפורים (כל נדרי, ערבית ושחרית). 1 דף לא ממוספר, 250 דפים",Unknown,,INSERT,,no match found,,,"מחזור ליום הכפורים (כל נדרי, ערבית ושחרית). 1 דף לא ממוספר, 250 דפים",Unknown
7561a10e-2d25-4eb4-b103-6fac6e3a4d86,The World that was,A. L. Scheinbaum,,INSERT,,no match found,,,The World that was,A. L. Scheinbaum
757082b1-6ccc-47fa-b549-4e5ef3b77649,Eros and Magic in the Renaissance,Ioan P. Culianu,,INSERT,,no match found,,,Eros and Magic in the Renaissance,Ioan P. Culianu
7572df9f-2886-49fc-991b-83cacc0dbf60,Beethoven,David Jacobs; Elliot Forbes,,INSERT,,no match found,,,Beethoven,David Jacobs; Elliot Forbes
7573adcc-4757-4b55-919e-c77f4387f1ff,Bacon's Essays,Francis Bacon,,INSERT,,no match found,,,Bacon's Essays,Francis Bacon
7582a67d-929a-4de6-b39f-34903ca6b0dc,Russian : a Practical Grammar with Exercises,I. M. Z. Pul'kina; E. Zakhava-nekrasova,,INSERT,,no match found,,,Russian : a Practical Grammar with Exercises,I. M. Z. Pul'kina; E. Zakhava-nekrasova
759c80bb-500e-4d02-b3ce-84f69fb11eec,Stunden der Andacht,Fanny Neuda,,INSERT,,no match found,,,Stunden der Andacht,Fanny Neuda
75ace254-47ad-4230-923e-fe2b0b419c92,The Trial,Franz Kafka,,INSERT,,no match found,,,The Trial,Franz Kafka
75b615b6-635e-4c10-b0e2-719fa34f4882,Chaim Weizmann,Meyer Wolfe Weisgal; Joel Carmichael,,INSERT,,no match found,,,Chaim Weizmann,Meyer Wolfe Weisgal; Joel Carmichael
75c682b0-3937-4a70-8905-665ce18ffc4b,The Medical Detectives,Berton Roueche,,INSERT,,no match found,,,The Medical Detectives,Berton Roueche
75e9df6b-3842-498f-9e00-f880718ba5be,Vasilika,Ernestine Friedl,,INSERT,,no match found,,,Vasilika,Ernestine Friedl
75ebdad5-1956-4573-bb36-dd6c78d3d56c,A Biography,Peter Brown,,INSERT,,no match found,,,A Biography,Peter Brown
75ee9289-2073-4a55-a36a-de0c2c0191ff,Communicating Archaeology,John Beavis; Alan Hunt,,INSERT,,no match found,,,Communicating Archaeology,John Beavis; Alan Hunt
76038e41-90ec-4271-8793-9fcd1bb2e9ac,An Historical Commentary on Thucydides: Volume 5,A. W. Gomme,title+author(exact),UPDATE,title|publisher|year|language,,A Historical Commentary on Thucydides,A. W. Gomme,An Historical Commentary on Thucydides: Volume 5,A. W. Gomme
760ab2e8-295d-45f1-b844-f9dc9d0441e1,The Eye of the World,Robert Jordan,,INSERT,,no match found,,,The Eye of the World,Robert Jordan
760c3918-b0e7-4271-8cf0-baeb566916e5,The Story of Secret Service,Richard Wilmer Rowan,,INSERT,,no match found,,,The Story of Secret Service,Richard Wilmer Rowan
76131019-5888-443f-a16c-6aad2d398eae,The Intellectual Origins of the European Reformation,Alister E. McGrath,,INSERT,,no match found,,,The Intellectual Origins of the European Reformation,Alister E. McGrath
7627e4e0-df75-4e6d-9321-dc1d4cc3ec69,The Power of Words a Compendium of Great Speeches from World Leaders,LornaMarie,,INSERT,,no match found,,,The Power of Words a Compendium of Great Speeches from World Leaders,LornaMarie
763c486f-8832-4c00-a3e2-c99c6559ab6d,The principal comedies of Moliere,Jean Baptiste Poquelin Moliere,,INSERT,,no match found,,,The principal comedies of Moliere,Jean Baptiste Poquelin Moliere
764a6103-b166-4946-947d-123e365510f4,The Republic,Plato,title+author(exact),UPDATE,year|language,,The Republic,Plato,The Republic,Plato
7658ef5c-c2ff-4483-8954-400c00ccb215,How to be Topp,Geoffrey Willans; Ronald Searle,title+author(exact),UPDATE,author|publisher|year|language,,How to be Topp,Geoffrey Willans & Ronald Searle,How to be Topp,Geoffrey Willans; Ronald Searle
765a341e-b3ef-4306-a9a8-ab5dff5e9d92,Histoire et raison chez Thucydide,Jacqueline de Romilly,,INSERT,,no match found,,,Histoire et raison chez Thucydide,Jacqueline de Romilly
765bcadc-7f38-456d-b889-97dfabe43a93,Rvdens,Titus Maccius Plautus,title+author(exact),BLOCKED,,author similarity 0.719 < 0.75,RVDENS,T. MACCI PLAV TI,Rvdens,Titus Maccius Plautus
765d125a-529a-4d38-9a0e-5cc1077dab49,"Studies in the hebrew, syrian and greek liturgical recitative",Hanoch Avenary,,INSERT,,no match found,,,"Studies in the hebrew, syrian and greek liturgical recitative",Hanoch Avenary
76637b9d-669f-4c43-9f70-c79fd18a55d5,Discours,Lysias; Louis Gernet; Marcel Bizos,title+author(exact),BLOCKED,,title length ratio 2.88 > 1.5; title similarity 0.658 < 0.92,Lysias Discours Tome II,"Louis Gernet, Marcel Bizos",Discours,Lysias; Louis Gernet; Marcel Bizos
766af4a7-2380-4ba1-b583-7c34f7774ee3,The Jews of Germany,Ruth Gay,,INSERT,,no match found,,,The Jews of Germany,Ruth Gay
7674658c-875b-4dbf-aadc-a5e366b98dbd,The Art of Performance,Gregory Battcock; Robert Nickas,,INSERT,,no match found,,,The Art of Performance,Gregory Battcock; Robert Nickas
76761704-9c73-4e27-b529-caf72946b961,Songs from Shakespeare's Plays and Popular Songs of Shakespeare's Time,Tom Kines,,INSERT,,no match found,,,Songs from Shakespeare's Plays and Popular Songs of Shakespeare's Time,Tom Kines
767b4903-6162-4d74-905e-736beb83795c,The Psychology of Women: Motherhood,Helene Deutsch,title+author(exact),UPDATE,description|year|language,,The Psychology of Women: Motherhood,Helene Deutsch,The Psychology of Women: Motherhood,Helene Deutsch
767be77c-bbfa-4556-8ee5-09437080cb6d,Under Crescent and Cross,Mark R. Cohen,,INSERT,,no match found,,,Under Crescent and Cross,Mark R. Cohen
768dee27-6e0b-4638-9e8f-bde6175d8d14,The Cambridge Companion to Plotinus,Lloyd P. Gerson,,INSERT,,no match found,,,The Cambridge Companion to Plotinus,Lloyd P. Gerson
7694fdec-ed1c-4de9-afb5-0470061dbaba,The Venture of Islam,Marshall G. S. Hodgson,title+author(exact),UPDATE,year|language,,The Venture of Islam,Marshall G. S. Hodgson,The Venture of Islam,Marshall G. S. Hodgson
769bc187-f42c-42c8-9c14-b941280bb2dc,Menander,A. W. Gomme and F. H. Sandbach,,INSERT,,no match found,,,Menander,A. W. Gomme and F. H. Sandbach
76a6158a-9829-47c1-a64f-b70e5a38c485,Fragmentation and Redemption,Caroline Walker Bynum,,INSERT,,no match found,,,Fragmentation and Redemption,Caroline Walker Bynum
76ab88a9-6b57-4316-8a84-6c104d5fdffb,La Peste,Albert Camus,,INSERT,,no match found,,,La Peste,Albert Camus
76aead3b-2eec-43e5-87f0-2f69095fb54f,"Rembrandt, the Nightwatch",Egbert Haverkamp Begemann,,INSERT,,no match found,,,"Rembrandt, the Nightwatch",Egbert Haverkamp Begemann
76bdb793-7b0c-429f-8e49-48a08d24cbf8,Rozmaring,Unknown,,INSERT,,no match found,,,Rozmaring,Unknown
76cebed4-4c51-4766-aa86-9809ae202755,Greek Prose Composition for Schools,M. A. North,,INSERT,,no match found,,,Greek Prose Composition for Schools,M. A. North
76d01118-013d-4783-9e8a-bf9337cd6694,Discours sur les Juifs 1789,Abbé Grégoire; Anne-Louis-Henri de La Fare; Prince de Broglie; Stanislas de Clermont-Tonnerre,,INSERT,,no match found,,,Discours sur les Juifs 1789,Abbé Grégoire; Anne-Louis-Henri de La Fare; Prince de Broglie; Stanislas de Clermont-Tonnerre
76e42244-bc5a-48f3-8278-384a6fd58076,Gesammelte Schriften,Bruno Snell,,INSERT,,no match found,,,Gesammelte Schriften,Bruno Snell
76f6e301-89b1-4a31-8b99-e3104a65a9c3,ברלין 1961,Fredrick Kempe,,INSERT,,no match found,,,ברלין 1961,Fredrick Kempe
76fb849c-9193-4357-9039-2d3f91ce667b,Dialogues Concerning Two New Sciences,Galileo Galilei,,INSERT,,no match found,,,Dialogues Concerning Two New Sciences,Galileo Galilei
76fcc210-3229-4067-aaa9-04b62e38b08d,English-Irish Dictionary,Tomás De Bhaldraithe,,INSERT,,no match found,,,English-Irish Dictionary,Tomás De Bhaldraithe
770cacbb-2838-4ed7-a51a-a0897344af5d,The New Encyclopedia Britannica,Unknown,title+author(exact),UPDATE,year|language,,The New Encyclopedia Britannica,Unknown,The New Encyclopedia Britannica,Unknown
7711b0a7-bb6f-4089-a29c-41ee67df8121,The Poetics of Grammar and the Metaphysics of Sound and Sign,Sergio La Porta; David Dean Shulman,,INSERT,,no match found,,,The Poetics of Grammar and the Metaphysics of Sound and Sign,Sergio La Porta; David Dean Shulman
77160df5-b753-4ac9-b308-79f3078d186b,Grammar of Written Mongolian,N. Poppe,,INSERT,,no match found,,,Grammar of Written Mongolian,N. Poppe
77165515-42df-49b5-8010-1af837e02af6,The Wall,John Hersey,,INSERT,,no match found,,,The Wall,John Hersey
771f2aea-7edc-44ba-9b40-9bfab1def79f,"Year Book, 1999-2000",H.T MACNEILL,title+author(exact),UPDATE,title|year|language,,YEAR BOOK 1999-2000,H.T MACNEILL,"Year Book, 1999-2000",H.T MACNEILL
7722be18-66e2-4c50-b982-c814bf42fb48,Fundamentals of TI-99/4A Assembly Language,M. S. Morley,,INSERT,,no match found,,,Fundamentals of TI-99/4A Assembly Language,M. S. Morley
772ea81e-a0db-4ead-b8c8-70100937e7fc,Religious and Ethnic Movements in Medieval Islam,Wilferd Madelung,,INSERT,,no match found,,,Religious and Ethnic Movements in Medieval Islam,Wilferd Madelung
773d08a9-fe83-4f60-9efa-8000534ab7fb,The Sacred and Civil Calendar of the Athenian Year,Jon D. Mikalson,,INSERT,,no match found,,,The Sacred and Civil Calendar of the Athenian Year,Jon D. Mikalson
7743151f-b6bc-4909-8c58-15983aedcf72,Moby Dick,Herman Melville,,INSERT,,no match found,,,Moby Dick,Herman Melville
775812a8-3973-4303-98ce-e921dcda6487,The Bell,Iris Murdoch,,INSERT,,no match found,,,The Bell,Iris Murdoch
77769612-da73-4326-9cf7-bf15d78af6d5,The Campaigns of Alexander,Arrian,,INSERT,,no match found,,,The Campaigns of Alexander,Arrian
777be0c8-0c72-4dda-8142-7b007932dbff,Solfège des solfèges,L.. Lemoine; Albert Lavignac,,INSERT,,no match found,,,Solfège des solfèges,L.. Lemoine; Albert Lavignac
7793d2d3-ad19-49e1-9417-5bcf6c2a2a59,My Favorite Songs,SIDOR BELARSKY,,INSERT,,no match found,,,My Favorite Songs,SIDOR BELARSKY
7794a3bc-c056-4827-afa0-0b696c51885a,The Story of Greece and Rome,J. C. Robertson; H. G. Robertson,,INSERT,,no match found,,,The Story of Greece and Rome,J. C. Robertson; H. G. Robertson
7797826e-238c-4d3c-9123-320da488eaf0,"Demosthenes, Against Meidias (oration 21)",Demosthenes,,INSERT,,no match found,,,"Demosthenes, Against Meidias (oration 21)",Demosthenes
77a192da-2cae-4336-a098-ec3f335d0d51,Septuaginta,Alfred Rahlfs,,INSERT,,no match found,,,Septuaginta,Alfred Rahlfs
77a6829b-4c1d-4e5f-87ff-6ab8d583a094,Philosophy of Biology,Peter Godfrey-Smith,,INSERT,,no match found,,,Philosophy of Biology,Peter Godfrey-Smith
77af4cb8-b535-4fc1-8d1d-7a9e5ebe6529,MACROECONOMIC THEORY,"KENNEDY, M. MARIA JOHN",,INSERT,,no match found,,,MACROECONOMIC THEORY,"KENNEDY, M. MARIA JOHN"
77b575b7-215a-4dc5-adae-6ca845d505b4,Gulliver's Travels,Jonathan Swift,fuzzy(1.000),BLOCKED,,author similarity 0.424 < 0.75,Gulliver's Travels,SWIFT,Gulliver's Travels,Jonathan Swift
77b955d3-ba85-447e-8971-cd22088ff1fa,Rabbinic Registry,Rabbinical Council of America,,INSERT,,no match found,,,Rabbinic Registry,Rabbinical Council of America
77c3ba30-758b-48eb-9f22-245dd7331976,The Great Jewish Cities of Central and Eastern Europe,Eli Valley,,INSERT,,no match found,,,The Great Jewish Cities of Central and Eastern Europe,Eli Valley
77d23452-c142-4a72-9897-b0a1ce429544,Judaism in Islam,Abraham Isaac Katsh,,INSERT,,no match found,,,Judaism in Islam,Abraham Isaac Katsh
77e71380-0d65-41a9-877c-759b5924fc82,Black banners from the east,Sharon,,INSERT,,no match found,,,Black banners from the east,Sharon
77ebcd30-90fc-491f-ac37-cb9fdf5ccffe,On God and Political Duty,Jean Calvin; John T. McNeil,,INSERT,,no match found,,,On God and Political Duty,Jean Calvin; John T. McNeil
77ee74b5-ae24-41cf-85fb-ef331c2c33d8,A History of Philosophy,Frederick Copleston,,INSERT,,no match found,,,A History of Philosophy,Frederick Copleston
77fa68ce-c2ef-4844-b8f3-a10953dcf29a,The Papers of the Bibliographical Society of America,Bibliographical Society of America,fuzzy(1.000),BLOCKED,,author similarity 0.548 < 0.75,The PAPERS of the BIBLIOGRAPHICAL SOCIETY of AMERICA,"RICHARD KNOWLES, MARCUS A. McCORISON, ALAN R. YOUNG, SYDNEY J. SHEP",The Papers of the Bibliographical Society of America,Bibliographical Society of America
77ff2303-662f-4b19-8770-32077ba3ab48,Round Trip to Byzantium,Harry Barba,,INSERT,,no match found,,,Round Trip to Byzantium,Harry Barba
780d8092-e3bb-4fa0-8081-c72c414d20bb,"Homere, Hymnes",Jules Humbert,,INSERT,,no match found,,,"Homere, Hymnes",Jules Humbert
7811c467-209b-44d1-97fc-2fcfeec44b56,The St. Trinian's Story and the Pick of the Searle Cartoons,Kaye Webb; Ronald Searle,,INSERT,,no match found,,,The St. Trinian's Story and the Pick of the Searle Cartoons,Kaye Webb; Ronald Searle
78366d5e-b260-4b5f-8f76-612245861ea8,The Vicar of Wakefield,Oliver Goldsmith,,INSERT,,no match found,,,The Vicar of Wakefield,Oliver Goldsmith
78428a6e-e299-4173-8153-81f834c7b4c7,"Marital Relations, Birth Control and Abortion in Jewish Law",David M. Feldman,,INSERT,,no match found,,,"Marital Relations, Birth Control and Abortion in Jewish Law",David M. Feldman
78481927-98d7-4e87-b82b-6894f961c8ae,The Betrothed,Alessandro Manzoni,,INSERT,,no match found,,,The Betrothed,Alessandro Manzoni
785499c9-7b08-421c-899f-101e8a929881,John Stuart Mill,Karl Britton,,INSERT,,no match found,,,John Stuart Mill,Karl Britton
786fd582-887f-4e33-bb32-25d3c591e1f8,The Piano and Violoncello Sonatas of Ludwig Van Beethoven,Ryan James Daniel,,INSERT,,no match found,,,The Piano and Violoncello Sonatas of Ludwig Van Beethoven,Ryan James Daniel
78763b93-7a32-4e8f-b27e-3dc4afa387ff,"Fact, Fiction and Forecast",Nelson Goodman,,INSERT,,no match found,,,"Fact, Fiction and Forecast",Nelson Goodman
7891f20d-d5a7-4db5-9822-7b6d4cc544cd,A History of Rome,Erik Christiansen,fuzzy(1.000),BLOCKED,,author similarity 0.445 < 0.75,A HISTORY OF ROME,ARTHUR E. R. BOAK,A History of Rome,Erik Christiansen
789224f8-2fa9-4edd-9244-d6d7a4ad3d31,Dance and the Music of J. S. Bach,Meredith Little; Natalie Jenne,,INSERT,,no match found,,,Dance and the Music of J. S. Bach,Meredith Little; Natalie Jenne
78937968-ed3d-40c1-81d9-dbb806289eee,A history of private life IV,M. Perrot,,INSERT,,no match found,,,A history of private life IV,M. Perrot
789638bb-e02b-4daa-b1f2-987dadc36aa2,Music in Renaissance Magic,Gary Tomlinson,,INSERT,,no match found,,,Music in Renaissance Magic,Gary Tomlinson
789dbac9-ea84-42cb-95f1-cd095140eb33,The Human Genome Project,Janey Levy,,INSERT,,no match found,,,The Human Genome Project,Janey Levy
78ae1037-e581-4d36-a5db-95b90481824d,"Notes, Quarterly Journal of the Music Library Association",Music Library Association (UNITED STATES OF AMERICA),title+author(exact),UPDATE,title|author|year|language,,Notes: Quarterly Journal of the Music Library Association,Unknown,"Notes, Quarterly Journal of the Music Library Association",Music Library Association (UNITED STATES OF AMERICA)
78b50332-a51f-4175-bed9-a7d5047cbc1c,Evripidis fabvlae,Eurípides,,INSERT,,no match found,,,Evripidis fabvlae,Eurípides
78bfad2c-257d-4f41-bd70-7ac6a20ded8d,Bulgarian-English Dictionary,Rusi Rusev,,INSERT,,no match found,,,Bulgarian-English Dictionary,Rusi Rusev
78c73d9f-be45-4b32-bd1b-cd156475e072,Testamentum Novum hebraice,Unknown,,INSERT,,no match found,,,Testamentum Novum hebraice,Unknown
78ca90f8-431f-47b1-8ccc-296f02f1f341,When Aseneth Met Joseph,Ross Shepard Kraemer,,INSERT,,no match found,,,When Aseneth Met Joseph,Ross Shepard Kraemer
78ce9433-d8c2-4ebb-b14c-5c5623f10591,Armenian Church. Liturgy,"Wardan Sarxian, Archbishop Tiran Nersoyan",,INSERT,,no match found,,,Armenian Church. Liturgy,"Wardan Sarxian, Archbishop Tiran Nersoyan"
78cfaf3a-c753-401b-ab6c-a5d65e7554f0,The Halacha and Beyond,Zechariah Fendel,,INSERT,,no match found,,,The Halacha and Beyond,Zechariah Fendel
78d27114-976a-4493-8a1c-3b334229df34,Rhétorique,Aristote,title+author(exact),BLOCKED,,title length ratio 2.00 > 1.5; title similarity 0.900 < 0.92,RHÉTORIQUE (LIVRE III),ARISTOTE,Rhétorique,Aristote
78d6091c-e32f-4261-8e86-8b8a8fee1302,Synagoga Judaica,Johann Buxtorf,,INSERT,,no match found,,,Synagoga Judaica,Johann Buxtorf
78e4c640-1ff0-40e1-92b9-031ef65428af,"Les Caractères de Théophraste, traduits du grec; avec Les Caractères ou Les Moeurs de ce siècle",Théophraste,,INSERT,,no match found,,,"Les Caractères de Théophraste, traduits du grec; avec Les Caractères ou Les Moeurs de ce siècle",Théophraste
78e71232-95d8-43bc-8e44-9bea1ea81593,The New Encyclopedia Britannica,Unknown,title+author(exact),UPDATE,year|language,,The New Encyclopedia Britannica,Unknown,The New Encyclopedia Britannica,Unknown
78ebcd9c-cbd1-4657-9967-b3768ce964c5,The Jungle Book,Rudyard Kipling,,INSERT,,no match found,,,The Jungle Book,Rudyard Kipling
78eeaf67-228f-4599-a9a3-46b3632a3294,After Virtue,Alasdair MacIntyre,,INSERT,,no match found,,,After Virtue,Alasdair MacIntyre
78ef4f38-e74e-4b84-a8da-8b563127ea76,The London Nobody Knows,Geoffrey Fletcher,,INSERT,,no match found,,,The London Nobody Knows,Geoffrey Fletcher
78f86d2b-3f6c-4706-9a6e-f229d5451ace,Essays in Jewish Intellectual History,Alexander Altmann,,INSERT,,no match found,,,Essays in Jewish Intellectual History,Alexander Altmann
78f92202-76ca-4289-a2f6-058958a8e85b,The Interpretation of Mycenaean Greek Texts,Leonard R. Palmer,,INSERT,,no match found,,,The Interpretation of Mycenaean Greek Texts,Leonard R. Palmer
79063206-cc3e-495f-ab80-270bce39ec04,Moses in Greco-Roman Paganism,John G. Gager,title+author(exact),UPDATE,year|language,,Moses in Greco-Roman Paganism,John G. Gager,Moses in Greco-Roman Paganism,John G. Gager
7917b9ae-e5c8-4a17-ab8f-1d1a6ed42876,Scholia in Evripidem,Eduard Schwartz,,INSERT,,no match found,,,Scholia in Evripidem,Eduard Schwartz
791f2671-284e-490a-9de2-9ca14f46d8df,Father and Son,Edmund Gosse,,INSERT,,no match found,,,Father and Son,Edmund Gosse
79451fbc-85c8-4e7b-a915-30335c41c543,Thukydides der Historiker,Otto Luschnat,,INSERT,,no match found,,,Thukydides der Historiker,Otto Luschnat
794d4d17-73d4-47f5-8867-64f015a4abfb,The Attic Nights of Aulus Gellius,Aulus Gellius,,INSERT,,no match found,,,The Attic Nights of Aulus Gellius,Aulus Gellius
795ab617-4f68-4394-879b-8aa59cfa6ec7,The Archaeology of Knowledge,Michel Foucault,,INSERT,,no match found,,,The Archaeology of Knowledge,Michel Foucault
795f3a6c-6d0c-4060-80da-fce3e9bb3738,Sharpe's Company,Bernard Cornwell,,INSERT,,no match found,,,Sharpe's Company,Bernard Cornwell
7968514f-fc37-4c57-afb4-8e7a6b9c53d5,D.Ivnii Ivvenalis saturae XIV,Decimus Iunius Iuvenalis; James D. Duff,,INSERT,,no match found,,,D.Ivnii Ivvenalis saturae XIV,Decimus Iunius Iuvenalis; James D. Duff
79692c22-f904-419a-a8ce-d7287a705161,American Prejudice,Richard H. Ropers; Dan J. Pence,,INSERT,,no match found,,,American Prejudice,Richard H. Ropers; Dan J. Pence
79698b3b-4c37-426c-9506-2b43a3b7c04c,Trial and Error,Chaim Weizmann,,INSERT,,no match found,,,Trial and Error,Chaim Weizmann
7972d120-e114-496c-8592-83439724eaed,Jewish Law Review,Hillel Gamoran,,INSERT,,no match found,,,Jewish Law Review,Hillel Gamoran
797b0688-9c77-47ee-81df-82123a74e56a,American journal of ancient history,Unknown,,INSERT,,no match found,,,American journal of ancient history,Unknown
797eef46-290b-48be-aec6-ce30a3ba0376,The Birth of tragedy,Friedrich Nietzsche,,INSERT,,no match found,,,The Birth of tragedy,Friedrich Nietzsche
79848f9a-035a-4a7c-98a5-a7bf000becfa,Interpreting Late Antiquity,Glen Warren Bowersock; Peter Brown; Oleg Grabar,,INSERT,,no match found,,,Interpreting Late Antiquity,Glen Warren Bowersock; Peter Brown; Oleg Grabar
7987c855-4b5b-4fb0-8b7d-8a5f2a524053,The Politics,Aristotle,,INSERT,,no match found,,,The Politics,Aristotle
798d9226-c5e9-41de-8331-972065e5e619,"Notes, Quarterly Journal of the Music Library Association",Music Library Association (UNITED STATES OF AMERICA),title+author(exact),UPDATE,title|author|year|language,,Notes: Quarterly Journal of the Music Library Association,Unknown,"Notes, Quarterly Journal of the Music Library Association",Music Library Association (UNITED STATES OF AMERICA)
7996e35b-0e32-4845-bd9a-7d7d5bf4aa61,German,Walter F. W. Lohnes; F. W. Strothmann; William E. Petig,,INSERT,,no match found,,,German,Walter F. W. Lohnes; F. W. Strothmann; William E. Petig
799d5bfa-4565-43e6-96bc-d4b1231dd06f,Beyond Good and Evil,Friedrich Nietzsche,,INSERT,,no match found,,,Beyond Good and Evil,Friedrich Nietzsche
79b7a774-9f60-406c-be7a-25bccabb2c83,Baal T'filo: Cantor's manual : עבודת החזן,Joshua Samuel Weisser,,INSERT,,no match found,,,Baal T'filo: Cantor's manual : עבודת החזן,Joshua Samuel Weisser
79b907ec-540a-42d4-b9de-7d67f3f63fc7,Piano Concerto No. 2 in A Major,Franz Liszt,,INSERT,,no match found,,,Piano Concerto No. 2 in A Major,Franz Liszt
79be816b-9fc9-438f-87c7-57deccce1f07,Cicero and the Roman Republic,F. R. Cowell,title+author(exact),UPDATE,year|language,,Cicero and the Roman Republic,F. R. Cowell,Cicero and the Roman Republic,F. R. Cowell
79bed0d9-fd39-412c-b1ad-04d00fbc3b45,Märchen,Wilhelm Hauff,,INSERT,,no match found,,,Märchen,Wilhelm Hauff
79cb192c-d9ac-4f76-8b96-0e838561e42c,Knight's Gambit,William Faulkner,,INSERT,,no match found,,,Knight's Gambit,William Faulkner
79ddb2b1-6571-4349-b33a-b10eb6e75139,Mantua,Unknown,,INSERT,,no match found,,,Mantua,Unknown
79e077a7-e48c-4b9d-9e26-e67e81766a72,The Agony and the Ecstasy,Irving Stone,,INSERT,,no match found,,,The Agony and the Ecstasy,Irving Stone
79fbc42b-94d0-4f40-a8e6-929375332683,American Indian Languages in Their Social and Cultural Context,Shirley Silver; Wick R. Miller,,INSERT,,no match found,,,American Indian Languages in Their Social and Cultural Context,Shirley Silver; Wick R. Miller
7a198c1a-e9bb-4ccc-ac6c-88d3bb9af83c,"Magic, Divination and Demonology",Thomas Witton Davies,,INSERT,,no match found,,,"Magic, Divination and Demonology",Thomas Witton Davies
7a2347f5-6649-4a92-9990-a7c54b9b606e,The New Encyclopedia Britannica,Unknown,title+author(exact),UPDATE,year|language,,The New Encyclopedia Britannica,Unknown,The New Encyclopedia Britannica,Unknown
7a3c83f2-ce66-4fab-accb-7fcfd831cb92,Cambodian system of writing and beginning reader with drills and glossary,Franklin E. Huffman,,INSERT,,no match found,,,Cambodian system of writing and beginning reader with drills and glossary,Franklin E. Huffman
7a4e48f3-e55b-4096-a91f-0002da71f271,The Phoenix Project,Gene Kim; Kevin Behr; George Spafford,title+author(exact),BLOCKED,,title length ratio 2.14 > 1.5; title similarity 0.893 < 0.92,The Phoenix,Unknown,The Phoenix Project,Gene Kim; Kevin Behr; George Spafford
7a6862ea-5580-4db7-8806-e2f2cea1d0dd,Naturalization in Athens,M. J. Osborne,,INSERT,,no match found,,,Naturalization in Athens,M. J. Osborne
7a79f74c-5659-43be-85d2-ff60327d36b2,A New Introduction to Philosophy,Steven M. Cahn,title+author(exact),UPDATE,description|publisher|year|language|category_id,,A New Introduction to Philosophy,Steven M. Cahn,A New Introduction to Philosophy,Steven M. Cahn
7a843a2d-755c-45fd-acc4-4c72ba3178b3,A History of Greek Art,Martin Robertson,fuzzy(0.926),BLOCKED,,author similarity 0.600 < 0.75,A HISTORY OF GREEK MATHEMATICS,Sir Thomas Heath,A History of Greek Art,Martin Robertson
7a884d8c-d99d-44e2-9af5-2140884f32d7,Caruso's Method of Voice Production,P. Mario Marafioti,title+author(exact),UPDATE,description|publisher|year|language|category_id,,Caruso's Method of Voice Production,P. Mario Marafioti,Caruso's Method of Voice Production,P. Mario Marafioti
7a8bf145-68c1-4068-80cc-208889611309,Prayer in Judaism,Gabriel H. Cohn; Harold Fisch,,INSERT,,no match found,,,Prayer in Judaism,Gabriel H. Cohn; Harold Fisch
7a94d42a-230a-4b1a-9419-edd13a6ff880,Personal Recollections,Abraham J. Twerski,,INSERT,,no match found,,,Personal Recollections,Abraham J. Twerski
7a983082-7d23-448f-b79a-7a5651649331,Practical Bengali Grammar,W. S. Milne,,INSERT,,no match found,,,Practical Bengali Grammar,W. S. Milne
7aaf31cc-3452-4fb8-b34d-bf09d15a0262,The Armenians,Nira Stone; Michael E. Stone,,INSERT,,no match found,,,The Armenians,Nira Stone; Michael E. Stone
7ab3a2b2-9018-4830-a1c3-481fdcde9153,"Jews and Synagogues, Venice, Florence, Rome, Leghorn",Umberto Fortis,,INSERT,,no match found,,,"Jews and Synagogues, Venice, Florence, Rome, Leghorn",Umberto Fortis
7aba4d10-9267-4868-852e-1b446c609f4e,Thomas Mann,Thomas Mann,,INSERT,,no match found,,,Thomas Mann,Thomas Mann
7ad16656-1c75-4c08-acd0-eb4e20974758,Romances of Alexandre Dumas,Alexandre Dumas,,INSERT,,no match found,,,Romances of Alexandre Dumas,Alexandre Dumas
7ad1d1be-422a-4b94-94f3-8deea5170b59,A Commentary on Homer's Odyssey,Alfred Heubeck; Stephanie West; J. B. Hainsworth,,INSERT,,no match found,,,A Commentary on Homer's Odyssey,Alfred Heubeck; Stephanie West; J. B. Hainsworth
7ad9f59c-cc84-4924-a9db-5d7bb4ce9357,Aquinas on Mind,Anthony Kenny,,INSERT,,no match found,,,Aquinas on Mind,Anthony Kenny
7adc3877-971e-4cd6-8730-a9f95b7fd107,Q's Legacy,Helene Hanff,,INSERT,,no match found,,,Q's Legacy,Helene Hanff
7aedbebd-206b-4c76-bac7-2a2892c8bb23,Uneasy Money,P. G. Wodehouse,,INSERT,,no match found,,,Uneasy Money,P. G. Wodehouse
7b03323d-5240-4cd6-8520-d72d44f39379,Judaica,Hermann Cohen,,INSERT,,no match found,,,Judaica,Hermann Cohen
7b036c1d-54a9-4fa9-a47e-898b36444d9f,Purity and Danger,Mary Douglas,,INSERT,,no match found,,,Purity and Danger,Mary Douglas
7b073206-99aa-4b39-a090-c499076d1a10,Igereth Rav Sherira Gaon,שררה בן הינה גאון; Aaron Hyman,,INSERT,,no match found,,,Igereth Rav Sherira Gaon,שררה בן הינה גאון; Aaron Hyman
7b0cf1f1-b7ac-47cd-aa96-6d52245bc6cb,ספר ישעיה Das Buch Jesaia. Nach dem Forschungssystem Rabbiner Samson Raphael Hirschs übersetzt und erläutert von Julius Hirsch. [Edited by Marcus Hirsch.] Heb. & Ger,Julius Hirsch,,INSERT,,no match found,,,ספר ישעיה Das Buch Jesaia. Nach dem Forschungssystem Rabbiner Samson Raphael Hirschs übersetzt und erläutert von Julius Hirsch. [Edited by Marcus Hirsch.] Heb. & Ger,Julius Hirsch
7b218a88-64e4-476d-8c98-fac6e4342004,An Advanced Desk English-English-Thai Dictionary,Wit Thiengburanathum,,INSERT,,no match found,,,An Advanced Desk English-English-Thai Dictionary,Wit Thiengburanathum
7b23ebc0-5a4c-432a-8d8d-349111a23d30,The Family Y Aguilar,Marcus Lehmann; Jacob Breuer,,INSERT,,no match found,,,The Family Y Aguilar,Marcus Lehmann; Jacob Breuer
7b2489c1-28fc-4585-b195-18c150b3b05e,Lumières sur la paracha,Ray Emmanuel Bensimon,,INSERT,,no match found,,,Lumières sur la paracha,Ray Emmanuel Bensimon
7b2c3b1c-23f6-4bac-a99e-4d88a166b7a2,Chess Openings for Beginners,Edward Ernest Cunnington,,INSERT,,no match found,,,Chess Openings for Beginners,Edward Ernest Cunnington
7b44936d-bf37-45e2-9e8c-f899a4144838,Textual Criticism of the Hebrew Bible,Emanuel Tov,,INSERT,,no match found,,,Textual Criticism of the Hebrew Bible,Emanuel Tov
7b4a8dfd-b94f-49f7-a9e1-cdbf2cf51be5,Collected Poems 1909-1962,T. S. Eliot,title+author(exact),BLOCKED,,title length ratio 1.67 > 1.5,Collected Poems,T. S. Eliot,Collected Poems 1909-1962,T. S. Eliot
7b4af94a-ca2f-4c1b-8832-6ae5d2bedcdb,אביר 21,משה גבעתי,,INSERT,,no match found,,,אביר 21,משה גבעתי
7b4caa8b-0532-4e38-a51e-4bfdba8cf8f1,Three Faces of Hermeneutics,Roy J. Howard,,INSERT,,no match found,,,Three Faces of Hermeneutics,Roy J. Howard
7b4d0041-08b2-4383-9be6-930dd889446d,Tutto da rifare,Francesco Buzzolan,,INSERT,,no match found,,,Tutto da rifare,Francesco Buzzolan
7b4edaac-65e8-4a59-9709-039fd1caba2c,The Chosen,Chaim Potok,,INSERT,,no match found,,,The Chosen,Chaim Potok
7b6b12fd-6d61-4b6f-9559-e39631343e3c,"Griechische Geschichte bis zur Schlacht bei Chaironeia, von Dr Georg Busolt,...",Georg Busolt,,INSERT,,no match found,,,"Griechische Geschichte bis zur Schlacht bei Chaironeia, von Dr Georg Busolt,...",Georg Busolt
7b74a919-8811-4052-97dd-9d1c84552d2a,Gisi Fleischmann,Oskar Neumann,title+author(exact),BLOCKED,,title length ratio 4.00 > 1.5; title similarity 0.850 < 0.92,Gisi,Unknown,Gisi Fleischmann,Oskar Neumann
7b8318c9-1603-4897-8d4c-95a7dd432fb1,Phoenix,Classical Association of Canada / Société canadienne des études classiques,fuzzy(1.000),UPDATE,author|year|language,,Phoenix,Unknown,Phoenix,Classical Association of Canada / Société canadienne des études classiques
7b89c401-ab19-4f70-aaee-2d6fd856d079,Medieval Latin,K. P. Harrington; Joseph Pucci,,INSERT,,no match found,,,Medieval Latin,K. P. Harrington; Joseph Pucci
7b904f9a-b90e-4752-8c7d-6b4317fc4161,Black Dove,Bill Carr,title+author(exact),BLOCKED,,title length ratio 1.60 > 1.5; author similarity 0.480 < 0.75,BLACK DOVES PEAK,ROSARIA VIGNOLO MUNSON,Black Dove,Bill Carr
7b98be73-622a-4ef8-a2ab-3297c2977270,Transactions of the American Philological Association,American Philological Association,,INSERT,,no match found,,,Transactions of the American Philological Association,American Philological Association
7badeea0-c7c3-41dc-8c17-58c7fa9d2310,Handbuch Der Griechischen Staatsalterthümer,Gustav Gilbert,,INSERT,,no match found,,,Handbuch Der Griechischen Staatsalterthümer,Gustav Gilbert
7bd1eed4-4dba-4171-8340-e9a9fc2c9a09,The Discovery of the Mind,Bruno Snell,,INSERT,,no match found,,,The Discovery of the Mind,Bruno Snell
7be70efb-2a8b-4024-bf4e-3aec4e836f1a,The Web of Belief,J. S. Ullian; W. V. Quine,,INSERT,,no match found,,,The Web of Belief,J. S. Ullian; W. V. Quine
7be98ac9-e2a8-4de5-a004-fa7a353e8b22,Vierstellige Logarithmentafeln nebst Rechentafeln und Formelanhang,A.. Schülke,,INSERT,,no match found,,,Vierstellige Logarithmentafeln nebst Rechentafeln und Formelanhang,A.. Schülke
7bec5257-c087-40a3-af9b-f7b4f8c6472c,Proceedings of the Cambridge Philological Society,Roger David Dawe; William Hugh Clifford Frend,,INSERT,,no match found,,,Proceedings of the Cambridge Philological Society,Roger David Dawe; William Hugh Clifford Frend
7bf76971-28c9-4eb3-a92d-6c65db26f4f4,Anthropology and the Greeks,S.C. Humphreys,title+author(exact),UPDATE,author|description|publisher|year|language,,Anthropology and the Greeks,S. C. Humphreys,Anthropology and the Greeks,S.C. Humphreys
7bfa0f62-eeed-405a-8eab-c49764c23184,Stoicorum veterum fragmenta,Hans Friedrich August von Arnim,,INSERT,,no match found,,,Stoicorum veterum fragmenta,Hans Friedrich August von Arnim
7bfabe33-ba43-44c8-8f86-e925f68ce7d9,The Wind in the Willows,Kenneth Grahame,,INSERT,,no match found,,,The Wind in the Willows,Kenneth Grahame
7c0425c5-d523-4b31-9f5e-c0ca65e22d42,Old Nubian Grammar,Gerald M. Browne,,INSERT,,no match found,,,Old Nubian Grammar,Gerald M. Browne
7c0578bc-55f6-405a-82bf-0f8ec69f9f54,On the Philosophy of Religion,Yitzhak Julius Guttmann,title+author(exact),UPDATE,year|language,,On the Philosophy of Religion,Yitzhak Julius Guttmann,On the Philosophy of Religion,Yitzhak Julius Guttmann
7c20a949-75b4-46df-be0f-b4cfd1568f92,The Two-way Channel,Avraham Beharan,,INSERT,,no match found,,,The Two-way Channel,Avraham Beharan
7c2266f6-46e0-47ec-9be3-52c16c2485e7,Old Master Drawings,Karl Theodore Parker,,INSERT,,no match found,,,Old Master Drawings,Karl Theodore Parker
7c28724f-4b95-419a-9de2-776e22ef6eb2,Art of the Middle East,Saeb Eigner,,INSERT,,no match found,,,Art of the Middle East,Saeb Eigner
7c2f52f7-1858-4f39-842f-86ace3270a52,From Religion to Philosophy,F.M. Cornford,title+author(exact),UPDATE,author|description|publisher|year|language|category_id,,From Religion to Philosophy,F. M. Cornford,From Religion to Philosophy,F.M. Cornford
7c35aed6-3926-4abe-8595-cb405804f904,From Writer to Reader,Philip Gaskell,,INSERT,,no match found,,,From Writer to Reader,Philip Gaskell
7c370f69-2983-49a0-8a97-929dd92e5478,The Jews in Soviet Russia Since 1917. Ld,Lionel Kochan,,INSERT,,no match found,,,The Jews in Soviet Russia Since 1917. Ld,Lionel Kochan
7c382621-8b59-4a9a-b844-6bdc2bd5c33f,History of Art,H. W. Janson,fuzzy(0.931),BLOCKED,,author similarity 0.511 < 0.75,A HISTORY OF ROME,ARTHUR E. R. BOAK,History of Art,H. W. Janson
7c4d0854-efbc-4661-a95e-c45c0b7aad61,A Derrida Reader,Jacques Derrida,,INSERT,,no match found,,,A Derrida Reader,Jacques Derrida
7c707b68-c87c-40b5-859a-80e9483f87fb,American Academy of Arts and Sciences,American Academy of Arts and Sciences,title+author(exact),UPDATE,title|author|year|language,,American Academy of Arts and Sciences Records,Unknown,American Academy of Arts and Sciences,American Academy of Arts and Sciences
7c71f154-6c8e-4d4c-af62-6bfc66fd36ac,Homers Ilias,Homer,,INSERT,,no match found,,,Homers Ilias,Homer
7c755c3a-8dcc-47c8-a72b-c9146e3ee0a1,M. Tullii Ciceronis pro M. Caelio oratio ad iudices,M. Tullius Cicero,,INSERT,,no match found,,,M. Tullii Ciceronis pro M. Caelio oratio ad iudices,M. Tullius Cicero
7c7c0b3c-e6ed-4e6f-a5e0-6cd85cb3abaf,Goya and the Spirit of Enlightenment,Francisco Goya; Gonzalo Anes Alvarez,,INSERT,,no match found,,,Goya and the Spirit of Enlightenment,Francisco Goya; Gonzalo Anes Alvarez
7c82591e-0c18-4854-9043-8dcb3150e68c,Soliloquies and Speeches from the Plays of William Shakespeare,William Shakespeare,,INSERT,,no match found,,,Soliloquies and Speeches from the Plays of William Shakespeare,William Shakespeare
7c917f85-634a-49d0-9104-2b39f124c23a,Jewish Identity,Michael Corinaldi,,INSERT,,no match found,,,Jewish Identity,Michael Corinaldi
7c9fc120-568c-4b07-bbac-c9fccdbf3cd7,Neues Wilhelm Busch Album,Wilhelm Busch,,INSERT,,no match found,,,Neues Wilhelm Busch Album,Wilhelm Busch
7cc40009-7d75-4120-9192-4a6466fbfdec,From Popular Sovereignty to the Sovereignty of Law,Martin Ostwald,,INSERT,,no match found,,,From Popular Sovereignty to the Sovereignty of Law,Martin Ostwald
7cd0a2f5-7e09-475a-abdd-1e36a45e241f,The Love Letters of Abelard and Heloise,Peter Abelard Heloise,title+author(exact),BLOCKED,,title similarity 0.832 < 0.92; author similarity 0.701 < 0.75,THE LETTERS OF ABELARD AND HELOISE,ABELARD AND HELOISE,The Love Letters of Abelard and Heloise,Peter Abelard Heloise
7cee1f59-400a-4baa-b322-f2e9b8bd5095,Harmonizing the Jewish Modes,Isadore Freed,,INSERT,,no match found,,,Harmonizing the Jewish Modes,Isadore Freed
7cf7bd78-405d-4f34-b9f0-5d89bff09c37,On Formally Undecidable Propositions of Principia Mathematica and Related Systems,Kurt Gödel,,INSERT,,no match found,,,On Formally Undecidable Propositions of Principia Mathematica and Related Systems,Kurt Gödel
7d122b9a-a46e-4b93-a3d0-f92fce84e649,The Art of Ancient Greece,J. J. Pollitt,,INSERT,,no match found,,,The Art of Ancient Greece,J. J. Pollitt
7d211ef8-cd5a-4ac6-bfbb-1ead0a66e96c,Belehrung und Mahnung,Salomon Breuer,,INSERT,,no match found,,,Belehrung und Mahnung,Salomon Breuer
7d272494-f339-4860-bb86-f96f11d691f0,Painting and Experience in Fifteenth Century Italy,Michael Baxandall,,INSERT,,no match found,,,Painting and Experience in Fifteenth Century Italy,Michael Baxandall
7d2e25f5-0262-46eb-a714-226bc01c1493,Œuvres complètes de Paul Verlaine: Poèmes saturniens ; Fêtes galantes ; La bonne chanson ; Romances sans paroles ; Sagesse ; Jadis et naguère,Paul Verlaine,title+author(exact),BLOCKED,,title length ratio 2.65 > 1.5; title similarity 0.636 < 0.92,"Poèmes saturniens, Fêtes galantes, La Bonne chanson",Paul Verlaine,Œuvres complètes de Paul Verlaine: Poèmes saturniens ; Fêtes galantes ; La bonne chanson ; Romances sans paroles ; Sagesse ; Jadis et naguère,Paul Verlaine
7d392196-0556-42d2-b265-aa879b3e9402,The Literary Text in the Digital Age,Richard J. Finneran,,INSERT,,no match found,,,The Literary Text in the Digital Age,Richard J. Finneran
7d45f07b-27e1-44d7-8449-2a7b86ed7d19,A History of Magic and Experimental Science,Lynn Thorndike,,INSERT,,no match found,,,A History of Magic and Experimental Science,Lynn Thorndike
7d53aa59-3ef3-41d0-b9c1-f23897bc48a6,Anthologie grecque,Unknown,title+author(exact),BLOCKED,,title length ratio 2.11 > 1.5; title similarity 0.895 < 0.92,Anthologie Grecque Anthologie Palatine,Unknown,Anthologie grecque,Unknown
7d5d5dcd-6b17-4075-aed7-b2f891a8eb2c,The Silver Chair,C. S. Lewis,title+author(exact),UPDATE,description|publisher|year|language,,The Silver Chair,C. S. Lewis,The Silver Chair,C. S. Lewis
7d7b5a3a-0f67-412c-b08c-8234943cbf93,The pictorial history of Ely Cathedral,C. P. Hankey,,INSERT,,no match found,,,The pictorial history of Ely Cathedral,C. P. Hankey
7d7bb12a-0841-4d9e-aa7a-bdf0359c9b57,Sovereignty and Coinage in Classical Greece,Thomas R. Martin,,INSERT,,no match found,,,Sovereignty and Coinage in Classical Greece,Thomas R. Martin
7d85ffca-e4e8-4afe-9668-042a4de94667,Records of the Academy,American Academy of Arts and Sciences,title+author(exact),UPDATE,year|language|category_id,,Records of the Academy,American Academy of Arts and Sciences,Records of the Academy,American Academy of Arts and Sciences
7d919ccb-e97c-4613-8a56-315eb75c4432,Arabian Society in the Middle Ages,E. W. Lane,,INSERT,,no match found,,,Arabian Society in the Middle Ages,E. W. Lane
7d92f576-ea56-4694-ac50-d7bbda60126a,Enchanted Landscapes,Unknown,,INSERT,,no match found,,,Enchanted Landscapes,Unknown
7d9753f4-7e5b-4254-9ce7-5342efd2acb9,你的名字Another Side：Earthbound(02)完,加納新太,title+author(exact),BLOCKED,,title length ratio 3.20 > 1.5; title similarity 0.579 < 0.92; author similarity 0.000 < 0.75,Earthbound,Marguerite Serkin,你的名字Another Side：Earthbound(02)完,加納新太
7d9e98b9-016d-441f-a0c8-445145e63e87,The Phratries of Attica,S. D. Lambert,,INSERT,,no match found,,,The Phratries of Attica,S. D. Lambert
7da69c47-0a07-48af-a5e1-65a131bc9d36,The New Encyclopedia Britannica,Unknown,title+author(exact),UPDATE,year|language,,The New Encyclopedia Britannica,Unknown,The New Encyclopedia Britannica,Unknown
7da813ec-bfcf-4f50-8e3a-7fc72e5bb151,Il trovatore,Giuseppe Verdi,,INSERT,,no match found,,,Il trovatore,Giuseppe Verdi
7dad3d04-2025-4cdb-ac28-27ec5b009783,The Satiricon,Petronius Arbiter,,INSERT,,no match found,,,The Satiricon,Petronius Arbiter
7dbc56a8-b6f8-4048-a8f1-f4a3eb2ffc93,Accepting the Yoke of Heaven,Yeshayahu Leibowitz,,INSERT,,no match found,,,Accepting the Yoke of Heaven,Yeshayahu Leibowitz
7dcb04eb-b063-4aea-8d7a-b9647b352079,Scholia Platonica,William Chase Greene,title+author(exact),UPDATE,year|language,,Scholia Platonica,William Chase Greene,Scholia Platonica,William Chase Greene
7dde5b7c-f3c2-47c4-a488-fb46ea400783,The Menaechmi,Titus Maccius Plautus,title+author(exact),BLOCKED,,author similarity 0.517 < 0.75,The Menaechmi,Plautus,The Menaechmi,Titus Maccius Plautus
7dea59f9-c4f6-4888-82c9-d77324ef23ab,Der kleine Pauly,Konrat Ziegler; Walther Sontheimer (historien),,INSERT,,no match found,,,Der kleine Pauly,Konrat Ziegler; Walther Sontheimer (historien)
7dec14a1-023e-43ad-b3d8-9d245c780101,Züricher Novellen,Gottfried Keller,title+author(exact),UPDATE,description|publisher|year|language,,Züricher Novellen,Gottfried Keller,Züricher Novellen,Gottfried Keller
7df5600c-a23f-4340-9be7-f4b8d912fc9a,The Phoenix Project,Gene Kim; Kevin Behr; George Spafford,title+author(exact),BLOCKED,,title length ratio 2.14 > 1.5; title similarity 0.893 < 0.92,The Phoenix,Unknown,The Phoenix Project,Gene Kim; Kevin Behr; George Spafford
7dfb426d-c076-4fb6-ba95-187663c0a5e7,Hippolytos,Euripides,,INSERT,,no match found,,,Hippolytos,Euripides
7dff0dff-17de-40fa-ac24-58762c8d1f37,60 TUDES DU JEUNE VIOLONCELLISTE,Louis R. Feuillard,,INSERT,,no match found,,,60 TUDES DU JEUNE VIOLONCELLISTE,Louis R. Feuillard
7e010309-d08a-48d2-8752-16fa968a606a,Religious Tradition and Myth,Erwin Ramsdell Goodenough,,INSERT,,no match found,,,Religious Tradition and Myth,Erwin Ramsdell Goodenough
7e0c6c0b-06e4-4551-a80f-aaa5a8c70503,Aristotle,Jonathan Barnes,,INSERT,,no match found,,,Aristotle,Jonathan Barnes
7e0e2444-0049-411c-8aed-631f03a1c887,Mirka Among Strangers,Anna Eilenberg-Eibeshitz,,INSERT,,no match found,,,Mirka Among Strangers,Anna Eilenberg-Eibeshitz
7e10581e-61da-4346-b196-53b28681f04c,On Certainty,Ludwig Wittgenstein,title+author(exact),UPDATE,description|publisher|year|language|category_id,,On Certainty,Ludwig Wittgenstein,On Certainty,Ludwig Wittgenstein
7e341138-8471-47ac-8772-b93d24ea0130,The Life Worth Living in Ancient Greek and Roman Philosophy,David Machek,,INSERT,,no match found,,,The Life Worth Living in Ancient Greek and Roman Philosophy,David Machek
7e37e7d8-3514-459b-94ae-cc90b5a05985,The Bull of Minos,Leonard Cottrell,title+author(exact),UPDATE,title|description|publisher|year|language,,THE BULL OF MINOS,Leonard Cottrell,The Bull of Minos,Leonard Cottrell
7e39c613-d929-41e8-94f7-f3c73cea3895,To the Lighthouse,Virginia Woolf,title+author(exact),BLOCKED,,author similarity 0.000 < 0.75,To the Lighthouse,Woolf,To the Lighthouse,Virginia Woolf
7e459769-191a-41b1-b201-efca70241f99,113 Studies for Cello Solo,Justus Johann Friedrich Dotzauer,,INSERT,,no match found,,,113 Studies for Cello Solo,Justus Johann Friedrich Dotzauer
7e4da4b7-b039-46d8-b9d5-8a24dc97f5d7,The Story of Bible Translations,Max Leopold Margolis,title+author(exact),UPDATE,author|year|language,,The Story of Bible Translations,Max L. Margolis,The Story of Bible Translations,Max Leopold Margolis
7e697734-8ba4-407d-8402-4fd6f2e91c5a,Prolegomena to any Future Metaphysics,Immanuel Kant,title+author(exact),UPDATE,title|description|publisher|year|language|category_id,,Prolegomena to Any Future Metaphysics,Immanuel Kant,Prolegomena to any Future Metaphysics,Immanuel Kant
7e6b2661-75e5-4e49-b8cc-7febd70bbd14,A HISTORY OF PHILOSOPHY: VOLUME I GREECE & ROME,"FREDERICK COPLESTON, S.J.",,INSERT,,no match found,,,A HISTORY OF PHILOSOPHY: VOLUME I GREECE & ROME,"FREDERICK COPLESTON, S.J."
7e6e6649-7fbc-411b-9d91-aaa90aa39f78,The Divine Comedy,Dante Alighieri,,INSERT,,no match found,,,The Divine Comedy,Dante Alighieri
7e70b402-a4b4-41bd-ad07-9ea84fc5d617,A Comprehensive Persian-English Dictionary,F. Steingass,,INSERT,,no match found,,,A Comprehensive Persian-English Dictionary,F. Steingass
7e7b03b6-ac57-4ee0-9ef9-81b2e60994f9,Ancient Judaism,Michael E. Stone,,INSERT,,no match found,,,Ancient Judaism,Michael E. Stone
7e81fd63-423c-47ee-a5d0-d1db1bca3383,Shakespeare's Bawdy,Eric Partridge,,INSERT,,no match found,,,Shakespeare's Bawdy,Eric Partridge
7e8d43c7-63f6-4711-bf99-8c96c90a1ffe,La Forza del Destino,Giuseppe Verdi,,INSERT,,no match found,,,La Forza del Destino,Giuseppe Verdi
7e8d9f12-6c71-46ea-b6bb-7719227bddee,The history of books,Alice D. Schreyer,,INSERT,,no match found,,,The history of books,Alice D. Schreyer
7e944252-0b13-4b94-9914-7a8625dfa78f,The Rhetoric of Aristotle with a Commentary by the Late Edward Meredith Cope,Aristoteles; Edward Meredith Cope; John Edwin Sandys,,INSERT,,no match found,,,The Rhetoric of Aristotle with a Commentary by the Late Edward Meredith Cope,Aristoteles; Edward Meredith Cope; John Edwin Sandys
7e9e2015-09c8-4f70-8b78-fd41afad7924,Daumier and the University,Raymond Picard,,INSERT,,no match found,,,Daumier and the University,Raymond Picard
7ea0b9b5-ab0c-4565-a99d-b29286572295,The Moral Judgment Of The Child,Jean Piaget,,INSERT,,no match found,,,The Moral Judgment Of The Child,Jean Piaget
7ea5964e-a6f0-46f2-9733-cd63eb21d6ac,A Coptic Grammar,Bentley Layton,,INSERT,,no match found,,,A Coptic Grammar,Bentley Layton
7ea6f56e-a32a-4908-96b2-d3f021c85b11,Skissen som samtale,Birgit Cold,title+author(exact),BLOCKED,,title length ratio 2.71 > 1.5; title similarity 0.476 < 0.92; author similarity 0.527 < 0.75,SAMTALE,TAR S,Skissen som samtale,Birgit Cold
7ea82060-1e46-4a3d-8ee5-7da9157a702b,Foundations in Singing,Van A. Christy,,INSERT,,no match found,,,Foundations in Singing,Van A. Christy
7ea9abbd-3aa5-445a-8e51-d855ba00e6d5,Lonely Planet Madrid,Lonely Planet,,INSERT,,no match found,,,Lonely Planet Madrid,Lonely Planet
7eb1d23e-71e8-4f19-a4a3-335381cd6a10,Biblical Interpretation in Ancient Israel,Michael Fishbane,,INSERT,,no match found,,,Biblical Interpretation in Ancient Israel,Michael Fishbane
7eb551b5-789f-4824-9e34-e28588a70d53,L'indifférence,David Mus,,INSERT,,no match found,,,L'indifférence,David Mus
7ebd387d-dbb8-40c1-8756-729f708bfc90,Between East and West,André Chouraqui,,INSERT,,no match found,,,Between East and West,André Chouraqui
7ebe4db4-4afd-4079-b7ff-1861d9eab7ca,The Teaching of Addai,Labubnā bar Sennāḳ,title+author(exact),UPDATE,title|author|publisher|year|language,,THE TEACHING OF ADDAI,Unknown,The Teaching of Addai,Labubnā bar Sennāḳ
7ebe6b3a-c29a-4996-a1a6-131dfccd3c48,Synagogale Altertümer ...,Samuel Krauss,title+author(exact),UPDATE,title|author|year|language,,SYNAGOGALE ALTERTUMER,SAMUEL KRAUSS,Synagogale Altertümer ...,Samuel Krauss
7ecabb4a-5c2d-4242-a43e-b8faac229f9c,Don Carlo,Giuseppe Verdi,,INSERT,,no match found,,,Don Carlo,Giuseppe Verdi
7ed62b58-574f-443a-8174-8508512d14c7,Euripides: Phoenissae,Euripides,,INSERT,,no match found,,,Euripides: Phoenissae,Euripides
7ee15a7f-6a78-4c5b-b801-4dafd97d9f6c,As You Like It,William Shakespeare,title+author(exact),BLOCKED,,title length ratio 4.67 > 1.5; title similarity 0.738 < 0.92; author similarity 0.469 < 0.75,you,jik gli,As You Like It,William Shakespeare
7ee3ef01-1b80-42c2-a947-996be3e0ceca,The Jewish Expression,Judah Goldin,,INSERT,,no match found,,,The Jewish Expression,Judah Goldin
7eed4c38-a664-4700-b56d-0fdfd948aa7c,The Encyclopedia Britannica,Thomas Spencer Baynes,title+author(exact),UPDATE,author|year|language,,The Encyclopedia Britannica,Unknown,The Encyclopedia Britannica,Thomas Spencer Baynes
7ef1b54a-35a9-4f0c-b859-656608569b00,Classical Instrumental Music of Egypt,Haytami,,INSERT,,no match found,,,Classical Instrumental Music of Egypt,Haytami
7ef543fd-a096-4dca-8fc6-06ff4337737e,"A History of Samos, 800-188 BC",Graham Shipley,,INSERT,,no match found,,,"A History of Samos, 800-188 BC",Graham Shipley
7efc1de8-aca9-4685-a6eb-e7c893621828,Démosthène. Prologues,Demosthenes; Robert Clavaud,fuzzy(0.920),UPDATE,title|author|year|language,,DEMOSTHENE HARANGUES,Unknown,Démosthène. Prologues,Demosthenes; Robert Clavaud
7f0ce090-13ee-4714-960b-968cf3cbf7b5,Strabo,Gustav Kramer,,INSERT,,no match found,,,Strabo,Gustav Kramer
7f141dfc-5b9d-4cc2-8196-ce58074fc676,Research Guide to Philosophy,Terrence N. Tice,title+author(exact),UPDATE,author|year|language|category_id,,Research Guide to Philosophy,Unknown,Research Guide to Philosophy,Terrence N. Tice
7f21f01d-c386-4c7c-95ad-a8f6672603e6,The Papers of the Bibliographical Society of America,Bibliographical Society of America,title+author(exact),BLOCKED,,author similarity 0.548 < 0.75,The PAPERS of the BIBLIOGRAPHICAL SOCIETY of AMERICA,"RICHARD KNOWLES, MARCUS A. McCORISON, ALAN R. YOUNG, SYDNEY J. SHEP",The Papers of the Bibliographical Society of America,Bibliographical Society of America
7f259a8c-9091-4510-b197-acac4ac2b872,Ockham's Theory of Terms,O. F. M. Guilielmus de Ockam,,INSERT,,no match found,,,Ockham's Theory of Terms,O. F. M. Guilielmus de Ockam
7f270211-89d6-4611-a931-4d417854afe2,Fathers and Sons,Ivan Turgenev,,INSERT,,no match found,,,Fathers and Sons,Ivan Turgenev
7f36495d-8030-4d10-88e0-fd227d266ae7,Essays on Aristotle's ethics,Amélie Oksenberg Rorty,,INSERT,,no match found,,,Essays on Aristotle's ethics,Amélie Oksenberg Rorty
7f3c33b4-a708-44ca-a243-8905db251da8,Montaigne. Selected Essays,Michel de Montaigne,,INSERT,,no match found,,,Montaigne. Selected Essays,Michel de Montaigne
7f4b541b-7031-434c-9d32-adc79e56dd6b,"Giotto, the Arena Chapel Frescoes",James H. Stubblebine,,INSERT,,no match found,,,"Giotto, the Arena Chapel Frescoes",James H. Stubblebine
7f549c14-b285-492b-ac7b-e07ad38981e8,Die Erzählungen,Carl Zuckmayer,,INSERT,,no match found,,,Die Erzählungen,Carl Zuckmayer
7f5f14e0-c522-4ad5-8559-388d6c0316fa,Painting and Sculpture in France 1700-1789,Michael Levey,,INSERT,,no match found,,,Painting and Sculpture in France 1700-1789,Michael Levey
7f669b7d-bb45-4e32-a5d2-4608196def05,Bible Difficulties in the Book of Exodus,Edward D. Andrews,,INSERT,,no match found,,,Bible Difficulties in the Book of Exodus,Edward D. Andrews
7f6bf6ee-51ff-407e-98ef-9a68ffc8588a,The American Constitutional System,John Mabry Mathews,,INSERT,,no match found,,,The American Constitutional System,John Mabry Mathews
7f883dd8-cdab-45a7-be13-0887c37f90b9,A Concise Pahlavi Dictionary,D. N. Mackenzie,,INSERT,,no match found,,,A Concise Pahlavi Dictionary,D. N. Mackenzie
7f92278d-69e1-4b8f-a27e-c134077fd3a0,Five Graphic Music Analyses,Heinrich Schenker,,INSERT,,no match found,,,Five Graphic Music Analyses,Heinrich Schenker
7fb6a790-6026-461a-bc1d-c9e9daee6649,"Der Freischütz, Overture, Op. 77",Carl Maria von Weber,,INSERT,,no match found,,,"Der Freischütz, Overture, Op. 77",Carl Maria von Weber
7fbb3427-c60f-43e6-9ed8-4fc9c23cbc63,Gulliver's Travels,Jonathan Swift,title+author(exact),BLOCKED,,author similarity 0.424 < 0.75,Gulliver's Travels,SWIFT,Gulliver's Travels,Jonathan Swift
7fc4973d-8c81-4a79-826e-ba41cd71878b,The Venerable Bede,C. J. Stranks,,INSERT,,no match found,,,The Venerable Bede,C. J. Stranks
7fdd37dd-8807-422c-a736-962b21b522fd,An Etymological Dictionary of Pre-thirteenth-century Turkish,Gerard Clauson,,INSERT,,no match found,,,An Etymological Dictionary of Pre-thirteenth-century Turkish,Gerard Clauson
7fe379b3-ad0d-4bfb-baf5-540a7e55072f,DA Pam,M.IO. ЛEPMOHTOB,,INSERT,,no match found,,,DA Pam,M.IO. ЛEPMOHTOB
7fecf865-2f94-4ebb-9ed7-6d099c5f1473,The Venture of Islam,Marshall G. S. Hodgson,title+author(exact),UPDATE,year|language,,The Venture of Islam,Marshall G. S. Hodgson,The Venture of Islam,Marshall G. S. Hodgson
7ff079d7-dd3a-4ddf-8456-d8a505e5463f,Bacchylides Carmina cum fragmentis,Bacchylides; Bruno Snell; Friedrich Blass; Wilhelm Süss,title+author(exact),BLOCKED,,title length ratio 3.09 > 1.5; title similarity 0.865 < 0.92; author similarity 0.654 < 0.75,BACCHYLIDES,BRUNO SNELL,Bacchylides Carmina cum fragmentis,Bacchylides; Bruno Snell; Friedrich Blass; Wilhelm Süss
7ffbc635-088d-4028-96f8-3f71378fb586,The Social Function of Science,J. D. Bernal,,INSERT,,no match found,,,The Social Function of Science,J. D. Bernal
8004c8dd-071e-4cde-83a9-d8eed1f6da0d,Having the Spirit of Christ,Giovanni B. Bazzana,,INSERT,,no match found,,,Having the Spirit of Christ,Giovanni B. Bazzana
80211f84-75f6-4a2a-808a-89725d506a5c,Songs by a Song-Writer,W.C. Bennett,,INSERT,,no match found,,,Songs by a Song-Writer,W.C. Bennett
802cf003-1724-406c-a786-4807d803c680,Dictionar Roman-Englez,Marcel Schonkron,,INSERT,,no match found,,,Dictionar Roman-Englez,Marcel Schonkron
8040a39c-09e0-4d60-9975-748cdee2fec1,Azure Integration Guide for Business,Joshua Garverick; Jack Lee; Mélony Qin; Trevoir Williams,,INSERT,,no match found,,,Azure Integration Guide for Business,Joshua Garverick; Jack Lee; Mélony Qin; Trevoir Williams
8044d429-bcd5-45df-bcc2-bf129bbbbad9,Tell Me the Truth about Love,W. H. Auden,title+author(exact),BLOCKED,,title length ratio 1.87 > 1.5; title similarity 0.557 < 0.92,About the House,W.H. Auden,Tell Me the Truth about Love,W. H. Auden
806297fd-5dc0-449f-bc9f-2f65f6ba3672,Phoenix : the journal of the Classical Association of Canada,Classical Association of Canada,title+author(exact),BLOCKED,,title length ratio 8.29 > 1.5; title similarity 0.824 < 0.92,Phoenix,Classical Association of Canada,Phoenix : the journal of the Classical Association of Canada,Classical Association of Canada
806d5cd4-806a-4d1f-8003-5089f716bc0f,Phoenix,Unknown,title+author(exact),UPDATE,title|year|language,,The Phoenix,Unknown,Phoenix,Unknown
80787f8b-d3cd-4cf8-89d8-dd8d90cd8f1c,"Proceedings of the American Academy of Arts and Sciences, Vol. 6",American Academy Of Arts And Sciences,title+author(exact),BLOCKED,,title similarity 0.711 < 0.92,THE AMERICAN ACADEMY OF ARTS AND SCIENCES RECORDS 1991-1992,Unknown,"Proceedings of the American Academy of Arts and Sciences, Vol. 6",American Academy Of Arts And Sciences
808bdece-9b91-4f4d-9ebc-f7dfb36f1ce0,The Rover Boys at School,Arthur M. Winfield,,INSERT,,no match found,,,The Rover Boys at School,Arthur M. Winfield
80a495a5-a84e-44f3-86f1-5af18ee42664,Richard II,William Shakespeare,title+author(exact),BLOCKED,,author similarity 0.723 < 0.75,Richard II,Shakespeare,Richard II,William Shakespeare
80cf9521-8d37-42df-9559-bed66554e595,Vitae Philosophorum,Diogenis Laertius,,INSERT,,no match found,,,Vitae Philosophorum,Diogenis Laertius
80d469a0-b5b8-4395-928f-f0a7b653962a,Musical Performance,Stan Godlovitch,,INSERT,,no match found,,,Musical Performance,Stan Godlovitch
80eb342f-bae5-429f-97f7-8fd36a08f163,The 13 Clocks,James Thurber,,INSERT,,no match found,,,The 13 Clocks,James Thurber
80ed9a7b-4997-4f6f-9720-7dbb78830c99,Aristotle on Emotion,W. Fortenbaugh,,INSERT,,no match found,,,Aristotle on Emotion,W. Fortenbaugh
81006f85-8685-473b-a664-e9642a67a1d6,Phoenix,"Classical Association of Canada, Société canadienne des études classiques",fuzzy(1.000),UPDATE,author|year|language,,Phoenix,Unknown,Phoenix,"Classical Association of Canada, Société canadienne des études classiques"
81032d80-266f-4e47-a432-e33822ab80f8,Das Panterfell,Emil Bernhard,,INSERT,,no match found,,,Das Panterfell,Emil Bernhard
8103d9a7-7c77-47b4-a940-4bc7f62c66dd,Athenian Homicide Law in the Age of the Orators,Douglas M. MacDowell,title+author(exact),UPDATE,author|publisher|year|language,,Athenian Homicide Law in the Age of the Orators,D. M. MacDowell,Athenian Homicide Law in the Age of the Orators,Douglas M. MacDowell
811561fd-9c38-496b-9d62-e04faedee587,Universal Classics Library,Hardpress,,INSERT,,no match found,,,Universal Classics Library,Hardpress
8128929a-a037-4874-b574-529a56ec1a06,Euclidean and Non-Euclidean Geometries,Marvin J. Greenberg,,INSERT,,no match found,,,Euclidean and Non-Euclidean Geometries,Marvin J. Greenberg
8128de35-3368-4b2a-8477-2fec03ac6908,Development of the Idea of History in Antiquity,Gerald A. Press,,INSERT,,no match found,,,Development of the Idea of History in Antiquity,Gerald A. Press
82396f57-fd16-42b2-9b37-b1298861340d,The Encyclopedia of Philosophy,Paul Edwards,,INSERT,,no match found,,,The Encyclopedia of Philosophy,Paul Edwards
828aca09-94c0-44b4-8ba5-20c89d12ea77,The Papers of the Bibliographical Society of America,Bibliographical Society of America,fuzzy(1.000),BLOCKED,,author similarity 0.548 < 0.75,The PAPERS of the BIBLIOGRAPHICAL SOCIETY of AMERICA,"RICHARD KNOWLES, MARCUS A. McCORISON, ALAN R. YOUNG, SYDNEY J. SHEP",The Papers of the Bibliographical Society of America,Bibliographical Society of America
838daa0d-9d88-4c0a-9439-30730cd88ce0,The Homer Encyclopedia,Margalit Finkelberg,,INSERT,,no match found,,,The Homer Encyclopedia,Margalit Finkelberg
8425b7c4-7222-40ea-bbe9-64a3134c5560,Piano Sonatas,Ludwig van Beethoven,,INSERT,,no match found,,,Piano Sonatas,Ludwig van Beethoven
846b2ae1-4e9d-4dd3-aa92-86b4d16e995f,The Dynamics of Planned Change,Ronald Lippitt,title+author(exact),UPDATE,author|publisher|year|language|category_id,,The Dynamics of Planned Change,Unknown,The Dynamics of Planned Change,Ronald Lippitt
846fd0c5-1cab-4dba-9a45-d9a50046dc1c,The Midrash Says: The book of Beraishis,Moshe Weissman,,INSERT,,no match found,,,The Midrash Says: The book of Beraishis,Moshe Weissman
84780508-f489-4a7f-ad65-378594eb45aa,The Cambridge History of American Literature: Early national literature: pt. II. Later national literature: pt. I,William Peterfield Trent; John Erskine; Stuart Pratt Sherman; Carl Van Doren,title+author(exact),BLOCKED,,title length ratio 1.66 > 1.5; title similarity 0.837 < 0.92,The Cambridge History of Classical Literature: The Early Principate,Unknown,The Cambridge History of American Literature: Early national literature: pt. II. Later national literature: pt. I,William Peterfield Trent; John Erskine; Stuart Pratt Sherman; Carl Van Doren
847a710c-d3ad-4a5c-9930-0a82bdafe68d,Blue Guide: Paris & Versailles. Ninth Edition,Delia Gray-Durant,,INSERT,,no match found,,,Blue Guide: Paris & Versailles. Ninth Edition,Delia Gray-Durant
847e28ec-7c0f-4a28-ba5c-5f8f6990bc84,Thucydidis Historiae,Thucydides; Henricus Stuart Jones,,INSERT,,no match found,,,Thucydidis Historiae,Thucydides; Henricus Stuart Jones
848ca852-c97c-4d4b-be5e-613bf1ee4455,"Oxford Advanced Learner's Dictionary of Current English, 4th Ed. (written for Those Whose Second Language is English).",AS. Hornby,,INSERT,,no match found,,,"Oxford Advanced Learner's Dictionary of Current English, 4th Ed. (written for Those Whose Second Language is English).",AS. Hornby
8490993a-b61c-4226-a382-86e311df0759,Toi et moi,Paul Géraldy,,INSERT,,no match found,,,Toi et moi,Paul Géraldy
8490f40c-6e86-4485-9671-4940a022fc0c,Yoga-Tantra and Sensuousness in Art,Teja Nārāyaṇa Miśra,,INSERT,,no match found,,,Yoga-Tantra and Sensuousness in Art,Teja Nārāyaṇa Miśra
84998dc7-a416-4df4-9bb3-a08972e93e79,Titian,Hans Tietze,,INSERT,,no match found,,,Titian,Hans Tietze
84a47e0a-0f6b-4fad-ae67-ffb2d785e4f4,"Studies and Texts in Folklore, Magic, Mediaeval Romance, Hebrew Apocrypha, and Samaritan Archaeology",Moses Gaster,title+author(exact),BLOCKED,,title length ratio 1.75 > 1.5; title similarity 0.907 < 0.92,"Studies and Texts in Folklore, Magic, Mediaeval Romantics",Unknown,"Studies and Texts in Folklore, Magic, Mediaeval Romance, Hebrew Apocrypha, and Samaritan Archaeology",Moses Gaster
84bd7c34-77cd-4db1-9651-2bf5dffffe76,Yossele Rosenblatt,Samuel Rosenblatt,,INSERT,,no match found,,,Yossele Rosenblatt,Samuel Rosenblatt
84c7ab35-7e48-4ede-bb92-af2099f08d58,Saint Francis,Nikos Kazantzakis,,INSERT,,no match found,,,Saint Francis,Nikos Kazantzakis
84d6ca0f-4bf2-4995-994d-24972b047239,The Adventures of Tom Bombadil,J. R. R. Tolkien,,INSERT,,no match found,,,The Adventures of Tom Bombadil,J. R. R. Tolkien
84da82b1-47e1-4fc2-9a3b-51b02aec3928,Mediterranean Cities,Irad Malkin; Robert L. Hohlfelder,,INSERT,,no match found,,,Mediterranean Cities,Irad Malkin; Robert L. Hohlfelder
84dba0b1-adaf-4c77-88e8-da0a2171199f,Inscriptiones Atticae Euclidis anno vetustiores,Adolf Kirchhoff,,INSERT,,no match found,,,Inscriptiones Atticae Euclidis anno vetustiores,Adolf Kirchhoff
84df374a-e30a-475c-b446-552231a6ba0f,Tradition,Jonathan Sacks; Erica Brown; Edward Reichman; Dov Finkelstein; J. Bleich; Shoshana Schechter; Pinchas Roth; Yoel Finkelman; Jeffrey Saks,title+author(exact),BLOCKED,,title length ratio 5.11 > 1.5; title similarity 0.839 < 0.92,Tradition: A Journal of Orthodox Jewish Thought,Unknown,Tradition,Jonathan Sacks; Erica Brown; Edward Reichman; Dov Finkelstein; J. Bleich; Shoshana Schechter; Pinchas Roth; Yoel Finkelman; Jeffrey Saks
84ef3912-80cd-4a33-aac2-c221e719af6d,Opera omnia,Arnoul (Bishop of Lisieux),,INSERT,,no match found,,,Opera omnia,Arnoul (Bishop of Lisieux)
84f691e6-93e4-4ae0-ac48-03ce2c761dfc,St. Matthew Passion,Johann Sebastian Bach,,INSERT,,no match found,,,St. Matthew Passion,Johann Sebastian Bach
84f811df-8a9c-4087-a2a2-492cfbe5f676,The Phoenix,Unknown,title+author(exact),UPDATE,year|language,,The Phoenix,Unknown,The Phoenix,Unknown
8500acbf-d606-46d0-9ee1-b77610d27945,Judaism,Central Conference of American Rabbis,,INSERT,,no match found,,,Judaism,Central Conference of American Rabbis
850bd4ab-0a99-4225-ba92-e78b06c45ea6,Griechische Lyriker,Mähly,,INSERT,,no match found,,,Griechische Lyriker,Mähly
85104d1d-60d6-49c2-bbc9-7891bcfa4573,Mysticism and Logic,Bertrand Russell,,INSERT,,no match found,,,Mysticism and Logic,Bertrand Russell
851526cd-0abc-4cad-a40b-c6e6214710fe,A Dictionary of Ashkenazic Given Names,Alexander Beider,,INSERT,,no match found,,,A Dictionary of Ashkenazic Given Names,Alexander Beider
852a92f8-bd91-4d6e-9d56-e070d9d6a103,Eastern Religions and Western Thought,S. Radhakrishnan,,INSERT,,no match found,,,Eastern Religions and Western Thought,S. Radhakrishnan
852b28c6-3074-43e8-8df0-d75432263e6a,The Elixir of Love,Gaetano Donizetti,,INSERT,,no match found,,,The Elixir of Love,Gaetano Donizetti
85346494-29e3-4a31-9f7f-f66193fd0065,Pleasant Spots and Famous Places,John Alfred Langford,title+author(exact),BLOCKED,,title similarity 0.869 < 0.92; author similarity 0.478 < 0.75,PLEASANT SPOTS ROUND EXFORD,RIMMER,Pleasant Spots and Famous Places,John Alfred Langford
85423e20-1c74-4590-baa2-9ab4e2c796bd,The Phoenix Project,Gene Kim; Kevin Behr; George Spafford,title+author(exact),BLOCKED,,title length ratio 2.14 > 1.5; title similarity 0.893 < 0.92,The Phoenix,Unknown,The Phoenix Project,Gene Kim; Kevin Behr; George Spafford
855cfec8-40f8-43e3-be01-77db8397867a,The Coming Of Post-Industrial Society,Daniel Bell,,INSERT,,no match found,,,The Coming Of Post-Industrial Society,Daniel Bell
85707036-83cf-4654-b10c-3b777f490d2e,Preface to Scripture,Solomon Bennett Freehof,,INSERT,,no match found,,,Preface to Scripture,Solomon Bennett Freehof
85983fea-6381-445e-a5fc-e8d674f72c53,The Athenian Empire,Russell Meiggs,title+author(exact),UPDATE,year|language|category_id,,The Athenian Empire,Russell Meiggs,The Athenian Empire,Russell Meiggs
859b9662-6a57-4cda-8827-b7d19d88b3bf,"Homer, the Bible, and Beyond",M. Finkelberg & G.G. Stroumsa,,INSERT,,no match found,,,"Homer, the Bible, and Beyond",M. Finkelberg & G.G. Stroumsa
85a070e3-6a5b-4826-917b-58ed52e94e90,Suomen harjoituksia,Eila Hämäläinen,,INSERT,,no match found,,,Suomen harjoituksia,Eila Hämäläinen
85a74601-8524-4ae2-aafb-8def42088ebd,Israel's Return and Restoration,Chaim Zimmerman,,INSERT,,no match found,,,Israel's Return and Restoration,Chaim Zimmerman
85b0018a-f328-4932-902b-001657564e13,Mediaeval Isma'ili History and Thought,Farhad Daftary,,INSERT,,no match found,,,Mediaeval Isma'ili History and Thought,Farhad Daftary
85c8e6af-04b4-4f4b-aa87-35c18f06d898,The Footnote,Anthony Grafton,,INSERT,,no match found,,,The Footnote,Anthony Grafton
85d3819f-ed0b-433a-9c84-428b3a1c2cc8,The Hebrew Book,Raphael Posner; Israel M. Ta-Shma,,INSERT,,no match found,,,The Hebrew Book,Raphael Posner; Israel M. Ta-Shma
85d8bdcc-026c-4dc9-808c-249b0bd15c2b,On Painting,Leon Battista Alberti,title+author(exact),UPDATE,description|publisher|year|language,,On Painting,Leon Battista Alberti,On Painting,Leon Battista Alberti
85ec6e54-140d-4f09-95f4-1b232af50ec2,Flavius Mithridates Sermo de Passione Domini,Guglielmo Raimondo Moncada,,INSERT,,no match found,,,Flavius Mithridates Sermo de Passione Domini,Guglielmo Raimondo Moncada
85ecd92d-da3f-44eb-9552-b426ab97300e,Un coin de désert,Harry Torczyner; Octave Landuyt,,INSERT,,no match found,,,Un coin de désert,Harry Torczyner; Octave Landuyt
85f5d976-391b-4a98-b30c-c1ebe53ff581,Bioenergetics,Albert L. Lehninger,,INSERT,,no match found,,,Bioenergetics,Albert L. Lehninger
85f96b9c-96c3-4d84-96cc-99ecf9670d53,A Dictionary of Jewish Babylonian Aramaic of the Talmudic and Geonic Periods,Michael Sokoloff,,INSERT,,no match found,,,A Dictionary of Jewish Babylonian Aramaic of the Talmudic and Geonic Periods,Michael Sokoloff
8632684e-6e71-4595-8360-1e223d78a592,Studies in Semitic Linguistics,Gideon Goldenberg,,INSERT,,no match found,,,Studies in Semitic Linguistics,Gideon Goldenberg
86388a63-16da-4c13-85b6-037bb1e62a6a,Notes from Underground; the Double,Fyodor Dostoyevsky,,INSERT,,no match found,,,Notes from Underground; the Double,Fyodor Dostoyevsky
86391e14-7247-446c-9dba-42ad13fa126a,Wielki Słownik Angielsko-polski,Jan Stanisławski,,INSERT,,no match found,,,Wielki Słownik Angielsko-polski,Jan Stanisławski
863acf65-4f96-4b36-9f0a-ba073d287c37,Grove's Dictionary of Music and Musicians,George Grove,,INSERT,,no match found,,,Grove's Dictionary of Music and Musicians,George Grove
8670d3f0-a379-4948-9ff4-7d0fc99cd109,Baedeker's New York,Baedeker,title+author(exact),UPDATE,publisher|year|language,,Baedeker's New York,Baedeker,Baedeker's New York,Baedeker
86790f58-ba2a-480d-8a2d-71e5b32810fa,Proceedings of the Cambridge Philological Society,Cambridge Philological Society,,INSERT,,no match found,,,Proceedings of the Cambridge Philological Society,Cambridge Philological Society
86791599-f518-4592-9f0c-b6c655553980,"Ethics, Killing and War",Richard Norman,,INSERT,,no match found,,,"Ethics, Killing and War",Richard Norman
868e2289-1353-4880-94f8-383095d80e64,Happiness in Premodern Judaism,Hava Tirosh-Samuelson,,INSERT,,no match found,,,Happiness in Premodern Judaism,Hava Tirosh-Samuelson
86953777-077c-4b58-be01-dbce59c99dc0,The Peloponnesian Wars,Thucydides,,INSERT,,no match found,,,The Peloponnesian Wars,Thucydides
869c9dda-c46e-465e-b7b5-a251399d3504,The Art of the West,Henri Focillon; Donald King,fuzzy(0.920),BLOCKED,,title length ratio 1.67 > 1.5,The Art of the West II GOTHIC,Henri Focillon,The Art of the West,Henri Focillon; Donald King
86c4529b-a53b-499b-9729-b76da7a9ce55,Kosher Hate,Rabbi Shmuley Boteach,,INSERT,,no match found,,,Kosher Hate,Rabbi Shmuley Boteach
86c5107c-9bb5-41e0-a5ea-4a9dd5723a23,Capitalism and Its Critics,Gerard Delanty; Neal Harris,,INSERT,,no match found,,,Capitalism and Its Critics,Gerard Delanty; Neal Harris
86cbbc21-0c40-415a-adc4-37f2ed597ed3,Larousse encyclopedia of modern history from 1500 to the present day,Unknown,,INSERT,,no match found,,,Larousse encyclopedia of modern history from 1500 to the present day,Unknown
86d1dadb-e468-4f79-a5ee-73181318858a,Nomos and the Beginnings of the Athenian Democracy,Martin Ostwald,title+author(exact),UPDATE,publisher|year|language,,Nomos and the Beginnings of the Athenian Democracy,Martin Ostwald,Nomos and the Beginnings of the Athenian Democracy,Martin Ostwald
86d8bd3a-16e2-4292-8c64-e03b0f71d8c4,Hippocrates,Edward T. Withington,,INSERT,,no match found,,,Hippocrates,Edward T. Withington
86e44c65-bcfa-4a52-8013-9aad53c00234,Contemporary Halakhic Problems,J. David Bleich,,INSERT,,no match found,,,Contemporary Halakhic Problems,J. David Bleich
86e6af00-dae3-42bf-93bb-2990700bff87,A Concise Dictionary of Middle Egyptian,Raymond O. Faulkner,,INSERT,,no match found,,,A Concise Dictionary of Middle Egyptian,Raymond O. Faulkner
86ead22c-1a3b-4ee0-bbc6-d20040ce4425,Understanding the Midrash,Amos W. Miller,,INSERT,,no match found,,,Understanding the Midrash,Amos W. Miller
86f5040e-1287-4fee-83f6-1142a52f1a9f,Contemplating Music,Joseph Kerman,,INSERT,,no match found,,,Contemplating Music,Joseph Kerman
86fb22fd-0f70-4cb3-8ce2-e4c6b09b634a,Sharpe's Devil,Bernard Cornwell,title+author(exact),UPDATE,description|publisher|year|language,,Sharpe's Devil,Bernard Cornwell,Sharpe's Devil,Bernard Cornwell
8725518f-7014-405d-b1c6-720e9715bf72,Guide to Orchestral Music,Frank Howes,,INSERT,,no match found,,,Guide to Orchestral Music,Frank Howes
8738d6db-9bab-49b1-a360-ad6285c56f5d,Renewing Philosophy,Hilary Putnam,,INSERT,,no match found,,,Renewing Philosophy,Hilary Putnam
8739966a-1a4e-4031-83ec-9dafe0498afa,Ancient Egyptian Religion,Henri Frankfort,,INSERT,,no match found,,,Ancient Egyptian Religion,Henri Frankfort
8742b5ed-a512-4916-8c2d-1ee6e6192b98,Das geistliche Jahr,Annette von Droste-Hülshoff,title+author(exact),BLOCKED,,title length ratio 1.79 > 1.5; title similarity 0.901 < 0.92,Das geistliche Jabr - Jugendgedichte,Annette von Droste-Hülshoff,Das geistliche Jahr,Annette von Droste-Hülshoff
874cf1bf-6384-4f73-88d6-1677d894f624,Modern Verse 1900-1940,Phyllis M. Jones,,INSERT,,no match found,,,Modern Verse 1900-1940,Phyllis M. Jones
8756c5ab-28bf-4e4a-8fa5-98e98e518a84,Miller's Mid-Century Modern,Judith Miller,,INSERT,,no match found,,,Miller's Mid-Century Modern,Judith Miller
878375bd-bdd3-4385-9ff0-c28ac6116c4d,Majdanek,Anna Wiśniewska; Czesław Rajca,,INSERT,,no match found,,,Majdanek,Anna Wiśniewska; Czesław Rajca
878b20c6-6bae-4a01-879b-52cf1a7c7628,The Jewish Christians of the Early Centuries of Christianity According to a New Source,Shlomo Pines,,INSERT,,no match found,,,The Jewish Christians of the Early Centuries of Christianity According to a New Source,Shlomo Pines
878e7ab3-1b37-474e-be69-a7a9de02d59a,Befestigung im Glauben,Isaac ben Abraham Troki,,INSERT,,no match found,,,Befestigung im Glauben,Isaac ben Abraham Troki
878f9c17-09be-4998-a899-0dd3bda87e4d,Concepts of Jewish Music and Prayer,Macy Nulman,,INSERT,,no match found,,,Concepts of Jewish Music and Prayer,Macy Nulman
879c536b-b21c-4d1e-ad62-8ded8195d445,An Annotated Bibliography on Ibn Sînâ (1970-1989),Jules L. Janssens,,INSERT,,no match found,,,An Annotated Bibliography on Ibn Sînâ (1970-1989),Jules L. Janssens
87a46dd2-4640-4916-ba0b-bc6e4387e07c,Grammaire française,Blanche Jughon; Oscar Auriac; H. Canac; B. Jughon (Mlle.); Henri Canac,title+author(exact),BLOCKED,,author similarity 0.449 < 0.75,GRAMMAIRE FRANÇAISE 2e LIVRE,R. GABBAY,Grammaire française,Blanche Jughon; Oscar Auriac; H. Canac; B. Jughon (Mlle.); Henri Canac
87aab411-4c0f-4487-8f83-449096e84014,Greek Thinkers: book VI. Aristotle and his successors. 1912,Theodor Gomperz,,INSERT,,no match found,,,Greek Thinkers: book VI. Aristotle and his successors. 1912,Theodor Gomperz
87b43c7a-fddc-47ba-a21a-c9d32ab6ef93,The Complete Poems,Sir John Davies,title+author(exact),BLOCKED,,title length ratio 2.07 > 1.5; title similarity 0.897 < 0.92; author similarity 0.482 < 0.75,The Complete Poems of John Milton,John Milton,The Complete Poems,Sir John Davies
87c06783-0df2-4268-b16d-5a8828b12c62,Andocidis Orationes ed. Fridericus Blass,Andocides,,INSERT,,no match found,,,Andocidis Orationes ed. Fridericus Blass,Andocides
87c43200-be57-4086-9cb1-2fc7da726a5e,The Decline of Eastern Christianity Under Islam,Bat Yeʼor,,INSERT,,no match found,,,The Decline of Eastern Christianity Under Islam,Bat Yeʼor
87ca7274-de38-4edf-8ee7-5bd5571ddfe5,Thesaurus of Hebrew Oriental Melodies: Songs of the Yemenite Jews,Abraham Zebi Idelsohn,,INSERT,,no match found,,,Thesaurus of Hebrew Oriental Melodies: Songs of the Yemenite Jews,Abraham Zebi Idelsohn
87d9368a-9b70-4d6f-b9bf-08eba8c2faf0,Isokrates,Isocrates; David Whitehead,,INSERT,,no match found,,,Isokrates,Isocrates; David Whitehead
87dc5430-37d9-4ac6-ada0-c12dd20bf15e,Bulletin of the Philosophical Society of Washington,"Philosophical Society of Washington (Washington, D.C.)",,INSERT,,no match found,,,Bulletin of the Philosophical Society of Washington,"Philosophical Society of Washington (Washington, D.C.)"
87e64518-99cc-40c0-9e36-18536b6fdbb8,Tradition and Reality,Nathan Rotenstreich,title+author(exact),UPDATE,publisher|year|language,,Tradition and Reality,Nathan Rotenstreich,Tradition and Reality,Nathan Rotenstreich
881bf44c-8b8b-479e-b6a2-b6d5d9efec03,The Attic Nights of Aulus Gellius,Aulus Gellius,,INSERT,,no match found,,,The Attic Nights of Aulus Gellius,Aulus Gellius
88207617-1ad9-4c43-8fa7-ddecbd2f3d3e,The Cambridge Companion to the Stoics,Brad Inwood,,INSERT,,no match found,,,The Cambridge Companion to the Stoics,Brad Inwood
882dfdfa-2a8d-49ee-b459-469075e2296f,Selfhood and Redemption in Blake's Songs,Harold E. Pagliaro,,INSERT,,no match found,,,Selfhood and Redemption in Blake's Songs,Harold E. Pagliaro
883c5a83-5732-454b-beda-ab243f99c5ce,The Cambridge Companion to Recorded Music,Nicholas Cook,,INSERT,,no match found,,,The Cambridge Companion to Recorded Music,Nicholas Cook
884893da-2f0e-4fef-adf9-abf2bfe00e59,Phoenix,Unknown,title+author(exact),UPDATE,title|year|language,,The Phoenix,Unknown,Phoenix,Unknown
884a9a82-9093-4745-b057-a787b8090e2a,Symphony No. 1 in F minor,Paul von Klenau,,INSERT,,no match found,,,Symphony No. 1 in F minor,Paul von Klenau
884d6af5-76ef-41e1-b231-1c8cbf996edc,Jewish Magic and Superstition,Joshua Trachtenberg,,INSERT,,no match found,,,Jewish Magic and Superstition,Joshua Trachtenberg
8858a09d-a5ce-4602-9bdc-7ef42a0cb2f4,The Roman Elegiac Poets,Karl Pomeroy Harrington,,INSERT,,no match found,,,The Roman Elegiac Poets,Karl Pomeroy Harrington
8859736c-86c5-44fd-88dd-71f28b35f099,A History of the Ancient World,M. Rostovtzeff,title+author(exact),UPDATE,year|language,,A History of the Ancient World,M. Rostovtzeff,A History of the Ancient World,M. Rostovtzeff
88628275-894d-4655-bdd8-3f5863af7216,Sumerisches Lexikon,Anton Deimel,,INSERT,,no match found,,,Sumerisches Lexikon,Anton Deimel
886d9215-a27e-4984-bf2b-65cf98f259ea,Portugiesische Briefe,Rainer Maria Rilke,title+author(exact),UPDATE,year|language,,Portugiesische Briefe,Rainer Maria Rilke,Portugiesische Briefe,Rainer Maria Rilke
886f29b9-68b3-481c-ba76-bf6773e9e253,La légende des siècles,Victor Hugo,,INSERT,,no match found,,,La légende des siècles,Victor Hugo
88899be7-5851-41e4-b937-a361710e8a4c,"Myth, Legend and Custom in the Old Testament",Theodor H. Gaster,,INSERT,,no match found,,,"Myth, Legend and Custom in the Old Testament",Theodor H. Gaster
889214e8-6627-48c0-b29e-c56a73d98250,Tao Te Ching,Lao Tzu,,INSERT,,no match found,,,Tao Te Ching,Lao Tzu
88a8b0c3-f5d3-4005-b7d7-f2bcd7e2c206,Gesammelte Werke,Karl Schwarzschild,title+author(exact),BLOCKED,,author similarity 0.434 < 0.75,Gesammelte Werke,Gerhart Hauptmann,Gesammelte Werke,Karl Schwarzschild
88b3e55c-58ef-457d-bcfb-54679c46f265,Jewish Prague,Ctibor Rybár,,INSERT,,no match found,,,Jewish Prague,Ctibor Rybár
88bb3bc2-8814-4c6c-84fb-39c8f9fefe10,The Jews in Poland and Russia,Antony Polonsky,,INSERT,,no match found,,,The Jews in Poland and Russia,Antony Polonsky
88c98a64-1649-4283-a622-cc5bb215488b,Protagoras,Plato,,INSERT,,no match found,,,Protagoras,Plato
88e1e837-09e5-42d0-a274-717a16dc8b6a,Thucydides Book I,Thucydides Thucydides; E. C. 1864-1960 Marchant,fuzzy(0.989),BLOCKED,,author similarity 0.345 < 0.75,THUCYDIDES BOOK VI,K. J. DOVER,Thucydides Book I,Thucydides Thucydides; E. C. 1864-1960 Marchant
88ef203b-9da3-4e9f-a7ea-288f22a289f5,God in Modern Philosophy,James Collins,,INSERT,,no match found,,,God in Modern Philosophy,James Collins
8908091b-ef68-455f-91a2-8a30181157e1,Lucas van Leyden : Pieter Bruegel d.ä,Lucas van Leyden (Kupferstecher),,INSERT,,no match found,,,Lucas van Leyden : Pieter Bruegel d.ä,Lucas van Leyden (Kupferstecher)
8915df27-df7e-478c-a64d-23512c97ef7b,"The Thirteenth World Congress of Jewish Studies, 12.8.2001 - 17.8.2001",World congress of Jewish studies,,INSERT,,no match found,,,"The Thirteenth World Congress of Jewish Studies, 12.8.2001 - 17.8.2001",World congress of Jewish studies
892252d5-5219-4d71-b015-3711beaa8bf6,Die Meistersinger Von Nürnberg,Richard Wagner,,INSERT,,no match found,,,Die Meistersinger Von Nürnberg,Richard Wagner
895a1dfc-3836-4600-8536-c075651ceaae,Die Legende des Baalschem,Martin Buber,,INSERT,,no match found,,,Die Legende des Baalschem,Martin Buber
896145f4-3718-41a1-b77d-01861cb5efd6,The Echo of the Nazi Holocaust in Rabbinic Literature,Hirsch Jakob Zimmels,,INSERT,,no match found,,,The Echo of the Nazi Holocaust in Rabbinic Literature,Hirsch Jakob Zimmels
896a5fbd-7ebf-40b2-897b-91821a4bd180,The Complete Sherlock Holmes,Arthur Conan Doyle,,INSERT,,no match found,,,The Complete Sherlock Holmes,Arthur Conan Doyle
8977dc36-8f97-43a0-9934-99522ac5b2e3,The Histories,Herodotus,,INSERT,,no match found,,,The Histories,Herodotus
8986e4eb-985c-405f-aad2-74d02662658d,The Dawn and Twilight of Zoroastrianism,R. C. Zaehner,,INSERT,,no match found,,,The Dawn and Twilight of Zoroastrianism,R. C. Zaehner
8995d920-b644-4256-b756-3f4c969873d5,Exegesis and Grammar in Medieval Karaite Texts,Geoffrey Khan,,INSERT,,no match found,,,Exegesis and Grammar in Medieval Karaite Texts,Geoffrey Khan
89980e7f-daeb-4f02-ac98-78345916bcd9,Hellenistic Civilisation,W W Tarn,,INSERT,,no match found,,,Hellenistic Civilisation,W W Tarn
89bae57b-e2d6-43f0-8241-672e633c7554,The Political Theory of Political Thinking,Michael Freeden,,INSERT,,no match found,,,The Political Theory of Political Thinking,Michael Freeden
89bdbe8f-b45b-40e2-8e75-1c757baa13fa,The Phoenix Project,Gene Kim; Kevin Behr; George Spafford,title+author(exact),BLOCKED,,title length ratio 2.14 > 1.5; title similarity 0.893 < 0.92,The Phoenix,Unknown,The Phoenix Project,Gene Kim; Kevin Behr; George Spafford
89c171dd-1533-4b2f-9d9a-05ea07ccb744,The Philosophic-mystical Tradition and the Hasidic Tradition,David R. Blumenthal,,INSERT,,no match found,,,The Philosophic-mystical Tradition and the Hasidic Tradition,David R. Blumenthal
89cd21d4-3260-459a-ab44-c33f8391cda9,The Alchemical Body,David Gordon White,,INSERT,,no match found,,,The Alchemical Body,David Gordon White
89d6341a-da07-4f2f-9d8d-b2b068fa0183,"Magic, Reason and Experience",Geoffrey Ernest Richard Lloyd,,INSERT,,no match found,,,"Magic, Reason and Experience",Geoffrey Ernest Richard Lloyd
89de0eda-5827-4837-b387-8d152d59c3d7,Kavvana,Seth Kadish,,INSERT,,no match found,,,Kavvana,Seth Kadish
89df1143-213e-4ebc-bbb2-ba734e75d930,"Homer, Iliad, Book XXIV",Colin Macleod,title+author(exact),BLOCKED,,title similarity 0.794 < 0.92,Iliad BOOK XXIV,C.W. Macleod,"Homer, Iliad, Book XXIV",Colin Macleod
89e2bcfb-be45-449e-9c30-a861df208e68,Vies,Plutarch,,INSERT,,no match found,,,Vies,Plutarch
89f6d183-9048-4089-b0bf-90e85a031194,Lysistrata,Aristophanes,,INSERT,,no match found,,,Lysistrata,Aristophanes
89fa3fee-64f7-436a-a03f-559886b37bba,The act of the mind ; essays on the poetry of Wallace Stevens,Roy Harvey Pearce,,INSERT,,no match found,,,The act of the mind ; essays on the poetry of Wallace Stevens,Roy Harvey Pearce
89fbec13-1a41-4e2d-82ae-69319af15d5a,Kitāb Ādāb al-murīdīn,Abu-'n-Naǧīb ʻAbd-al-Qāhir Ibn-ʻAbdallāh as Suhrawardī; Mināḥim Mīlsūn,,INSERT,,no match found,,,Kitāb Ādāb al-murīdīn,Abu-'n-Naǧīb ʻAbd-al-Qāhir Ibn-ʻAbdallāh as Suhrawardī; Mināḥim Mīlsūn
8a08dd7b-88c6-4b76-8531-2e92a132231e,Molecular Biochemistry,Edward M. Kosower,,INSERT,,no match found,,,Molecular Biochemistry,Edward M. Kosower
8a09e7c3-e25a-49eb-9ae4-0e128a63f40e,Artists on art,Robert Goldwater,title+author(exact),UPDATE,title|author|year|language,,Artists on Art,Robert Goldwater and Marco Treves,Artists on art,Robert Goldwater
8a0cf577-8709-4170-b5f5-a31d7c1bcc67,The inventions of Leonardo da Vinci,Charles Gibbs-Smith,,INSERT,,no match found,,,The inventions of Leonardo da Vinci,Charles Gibbs-Smith
8a19bf79-cf9d-417b-99a3-2e1629b1ae36,Folk Music of China,Stephen Jones,,INSERT,,no match found,,,Folk Music of China,Stephen Jones
8a19e5f4-ee9d-448b-b586-a9de7788052b,The Early Church,Henry Chadwick,title+author(exact),UPDATE,year|language,,The Early Church,Henry Chadwick,The Early Church,Henry Chadwick
8a32bebb-3b75-44fd-b9a2-90198ee4073f,It All Started with Columbus,Richard Armour,,INSERT,,no match found,,,It All Started with Columbus,Richard Armour
8a389076-e4e4-4bd4-b857-07685f0418b0,Vies,Plutarchos,,INSERT,,no match found,,,Vies,Plutarchos
8a3c1645-9d63-4679-8529-59e65bb45223,Journey into the Whirlwind,Eugenia Semyonovna Ginzburg,,INSERT,,no match found,,,Journey into the Whirlwind,Eugenia Semyonovna Ginzburg
8a46e532-2dad-4313-adc0-f1f2c3ba14c7,Jewish Marriage in Palestine,Mordechai Akiva Friedman,title+author(exact),UPDATE,title|author|year|language,,JEWISH MARRIAGE IN PALESTINE,MORDECHAI AKIVA TRIEDMAN,Jewish Marriage in Palestine,Mordechai Akiva Friedman
8a4c571a-e47a-4766-8e0a-be957ffd1356,Homeri Opera,Homer,fuzzy(1.000),BLOCKED,,author similarity 0.476 < 0.75,Homeri Opera,David B. Munro et Thomas W. Allen,Homeri Opera,Homer
8a52f88d-a5a8-42ef-aa57-925bf9a14f28,Mythe et pensée chez les Grecs,Jean-Pierre Vernant,,INSERT,,no match found,,,Mythe et pensée chez les Grecs,Jean-Pierre Vernant
8a7b4636-3016-4754-90ee-e75dddb178fc,McKay's Modern English-Swedish and Swedish-English Dictionary,Ruben Nöjd,title+author(exact),UPDATE,title|author|year|language,,McKay's Modern English Swedish Swedish English Dictionary,"Ruben Nöjd, Astrid Tornberg, M.A. and Margareta Ångström, Ph.D.",McKay's Modern English-Swedish and Swedish-English Dictionary,Ruben Nöjd
8a7efba8-44d7-44a7-a8d6-39c71364ac52,A History of Magic and Experimental Science,Lynn Thorndike,,INSERT,,no match found,,,A History of Magic and Experimental Science,Lynn Thorndike
8a98c3cf-d0ad-4ca8-9380-8ac176b6e1b1,The Vilnay Guide to Israel,Zev Vilnay,,INSERT,,no match found,,,The Vilnay Guide to Israel,Zev Vilnay
8a9d00c2-56d3-4e41-8f0a-67deaeb11845,The Periplus Maris Erythraei,Lionel Casson,,INSERT,,no match found,,,The Periplus Maris Erythraei,Lionel Casson
8aa4bb99-183a-453f-8dce-4e8e74827bc8,The Makers of Hebrew Books in Italy,David Amram,title+author(exact),UPDATE,publisher|year|language,,The Makers of Hebrew Books in Italy,David Amram,The Makers of Hebrew Books in Italy,David Amram
8ab7354c-188b-43de-953a-ec155009ef69,The Twilight Watch,Sergei Lukyanenko,,INSERT,,no match found,,,The Twilight Watch,Sergei Lukyanenko
8abc3c7b-6843-4aea-b94b-16971a9a16be,Jewish Medical Ethics,Sir Immanuel Jakobovits,,INSERT,,no match found,,,Jewish Medical Ethics,Sir Immanuel Jakobovits
8ac5b770-f489-47ba-8dd2-2c139349a366,Abstract Algebra and Solution by Radicals,John Edward Maxfield; Margaret W. Maxfield,,INSERT,,no match found,,,Abstract Algebra and Solution by Radicals,John Edward Maxfield; Margaret W. Maxfield
8ac6913a-c9d4-4500-b1b3-e673768ea353,The Crucible of Christianity,Arnold Toynbee,,INSERT,,no match found,,,The Crucible of Christianity,Arnold Toynbee
8ae4751a-cc78-4413-af29-f6fce00679f0,Wordsworth and Coleridge Selected Critical Essays,William Wordsworth; Samuel Taylor Coleridge,title+author(exact),BLOCKED,,title length ratio 2.04 > 1.5; title similarity 0.637 < 0.92; author similarity 0.653 < 0.75,Selected Critical Essays,Wordsworth & Coleridge,Wordsworth and Coleridge Selected Critical Essays,William Wordsworth; Samuel Taylor Coleridge
8ae76331-7369-4fac-bef0-314d018ed681,Travels in Jewish Europe,Pearl L. Preschel,title+author(exact),UPDATE,year|language,,Travels in Jewish Europe,Pearl L. Preschel,Travels in Jewish Europe,Pearl L. Preschel
8ae87e6d-1372-47d6-a489-c21e28e9fa59,Il fregio dei Carracci e i dipinti di Palazzo Magnani in Bologna,Carlo Volpe,,INSERT,,no match found,,,Il fregio dei Carracci e i dipinti di Palazzo Magnani in Bologna,Carlo Volpe
8af31f93-1e43-419b-95cb-7c8faafc43b8,A History of Macedonia,N. G. L. Hammond; G. T. Griffith; F. W. Walbank,,INSERT,,no match found,,,A History of Macedonia,N. G. L. Hammond; G. T. Griffith; F. W. Walbank
8af6d861-415d-4364-9deb-2b6429726925,Natural Right and History,Leo Strauss,,INSERT,,no match found,,,Natural Right and History,Leo Strauss
8af778ff-8e28-463a-94ed-bec05e1cfb8a,"The Geography of Strabo, with an English Translation by Horace Leonard Jones ... Based in Part Upon the Unfinished Version of J. R. S. Sterrett. [With a Bibliography.].",Horace Leonard JONES; John Robert Sitlington STERRETT,,INSERT,,no match found,,,"The Geography of Strabo, with an English Translation by Horace Leonard Jones ... Based in Part Upon the Unfinished Version of J. R. S. Sterrett. [With a Bibliography.].",Horace Leonard JONES; John Robert Sitlington STERRETT
8b1f2720-0b9b-4df8-8627-4a8b90ce6fc9,Who Moved My Pulpit?,Thom S. Rainer,,INSERT,,no match found,,,Who Moved My Pulpit?,Thom S. Rainer
8b2ddd73-4cde-4f76-ac3b-cb7ccea5b385,The Homer Encyclopedia,Margalit Finkelberg,,INSERT,,no match found,,,The Homer Encyclopedia,Margalit Finkelberg
8b39c380-0e63-44af-8457-6a0cefcc8613,Early Renaissance,Michael Levey,,INSERT,,no match found,,,Early Renaissance,Michael Levey
8b5cdeea-34c4-4b31-a460-060b796762fc,Artful Crafts,Michael J. Vickers; David W. J. Gill,,INSERT,,no match found,,,Artful Crafts,Michael J. Vickers; David W. J. Gill
8b624ed0-9bc8-4dde-ae2a-7e7940fbf168,Harvard Studies in Classical Philology,Harvard University,,INSERT,,no match found,,,Harvard Studies in Classical Philology,Harvard University
8b629fb5-2bb3-4add-9fcb-47160a8b966d,The Lady in the Van,Alan Bennett,,INSERT,,no match found,,,The Lady in the Van,Alan Bennett
8b8a17c6-6ba9-4135-8d18-733ca217081e,Utilitarianism and Other Essays,Jeremy Bentham,,INSERT,,no match found,,,Utilitarianism and Other Essays,Jeremy Bentham
8b9c955a-2a16-4b81-8142-abb8dbb3e9a9,"Science, Metaphysics, and the Chance of Salvation",Henry S. Levinson,title+author(exact),UPDATE,author|year|language,,"Science, Metaphysics, and the Chance of Salvation",H. S. Levinson,"Science, Metaphysics, and the Chance of Salvation",Henry S. Levinson
8ba6b66e-6421-4be4-bb7d-114929208860,The Navya-nyaya Doctrine of Negation,Bimal Krishna Matilal,,INSERT,,no match found,,,The Navya-nyaya Doctrine of Negation,Bimal Krishna Matilal
8bb05aa2-c2ce-4eda-84b1-70bec8bf4061,The Mind's Road to God,St. Bonaventure; Wyatt North,,INSERT,,no match found,,,The Mind's Road to God,St. Bonaventure; Wyatt North
8bb12363-8e15-4f73-bb3f-307be822c466,Manichaean Texts from the Roman Empire,Iain Gardner; Samuel N. C. Lieu,,INSERT,,no match found,,,Manichaean Texts from the Roman Empire,Iain Gardner; Samuel N. C. Lieu
8bb92d4b-b30b-4bc6-8b43-6e876eca034a,The Journal of Hellenic Studies,"A. S. F. Gow, D. Von Bothmer, F. E. Adcock",,INSERT,,no match found,,,The Journal of Hellenic Studies,"A. S. F. Gow, D. Von Bothmer, F. E. Adcock"
8bbdc30e-aa7e-4f4e-879d-7e900e705a4d,The Nineteen Letters,Samson Raphael Hirsch,,INSERT,,no match found,,,The Nineteen Letters,Samson Raphael Hirsch
8bdd16c4-43ec-4691-a619-9079a867eb9b,The Jews in the Age of Rembrandt,Unknown,,INSERT,,no match found,,,The Jews in the Age of Rembrandt,Unknown
8be09ad2-64a9-430d-b4e3-db6a533cca1f,Recent Philosophers,John Passmore,,INSERT,,no match found,,,Recent Philosophers,John Passmore
8bef8aea-7f5a-4bf9-ac58-d050473b9f9a,A Historical Commentary on Polybius,Frank W. Walbank,title+author(exact),UPDATE,author|year|language,,A Historical Commentary on Polybius,F.W. Walbank,A Historical Commentary on Polybius,Frank W. Walbank
8bf007ab-2d49-43fc-896b-fbd4f14c9fc2,Children of the Holocaust,Emily Schlesinger,,INSERT,,no match found,,,Children of the Holocaust,Emily Schlesinger
8bf52d83-7cb1-4d5f-8cf7-2135b08600c1,Merit and Responsibility,Arthur William Hope Adkins,,INSERT,,no match found,,,Merit and Responsibility,Arthur William Hope Adkins
8bfc2c6c-1997-4c77-9a74-61c29d238a17,A History of Jewish Literature,Israel Zinberg,,INSERT,,no match found,,,A History of Jewish Literature,Israel Zinberg
8c077230-527c-48ee-bc59-4bcba37b86a6,Classical (imaginary) Conversations,Walter Savage Landor,,INSERT,,no match found,,,Classical (imaginary) Conversations,Walter Savage Landor
8c087744-a975-42ac-b6df-1ffdeb8f4754,The Magician's Nephew,C. S. Lewis,,INSERT,,no match found,,,The Magician's Nephew,C. S. Lewis
8c1029d2-96b2-4854-8337-9084e7425c54,Viola,Unknown,,INSERT,,no match found,,,Viola,Unknown
8c203452-4b58-475f-812f-eeb1dd3a14af,The Lives and Times of Archy and Mehitabel,Don Marquis,title+author(exact),UPDATE,title|author|description|publisher|year|language,,the lives and times of archy and mehitabel,don marquis,The Lives and Times of Archy and Mehitabel,Don Marquis
8c357eb2-803e-4b68-893c-575357ec1d72,Iron in the Soul,Jean-Paul Sartre,,INSERT,,no match found,,,Iron in the Soul,Jean-Paul Sartre
8c49fed9-4464-4f96-a0e5-aa9cc3389b10,Buddenbrooks,Thomas Mann,,INSERT,,no match found,,,Buddenbrooks,Thomas Mann
8c4ba9ea-de4d-43a0-ab22-f0d7924d5e03,Beowulf,GEORGE JACK,,INSERT,,no match found,,,Beowulf,GEORGE JACK
8c540d63-b084-468b-9ef2-113673beb236,Les harangues de Demosthenes,Demosthenes,title+author(exact),BLOCKED,,title similarity 0.645 < 0.92,DEMOSTHENE HARANGUES,Unknown,Les harangues de Demosthenes,Demosthenes
8c6406d4-fcba-46b8-a313-9c1c678d226a,"Euripides: Herakles, erklart von Ulrich von Wilamowitz-Moellendorff",Ulrich von Wilamowitz-Moellendorff,,INSERT,,no match found,,,"Euripides: Herakles, erklart von Ulrich von Wilamowitz-Moellendorff",Ulrich von Wilamowitz-Moellendorff
8c6a7684-f5a2-416d-a51e-81febda12990,World Within Our Own,Razi Ebadi Blakley,,INSERT,,no match found,,,World Within Our Own,Razi Ebadi Blakley
8c6bed94-b00b-4353-a7fd-ee2bb3bd99a6,The Psychoanalytic Theory Of Neurosis,Otto Fenichel,title+author(exact),UPDATE,title|author|description|publisher|year|language,,The Psychoanalytic Theory of Neurosis,"Otto Fenichel, M.D.",The Psychoanalytic Theory Of Neurosis,Otto Fenichel
8c6d60f5-054b-4a1f-be11-356c8636c5ef,Tosca,Giacomo Puccini,,INSERT,,no match found,,,Tosca,Giacomo Puccini
8c7e8cc7-12c8-476c-8486-4079c3365dbe,אלקטרוניקה ומחשבים: מבוא להנדסת מחשבים- שפת C תרגול וניסויים,orie,,INSERT,,no match found,,,אלקטרוניקה ומחשבים: מבוא להנדסת מחשבים- שפת C תרגול וניסויים,orie
8c940eb7-0a20-4db7-8812-6f36613c8fc9,Aristotle ; Fundamentals of the History of His Development,Werner Jaeger,,INSERT,,no match found,,,Aristotle ; Fundamentals of the History of His Development,Werner Jaeger
8ca3d3bf-3009-4019-9453-1d15691fe64e,The Unbroken Chain,Neil Rosenstein,,INSERT,,no match found,,,The Unbroken Chain,Neil Rosenstein
8ca437d4-5d31-4af7-a186-5cf1d40bc602,The Jurisprudence of the Jewish Courts in Egypt,Erwin Goodenough,,INSERT,,no match found,,,The Jurisprudence of the Jewish Courts in Egypt,Erwin Goodenough
8caefd59-f55a-4745-addc-accb6b352e1d,Content Analysis in Communication Research,Bernard Berelson,,INSERT,,no match found,,,Content Analysis in Communication Research,Bernard Berelson
8cfdf04a-7450-4c5e-8f35-489f15eef9dc,Hebrew Printed Books,Bloomsbury Book Auctions (Firm),,INSERT,,no match found,,,Hebrew Printed Books,Bloomsbury Book Auctions (Firm)
8d286ce9-be20-4ac8-b7ea-19065a8d0a79,The Republic,Plato,title+author(exact),UPDATE,year|language,,The Republic,Plato,The Republic,Plato
8d4de19a-759b-429c-8559-2d9e7afcefb4,La gazza ladra,Rossini,,INSERT,,no match found,,,La gazza ladra,Rossini
8d5520af-d261-4a0a-88e9-1137ad61ae8e,Teach Yourself Sanskrit,Michael Coulson; RH Disney Staff; Random House Staff; Random House,,INSERT,,no match found,,,Teach Yourself Sanskrit,Michael Coulson; RH Disney Staff; Random House Staff; Random House
8d6fabc8-764a-45df-8d89-b74f660ca232,The Oxford Handbook of African Languages,Rainer Vossen; Gerrit J. Dimmendaal,,INSERT,,no match found,,,The Oxford Handbook of African Languages,Rainer Vossen; Gerrit J. Dimmendaal
8d8df2a4-d0cc-4577-8d56-d66bf08e4ad6,The Growth of the Athenian Economy,A French,title+author(exact),UPDATE,title|author|description|publisher|year|language,,THE GROWTH OF THE ATHENIAN ECONOMY,A. French,The Growth of the Athenian Economy,A French
8d9ce05e-7db6-472d-a35f-b90efdb1005c,The History of the Liverpool Jewish Community,Maurice J. Karpf,,INSERT,,no match found,,,The History of the Liverpool Jewish Community,Maurice J. Karpf
8d9ec4a8-ea6a-471a-bd89-767c08c6f3a4,The Mother,Sholem Asch,,INSERT,,no match found,,,The Mother,Sholem Asch
8db6c39e-f589-4444-a190-0a92c9195227,Jonah,Jack M. Sasson,,INSERT,,no match found,,,Jonah,Jack M. Sasson
8dbd6bb1-e884-4038-ab60-2aec6e77a955,Aesthetics and History,Bernard Berenson,,INSERT,,no match found,,,Aesthetics and History,Bernard Berenson
8dccfe7c-fd80-4064-97e6-16a80c9024c7,Romances of Alexandre Dumas,Alexandre Dumas,,INSERT,,no match found,,,Romances of Alexandre Dumas,Alexandre Dumas
8dd75059-f5d3-4948-859f-ffb629e060d4,The Historical Prologue of the Hittite Vassal Treaties,Amnon Altman,,INSERT,,no match found,,,The Historical Prologue of the Hittite Vassal Treaties,Amnon Altman
8ddb6782-88f2-4be3-a51c-c66328f927be,Renaissance Music,Allan W. Atlas,,INSERT,,no match found,,,Renaissance Music,Allan W. Atlas
8ddefca3-00fd-483c-9459-933e0065974f,The Middle East Remembered,Jacob Lassner,,INSERT,,no match found,,,The Middle East Remembered,Jacob Lassner
8de3582e-cbfe-4303-9ef6-8ff3fda7e7bc,"Josephus, with an English Translation: Jewish Antiquities, Books XVIII-XX",Flavius Josephus,,INSERT,,no match found,,,"Josephus, with an English Translation: Jewish Antiquities, Books XVIII-XX",Flavius Josephus
8df654ba-395d-42d1-9841-15a755595aab,Die Plastik Der Griechen,Ernst Buschor,,INSERT,,no match found,,,Die Plastik Der Griechen,Ernst Buschor
8dfad6db-c03a-43dc-91f1-944bf293a99a,Jewish Exegesis and Homeric Scholarship in Alexandria,Maren R. Niehoff,,INSERT,,no match found,,,Jewish Exegesis and Homeric Scholarship in Alexandria,Maren R. Niehoff
8e060f7f-f7fe-42c5-9e8d-53fcfaae821a,Malebranche and Ideas,Steven M. Nadler,,INSERT,,no match found,,,Malebranche and Ideas,Steven M. Nadler
8e071ea2-92ce-436c-a3a0-e4f064a366de,The Penguin Guide to Punctuation,R L Trask,,INSERT,,no match found,,,The Penguin Guide to Punctuation,R L Trask
8e0f0110-490b-49a9-8984-a843e96bf979,Fin du peuple juif?,Georges Friedmann,,INSERT,,no match found,,,Fin du peuple juif?,Georges Friedmann
8e1f983f-c13a-4fcd-a30b-6176ef1c7730,Order of Service and Customs for the Synagogue and the Home,Moses Friedlander,title+author(exact),UPDATE,year|language,,Order of Service and Customs for the Synagogue and the Home,Moses Friedlander,Order of Service and Customs for the Synagogue and the Home,Moses Friedlander
8e2b03a1-8c50-47ca-b5ab-c51cc3e39845,Tolerance and Coercion in Islam,Yohanan Friedmann,,INSERT,,no match found,,,Tolerance and Coercion in Islam,Yohanan Friedmann
8e2fc6a0-1a9e-4fbc-b85a-3d0339b124d5,The Rabbinical Council Manual of Holiday and Sabbath Sermons,Rabbinical Council of America,,INSERT,,no match found,,,The Rabbinical Council Manual of Holiday and Sabbath Sermons,Rabbinical Council of America
8e30a9eb-2735-42eb-9dba-096b94d63eb5,David Copperfield's History of Magic,David Copperfield; Richard Wiseman; David Britland,,INSERT,,no match found,,,David Copperfield's History of Magic,David Copperfield; Richard Wiseman; David Britland
8e4b5072-d9c4-492e-86b6-da41f16e5623,Phoenix,Classical Association of Canada/Société canadienne des études classiques,fuzzy(1.000),UPDATE,author|year|language,,Phoenix,Unknown,Phoenix,Classical Association of Canada/Société canadienne des études classiques
8e5f3cbd-6b7c-418e-8ab5-92499519371a,The Arabs in History,Bernard Lewis,,INSERT,,no match found,,,The Arabs in History,Bernard Lewis
8e5f4a85-1841-4583-af46-f5c83bf12c90,A Short History of Medieval Philosophy,Julius Rudolf Weinberg,,INSERT,,no match found,,,A Short History of Medieval Philosophy,Julius Rudolf Weinberg
8e64cba4-629b-472b-887d-8e152407037f,"Summa logicae, engl., Ausz. Ockham's theory of propositions",O. F. M. Guilielmus de Ockam; Alfred J. Freddoso,,INSERT,,no match found,,,"Summa logicae, engl., Ausz. Ockham's theory of propositions",O. F. M. Guilielmus de Ockam; Alfred J. Freddoso
8e716bac-52da-44b1-9e8d-b1c64e83fdbf,Proceedings,"Asiatic Society of Bengal; Asiatic Society (Calcutta, India)",,INSERT,,no match found,,,Proceedings,"Asiatic Society of Bengal; Asiatic Society (Calcutta, India)"
8e7d80b1-2026-403e-bf34-245ef39ad641,From Popular Sovereignty to the Sovereignty of Law,Martin Ostwald,,INSERT,,no match found,,,From Popular Sovereignty to the Sovereignty of Law,Martin Ostwald
8e81ee5d-e760-4fda-b83c-c0a3e5ccef47,The Banks of Clyde. The Victory of Barossa. Bung Your Eye. The Stranger,anting qugy,,INSERT,,no match found,,,The Banks of Clyde. The Victory of Barossa. Bung Your Eye. The Stranger,anting qugy
8ea2b2a3-3bbb-4b66-b38b-e88a2be1e65c,Jewish Life in the Village Communities of Southern Germany,Hugo Mandelbaum,,INSERT,,no match found,,,Jewish Life in the Village Communities of Southern Germany,Hugo Mandelbaum
8ed7a821-a3b3-4160-8e10-2aba062e89e6,"Euripides: Herakles, erklart von Ulrich von Wilamowitz-Moellendorff",Ulrich von Wilamowitz-Moellendorff,,INSERT,,no match found,,,"Euripides: Herakles, erklart von Ulrich von Wilamowitz-Moellendorff",Ulrich von Wilamowitz-Moellendorff
8ed918c4-bc40-45b1-86e3-c20c527c96f2,The Phoenix,Unknown,title+author(exact),UPDATE,year|language,,The Phoenix,Unknown,The Phoenix,Unknown
8ee031c3-7003-48d5-a3a3-6e31b349de0b,American journal of ancient history,Unknown,,INSERT,,no match found,,,American journal of ancient history,Unknown
8efdd1f7-6d35-4a02-a8cf-5fb2e82722d4,The Encyclopedia Britannica,Thomas Spencer Baynes,title+author(exact),UPDATE,author|year|language,,The Encyclopedia Britannica,Unknown,The Encyclopedia Britannica,Thomas Spencer Baynes
8f96923a-9561-47a4-9f62-4060ef1c3662,American journal of ancient history,Unknown,,INSERT,,no match found,,,American journal of ancient history,Unknown
912e8b5e-8f5d-48c3-aa0d-307eb15c2e69,The Jews in Piedmont,Renata Segre,title+author(exact),UPDATE,year|language,,The Jews in Piedmont,Renata Segre,The Jews in Piedmont,Renata Segre
91409845-7b98-483d-b625-b6aecb763b8e,Solfège des solfèges,L.. Lemoine; Albert Lavignac,,INSERT,,no match found,,,Solfège des solfèges,L.. Lemoine; Albert Lavignac
91429b98-d1a4-4499-9e16-653bbadc75f5,Fauvism,Sarah Whitfield,,INSERT,,no match found,,,Fauvism,Sarah Whitfield
91d295bc-91b9-41e1-bf10-94963ea2b916,American journal of ancient history,Unknown,,INSERT,,no match found,,,American journal of ancient history,Unknown
91fbaa0b-a614-4a8c-bc50-6eda640810e4,Order of Service and Customs for the Synagogue and the Home,Moses Friedlander,title+author(exact),UPDATE,year|language,,Order of Service and Customs for the Synagogue and the Home,Moses Friedlander,Order of Service and Customs for the Synagogue and the Home,Moses Friedlander
92c3b1b2-63c9-433e-9c4d-00f6f2f42319,Plutarch's Lives,Plutarch,title+author(exact),UPDATE,description|year|language,,Plutarch's Lives,Plutarch,Plutarch's Lives,Plutarch
92e4cb68-c75f-4c10-98e3-faf9eb991b60,AJS Review,Association for Jewish Studies,,INSERT,,no match found,,,AJS Review,Association for Jewish Studies
9390268a-3f84-499e-9c7d-1e13fa0ae0d4,A History of the Classical World,Elizabeth Wyse,title+author(exact),BLOCKED,,title length ratio 2.00 > 1.5; title similarity 0.533 < 0.92,Classical World,Unknown,A History of the Classical World,Elizabeth Wyse
943d71a7-57eb-43a1-b82a-32889eb6cd69,Les fleurs du mal,Charles Baudelaire,,INSERT,,no match found,,,Les fleurs du mal,Charles Baudelaire
944cb3fa-cb28-43cc-a078-9e3e83a88ade,"The Hebrew-Arabic Dictionary of the Bible Known as Kitab I̧āmiʼ Al-alfāz (Agrõn) of David Ben Abraham Al-Fāsī the Karaïte... Edited from the Mss in the State Public Library in Leningrad and in the Bodleian Library in Oxford by Solomon L. Skoss,... Vol. II : [Ṭêt̲-Tåw].",David ben Abraham al-Fāsī (le Caraïte.); David ben Abraham al- Fāsī,,INSERT,,no match found,,,"The Hebrew-Arabic Dictionary of the Bible Known as Kitab I̧āmiʼ Al-alfāz (Agrõn) of David Ben Abraham Al-Fāsī the Karaïte... Edited from the Mss in the State Public Library in Leningrad and in the Bodleian Library in Oxford by Solomon L. Skoss,... Vol. II : [Ṭêt̲-Tåw].",David ben Abraham al-Fāsī (le Caraïte.); David ben Abraham al- Fāsī
945126ae-bce4-4906-954d-59f67781d5fb,Anthologie grecque,Unknown,title+author(exact),BLOCKED,,title length ratio 2.11 > 1.5; title similarity 0.895 < 0.92,Anthologie Grecque Anthologie Palatine,Unknown,Anthologie grecque,Unknown
946d5dbb-0a43-49dc-b5be-9e83dac4e77a,Rembrandt's Bathsheba Reading King David's Letter,Ann Jensen Adams,,INSERT,,no match found,,,Rembrandt's Bathsheba Reading King David's Letter,Ann Jensen Adams
9496e8ff-dd29-4b5e-9b8c-1fb49e605c5a,American journal of ancient history,Unknown,,INSERT,,no match found,,,American journal of ancient history,Unknown
94d02c4e-ed48-445c-bcaa-f994780ca4d5,AJS Review,Association for Jewish Studies,,INSERT,,no match found,,,AJS Review,Association for Jewish Studies
94f5d70d-69f1-482e-a936-6dee38eace2c,Contemporary Halakhic Problems,J. David Bleich,,INSERT,,no match found,,,Contemporary Halakhic Problems,J. David Bleich
950b933d-835a-4223-8891-cd32a83527cf,Leviathan,Thomas Hobbes,,INSERT,,no match found,,,Leviathan,Thomas Hobbes
95d4a5d3-bbb7-4178-a0bf-0fe46a3f2201,"Gedenkausgabe der Werke, Briefe und Gespräche. 28. August 1949. Herausgegeben von Ernst Beutler. [With portraits.].",Johann Wolfgang von Goethe; Ernst Beutler,title+author(exact),BLOCKED,,title length ratio 2.41 > 1.5; title similarity 0.883 < 0.92,"GEDENKAUSGABE DER WERKE, BRIEFE UND GESPRÄCHE","JOHANN WOLFGANG GOETHE, ERNST BEUTLER","Gedenkausgabe der Werke, Briefe und Gespräche. 28. August 1949. Herausgegeben von Ernst Beutler. [With portraits.].",Johann Wolfgang von Goethe; Ernst Beutler
9640b64a-02e7-4500-8d9d-22fcfae53ffe,The Phoenix Project,Gene Kim; Kevin Behr; George Spafford,title+author(exact),BLOCKED,,title length ratio 2.14 > 1.5; title similarity 0.893 < 0.92,The Phoenix,Unknown,The Phoenix Project,Gene Kim; Kevin Behr; George Spafford
964c64f6-faf1-4c9b-8860-8bc4b1c60b86,American journal of ancient history,Unknown,,INSERT,,no match found,,,American journal of ancient history,Unknown
9662b393-d752-4715-97ac-ab9890ca7088,The Meters of Greek and Latin Poetry,James W. Halporn; Martin Ostwald; Thomas G. Rosenmeyer,,INSERT,,no match found,,,The Meters of Greek and Latin Poetry,James W. Halporn; Martin Ostwald; Thomas G. Rosenmeyer
96b7c70e-7d31-490d-99e8-1ddba292c73f,"Anarchy, State, and Utopia",Robert Nozick,,INSERT,,no match found,,,"Anarchy, State, and Utopia",Robert Nozick
97e7d9e8-233f-4875-af13-e22d5211641f,American journal of ancient history,Unknown,,INSERT,,no match found,,,American journal of ancient history,Unknown
986f082d-0442-48f5-94f9-2e86d77cae9b,The Jewish Encyclopedia,Cyrus Adler,title+author(exact),UPDATE,author|publisher|year|language,,The Jewish Encyclopedia,"Cyrus Adler, Gotthard Deutsch, Louis Ginzberg, et al.",The Jewish Encyclopedia,Cyrus Adler
98af4e03-7513-446b-a0e3-164fc9b9f284,Thukydides,Thucydides; J. Classen,fuzzy(0.953),BLOCKED,,author similarity 0.456 < 0.75,Thucydides,W. Robert Connor,Thukydides,Thucydides; J. Classen
99dee799-03e9-45b5-9731-775a399fd0c7,אביר 21,משה גבעתי,,INSERT,,no match found,,,אביר 21,משה גבעתי
9a0bec3a-362f-4a70-b9be-709a3c98f33c,Phoenix : the journal of the Classical Association of Canada,Classical Association of Canada,title+author(exact),BLOCKED,,title length ratio 8.29 > 1.5; title similarity 0.824 < 0.92,Phoenix,Classical Association of Canada,Phoenix : the journal of the Classical Association of Canada,Classical Association of Canada
9a4cbd7a-bfed-4ace-9618-cd080b914494,Scriptorum Classicorum Bibliotheca Oxoniensis,Unknown,title+author(exact),UPDATE,title|year|language,,SCRIPTORUM CLASSICORUM BIBLIOTHECA OXONIENSIS,Unknown,Scriptorum Classicorum Bibliotheca Oxoniensis,Unknown
9a82078c-263d-44f6-ba8f-da8950cbfd8c,"The American Journal of Archaeology, 1893-1",Various,,INSERT,,no match found,,,"The American Journal of Archaeology, 1893-1",Various
9b70144b-edd9-4966-9d4f-932955b6b67c,The Encyclopædia Britannica,Thomas Spencer Baynes,title+author(exact),UPDATE,author|year|language,,The Encyclopædia Britannica,Unknown,The Encyclopædia Britannica,Thomas Spencer Baynes
9bdd2301-65e2-4d48-8386-c62e86678e3f,A Greek-English Lexicon,Henry George Liddell,,INSERT,,no match found,,,A Greek-English Lexicon,Henry George Liddell
9c3310e0-d13e-4690-9daa-b9c04a4ac0c0,The World as Will and Representation,Arthur Schopenhauer,,INSERT,,no match found,,,The World as Will and Representation,Arthur Schopenhauer
9c4b3be1-5e3e-47fe-8aa7-38b9aa6d1bd9,American journal of ancient history,Unknown,,INSERT,,no match found,,,American journal of ancient history,Unknown
9c64784c-5e17-4ec8-8cbe-2a9ddb07b0c1,Handbook of Medical Library Practice,Louise Darling; David Bishop; Lois Ann Colaianni; Medical Library Association,title+author(exact),UPDATE,title|author|publisher|year|language,,Handbook of MEDICAL LIBRARY PRACTICE,Unknown,Handbook of Medical Library Practice,Louise Darling; David Bishop; Lois Ann Colaianni; Medical Library Association
9cebe465-6ccf-4d79-8df6-0832970039e1,The Bull of Minos,Leonard Cottrell,title+author(exact),UPDATE,title|description|publisher|year|language,,THE BULL OF MINOS,Leonard Cottrell,The Bull of Minos,Leonard Cottrell
9d383822-dc87-4c3c-8ac4-d88bd31f85be,"Gedenkausgabe der Werke, Briefe und Gespräche. 28. August 1949. Herausgegeben von Ernst Beutler. [With portraits.].",Johann Wolfgang von Goethe; Ernst Beutler,title+author(exact),BLOCKED,,title length ratio 2.41 > 1.5; title similarity 0.883 < 0.92,"GEDENKAUSGABE DER WERKE, BRIEFE UND GESPRÄCHE","JOHANN WOLFGANG GOETHE, ERNST BEUTLER","Gedenkausgabe der Werke, Briefe und Gespräche. 28. August 1949. Herausgegeben von Ernst Beutler. [With portraits.].",Johann Wolfgang von Goethe; Ernst Beutler
9d3e5288-0fe0-467b-940a-417225c552cd,The Papers of the Bibliographical Society of America,Bibliographical Society of America,title+author(exact),BLOCKED,,author similarity 0.494 < 0.75,The Papers of the Bibliographical Society of America,"P.N. Furbank and W. R. Owens, Sean Shesgreen, Jay A. Gertzman",The Papers of the Bibliographical Society of America,Bibliographical Society of America
9d808868-23a9-4c28-82a4-0fc55f4a0353,"The Jewish Community, Its History and Structure to the American Revolution",Salo Wittmayer Baron; Jewish Publication Society of America (Philadelphia),,INSERT,,no match found,,,"The Jewish Community, Its History and Structure to the American Revolution",Salo Wittmayer Baron; Jewish Publication Society of America (Philadelphia)
9d949058-a70d-4a99-9552-239efdd9e52f,Lumières sur la paracha,Ray Emmanuel Bensimon,,INSERT,,no match found,,,Lumières sur la paracha,Ray Emmanuel Bensimon
9dbcdc46-38d5-44bd-9d71-14cb8b1fbce9,Complete Poetical Works,John Keats,,INSERT,,no match found,,,Complete Poetical Works,John Keats
9e22eefb-3600-4bf7-97bb-6a2fe3769cd8,"Studies in Honour of Gilbert Norwood. The Phoenix - Journal of the Classical Association of Canada, Supplementary",Classical Association of Canada; Mary E. White,title+author(exact),BLOCKED,,title length ratio 15.57 > 1.5; title similarity 0.545 < 0.92,Phoenix,Classical Association of Canada,"Studies in Honour of Gilbert Norwood. The Phoenix - Journal of the Classical Association of Canada, Supplementary",Classical Association of Canada; Mary E. White
9e3e7fad-93f7-4bd0-82ed-8cbbaf9f4f73,The Papers of the Bibliographical Society of America,Bibliographical Society of America,fuzzy(1.000),BLOCKED,,author similarity 0.548 < 0.75,The PAPERS of the BIBLIOGRAPHICAL SOCIETY of AMERICA,"RICHARD KNOWLES, MARCUS A. McCORISON, ALAN R. YOUNG, SYDNEY J. SHEP",The Papers of the Bibliographical Society of America,Bibliographical Society of America
9e90bc77-efba-44a0-9f0c-05f233778add,Proceedings of the Cambridge Philological Society,Cambridge Philological Society,,INSERT,,no match found,,,Proceedings of the Cambridge Philological Society,Cambridge Philological Society
9f6a9658-9e7c-4a31-bdda-ccfa14143b72,Poems,George Etherege,,INSERT,,no match found,,,Poems,George Etherege
9f795b6b-fdc8-4243-8a43-31e4278f874f,"Gedenkausgabe der Werke, Briefe und Gespräche. 28. August 1949. Herausgegeben von Ernst Beutler. [With portraits.].",Johann Wolfgang von Goethe; Ernst Beutler,title+author(exact),BLOCKED,,title length ratio 2.41 > 1.5; title similarity 0.883 < 0.92,"GEDENKAUSGABE DER WERKE, BRIEFE UND GESPRÄCHE","JOHANN WOLFGANG GOETHE, ERNST BEUTLER","Gedenkausgabe der Werke, Briefe und Gespräche. 28. August 1949. Herausgegeben von Ernst Beutler. [With portraits.].",Johann Wolfgang von Goethe; Ernst Beutler
a02c55b1-06be-4de8-901f-f5175930f7b1,Mozart's Symphonies,Neal Zaslaw,,INSERT,,no match found,,,Mozart's Symphonies,Neal Zaslaw
a033f6f6-c2cf-45d2-8227-819cce3cd363,Anthologia lyrica graeca,Ernst Diehl,,INSERT,,no match found,,,Anthologia lyrica graeca,Ernst Diehl
a0435615-4924-4cfc-b3b1-49efebe32e2c,Religious Compulsions and Fears,Avigdor Bonchek,,INSERT,,no match found,,,Religious Compulsions and Fears,Avigdor Bonchek
a045517f-dbfb-485d-bdb3-a956b5f2dd4a,From Prejudice to Destruction,Jacob Katz,,INSERT,,no match found,,,From Prejudice to Destruction,Jacob Katz
a045b8df-9114-42ef-a3f9-6e5e4043fac0,Pindari Carmina cum fragmentis,Píndaro,,INSERT,,no match found,,,Pindari Carmina cum fragmentis,Píndaro
a0532b30-9b7c-4c64-8e3a-08778d10ba73,Highways and byways of English literature,RUSKIN,title+author(exact),UPDATE,title|language,,HIGHWAYS AND BYWAYS OF ENGLISH LITERATURE,RUSKIN,Highways and byways of English literature,RUSKIN
a054b8f1-0c90-463a-af31-71be6976f36a,The Beginning of Desire,Avivah Gottlieb Zornberg,,INSERT,,no match found,,,The Beginning of Desire,Avivah Gottlieb Zornberg
a06ea9c4-a7b9-48d5-add4-10b1dd0979eb,A Call to the Infinite,Aryeh Kaplan,,INSERT,,no match found,,,A Call to the Infinite,Aryeh Kaplan
a0711210-c142-4221-a59f-bea313a84294,Vies,Plutarque,,INSERT,,no match found,,,Vies,Plutarque
a096a630-78df-45c1-b178-d3d9bcccf99a,Permission to Believe,Lawrence Kelemen,,INSERT,,no match found,,,Permission to Believe,Lawrence Kelemen
a09f0dbd-6947-4682-a70f-46ecfdb4f5ac,The Hermitage,Sergei Vesnin; Sofʹi︠a︡ Vladimirovna Kudri︠a︡vt︠s︡eva; Tatyana Pashkova,,INSERT,,no match found,,,The Hermitage,Sergei Vesnin; Sofʹi︠a︡ Vladimirovna Kudri︠a︡vt︠s︡eva; Tatyana Pashkova
a0a07463-c964-45c8-9ca9-8bd80ce7f56e,The Ecology of the Ancient Greek World,Robert Sallares,,INSERT,,no match found,,,The Ecology of the Ancient Greek World,Robert Sallares
a0a0c7b1-2989-4b75-aa44-617e74d9418a,De conpendiosa doctrina libros XX,Nonius Marcellus,,INSERT,,no match found,,,De conpendiosa doctrina libros XX,Nonius Marcellus
a0ac7904-b821-42de-a53d-415344927f8a,The Traditional Jewish Law of Sale,Joseph ben Ephraim Karo,,INSERT,,no match found,,,The Traditional Jewish Law of Sale,Joseph ben Ephraim Karo
a0c5a048-a1a2-4410-90df-8df32b09d2eb,Oral Tradition and Written Record in Classical Athens,Rosalind Thomas,title+author(exact),UPDATE,title|description|publisher|year|language,,Oral Tradition & Written Record in Classical Athens,Rosalind Thomas,Oral Tradition and Written Record in Classical Athens,Rosalind Thomas
a0d1ca61-79ae-4d7e-8aef-de82b503c5c8,Das Judentum im deutschen Geschichtsbild von Hegel bis Max Weber,Hans Liebeschütz,,INSERT,,no match found,,,Das Judentum im deutschen Geschichtsbild von Hegel bis Max Weber,Hans Liebeschütz
a0dcb855-851e-41ce-b6b4-7984a2f3c66b,A Grammar of Middle Welsh,Daniel Simon Evans,title+author(exact),UPDATE,title|author|year|language,,A GRAMMAR OF MIDDLE WELSH,D. SIMON EVANS,A Grammar of Middle Welsh,Daniel Simon Evans
a0e6477f-55a2-456a-8039-e4be5b68a357,The Peninsula of Sinai,Giovanna Magi,,INSERT,,no match found,,,The Peninsula of Sinai,Giovanna Magi
a0eaf2c4-408a-45a1-b334-bfa2550b8745,Modern Welsh: A Comprehensive Grammar,Gareth King,,INSERT,,no match found,,,Modern Welsh: A Comprehensive Grammar,Gareth King
a0f61d36-7aa3-4f35-95f0-8927533d2e97,Mathematics Across Cultures,Helaine Selin,,INSERT,,no match found,,,Mathematics Across Cultures,Helaine Selin
a0ff5baf-8d01-4c43-ba56-e6e29dbb6c06,The Day of the Triffids,John Wyndham,,INSERT,,no match found,,,The Day of the Triffids,John Wyndham
a10128d7-4634-4c93-a072-1b2a6e776c9f,The Jewish Encyclopedia,Cyrus Adler,fuzzy(1.000),UPDATE,author|publisher|year|language,,The Jewish Encyclopedia,"Cyrus Adler, Gotthard Deutsch, Louis Ginzberg, et al.",The Jewish Encyclopedia,Cyrus Adler
a1137dad-80de-45b3-b7c5-8c507167976e,Aristofane e la sofistica,Edoardo De Carli,title+author(exact),UPDATE,year|language,,Aristofane e la sofistica,Edoardo De Carli,Aristofane e la sofistica,Edoardo De Carli
a1274479-78e2-4f9b-bb35-76d04ea3244b,Sabbath Chants,Harry Coopersmith,,INSERT,,no match found,,,Sabbath Chants,Harry Coopersmith
a1379b90-42ca-488b-a861-ea58a2c80911,An Essay on Man,Ernst Cassirer,,INSERT,,no match found,,,An Essay on Man,Ernst Cassirer
a13f8991-b696-4620-8f4c-8a4757449af7,Joseph Ibn Kaspi's Gevia' Kesef,Basil F. Herring,,INSERT,,no match found,,,Joseph Ibn Kaspi's Gevia' Kesef,Basil F. Herring
a1503d00-9acf-4d0a-a0c8-5e40e9db16e6,Border-lines,DANIEL BOYARIN,,INSERT,,no match found,,,Border-lines,DANIEL BOYARIN
a161a03b-b4f9-40b0-a3fc-ef31a9ce8da5,Homeri Opera: Odysseae libros XIII-XXIV,Homer,,INSERT,,no match found,,,Homeri Opera: Odysseae libros XIII-XXIV,Homer
a169643d-8b10-4d98-a206-ecd3b06305e8,Principles of Historical Linguistics,Hans Henrich Hock,title+author(exact),UPDATE,description|publisher|year|language,,Principles of Historical Linguistics,Hans Henrich Hock,Principles of Historical Linguistics,Hans Henrich Hock
a16e44ac-adb6-41da-a505-ebcfe6d5d464,"The Holy Greyhound:Guinefort, Healer of Children Since the Thirteenth Century (Trans from French of Guinefort: Guerisseur D'Enfants Depuis Le XIIIe Siecle)[Cambridge Studies in Oral and Literate Culture No 6].",J.C. Schmitt,,INSERT,,no match found,,,"The Holy Greyhound:Guinefort, Healer of Children Since the Thirteenth Century (Trans from French of Guinefort: Guerisseur D'Enfants Depuis Le XIIIe Siecle)[Cambridge Studies in Oral and Literate Culture No 6].",J.C. Schmitt
a172423a-ccb4-4c9c-88f1-0c4af3b670ee,Volkstümliche Geschichte der Juden,H. Graetz,,INSERT,,no match found,,,Volkstümliche Geschichte der Juden,H. Graetz
a18a53b3-2eee-440c-9e90-292a7064c3ca,The Languages of Native North America,Marianne Mithun,,INSERT,,no match found,,,The Languages of Native North America,Marianne Mithun
a18b1606-8c29-4206-91f9-d3cb68c7383c,Judaism Eternal,Samson Raphael Hirsch,,INSERT,,no match found,,,Judaism Eternal,Samson Raphael Hirsch
a193f3c0-7804-47d6-aff9-9c8dfa5447f3,Between God and Man,Abraham Heschel,,INSERT,,no match found,,,Between God and Man,Abraham Heschel
a1a921a7-bd62-4f50-bc31-4b84149c8d8c,Step by Step,Sheila Kogan,,INSERT,,no match found,,,Step by Step,Sheila Kogan
a1b33d9f-0d32-4495-a3fb-f1801e04c2ef,Pre-alphabet Days,Otto F. Ege,,INSERT,,no match found,,,Pre-alphabet Days,Otto F. Ege
a1b51e01-65f4-4330-ad54-08f96f2f02b8,The Silmarillion,J. R. R. Tolkien,title+author(exact),UPDATE,author|description|year|language,,The Silmarillion,J.R.R. Tolkien,The Silmarillion,J. R. R. Tolkien
a1b7559b-b1b4-436c-9c24-5f1d103577a5,Studies in Judeo-Persian Literature,Asmussen,,INSERT,,no match found,,,Studies in Judeo-Persian Literature,Asmussen
a1bbce28-4c29-4f21-96d4-d1f46b99f3e1,A History of Magic and Experimental Science,Lynn Thorndike,,INSERT,,no match found,,,A History of Magic and Experimental Science,Lynn Thorndike
a1c39898-aa4c-499b-bee7-626def71454a,A History of Magic and Experimental Science,Lynn Thorndike,,INSERT,,no match found,,,A History of Magic and Experimental Science,Lynn Thorndike
a1efc8b6-ea8c-4361-a2ac-02f06a1bd0c7,A History of Pentateuchal Traditions,Martin Noth,,INSERT,,no match found,,,A History of Pentateuchal Traditions,Martin Noth
a1f46c8f-85d2-496e-b96a-f1a160579329,Gesammelte Schriften,S. R. Hirsch,,INSERT,,no match found,,,Gesammelte Schriften,S. R. Hirsch
a1f6f4b9-414b-4742-8c30-33d415fa32c9,Burmese-English Dictionary,A Judson,,INSERT,,no match found,,,Burmese-English Dictionary,A Judson
a2173cd9-201a-45f3-92ac-ac542dbb7493,Te wairuatanga o te kanikani Māori,Merenia Gray (Year group unknown.),,INSERT,,no match found,,,Te wairuatanga o te kanikani Māori,Merenia Gray (Year group unknown.)
a21836c5-6e65-4d0a-adf2-35b43b916a7a,A Musical Analysis of Selected Choral Compositions of Jean Berger,Gerald Lynn Moore,,INSERT,,no match found,,,A Musical Analysis of Selected Choral Compositions of Jean Berger,Gerald Lynn Moore
a223629a-f130-4110-83bc-c6fae309983e,The Sacred Chain,Norman F. Cantor,,INSERT,,no match found,,,The Sacred Chain,Norman F. Cantor
a233cf1d-04cb-4389-87aa-6b644100a82e,The Ancient Economy,M. I. Finley,,INSERT,,no match found,,,The Ancient Economy,M. I. Finley
a233f82f-702f-4598-b0e0-f46fb6e9c45b,Rereading The Rabbis,Judith Hauptman,,INSERT,,no match found,,,Rereading The Rabbis,Judith Hauptman
a2398d6f-8daa-4232-ac65-a57db09c17d0,The Cambridge History of Classical Literature,E. J. Kenney; W. V. Clausen,title+author(exact),UPDATE,title|author|description|publisher|year|language,,The Cambridge History of Classical Literature: The Late Republic,Unknown,The Cambridge History of Classical Literature,E. J. Kenney; W. V. Clausen
a23f2ced-dbd5-4fe1-8d95-c17d069a0fa7,T. Livi Ab vrbe condita libri,Livy,,INSERT,,no match found,,,T. Livi Ab vrbe condita libri,Livy
a24657bc-2e2f-42ee-9df9-8a818a45cfdb,Middle Chinese,Edwin G. Pulleyblank,,INSERT,,no match found,,,Middle Chinese,Edwin G. Pulleyblank
a249d5d6-2293-44e4-b5f5-9130c48da538,Interpreting Maimonides,Marvin Fox,,INSERT,,no match found,,,Interpreting Maimonides,Marvin Fox
a249fde5-89ae-419d-88bf-94867c7e1580,Gyöngyvirág,L.K.,,INSERT,,no match found,,,Gyöngyvirág,L.K.
a24d9006-7f3a-4fe5-ad09-274901626ffa,Aristotle,Julius M. E. Moravcsik,,INSERT,,no match found,,,Aristotle,Julius M. E. Moravcsik
a24f4641-6b40-447d-bea7-ff8ef0896106,Comparative Grammar of the Semitic Languages,De Lacy O'Leary,,INSERT,,no match found,,,Comparative Grammar of the Semitic Languages,De Lacy O'Leary
a2600c50-8dbe-4371-a0a9-448a7aabd714,Smith of Wootton Major,J. R. R. Tolkien,title+author(exact),UPDATE,author|description|publisher|year|language,,Smith of Wootton Major,J.R.R. Tolkien,Smith of Wootton Major,J. R. R. Tolkien
a2676577-1ab7-4062-acd4-be617da9436f,Thesaurus Syriacus,Robert Payne Smith,title+author(exact),UPDATE,author|year|language,,Thesaurus Syriacus,Unknown,Thesaurus Syriacus,Robert Payne Smith
a267bfd9-c9e3-4eab-9bcf-75a7049458c1,Pa Chin and His Writings,Olga Lang,,INSERT,,no match found,,,Pa Chin and His Writings,Olga Lang
a26e903f-78d7-415c-a634-4cb41252528c,Old Master Drawings from the Albertina,Unknown,,INSERT,,no match found,,,Old Master Drawings from the Albertina,Unknown
a271c4e5-66f1-4ddf-ab7a-d820fb2e1f68,The Nature of History in Ancient Greece and Rome,Charles W. Fornara,,INSERT,,no match found,,,The Nature of History in Ancient Greece and Rome,Charles W. Fornara
a27b378d-f6e0-47bc-84d5-21f40a9816cf,The Guide of the Perplexed,Moses Maimonides,,INSERT,,no match found,,,The Guide of the Perplexed,Moses Maimonides
a2816e0c-be3d-4952-8b52-11047cc3405a,The Greek Dialects,Carl Darling Buck,,INSERT,,no match found,,,The Greek Dialects,Carl Darling Buck
a28505f2-eaf3-4187-97f6-bfe58694847f,A History Of Russia,Nicholas V. Riasanovsky,,INSERT,,no match found,,,A History Of Russia,Nicholas V. Riasanovsky
a29d7f55-627c-4b62-9229-b9e17312bda8,The Aeneid,Vergil,title+author(exact),UPDATE,title|author|description|publisher|year|language,,THE AENEID,VERGIL,The Aeneid,Vergil
a2a2d19d-e0be-4c52-825f-44200ab006dd,The Presocratics,Edward Hussey,,INSERT,,no match found,,,The Presocratics,Edward Hussey
a2a80fd8-a03f-4087-a826-38e9dc161de3,The Piraeus,Robert Garland,title+author(exact),UPDATE,description|year|language|category_id,,The Piraeus,Robert Garland,The Piraeus,Robert Garland
a2b59e2d-24c3-4b56-a426-d5007505b27c,Time and Process in Ancient Judaism,Sacha Stern,title+author(exact),UPDATE,description|publisher|year|language,,Time and Process in Ancient Judaism,Sacha Stern,Time and Process in Ancient Judaism,Sacha Stern
a2c030b1-9b33-4068-a3b1-c95d633b4382,The Art of Collecting,Diane McManus Jensen,,INSERT,,no match found,,,The Art of Collecting,Diane McManus Jensen
a2c06067-0733-4be3-848a-2011104da66c,"Georgian-English, English-Georgian Dictionary",John J. Torikashvili,,INSERT,,no match found,,,"Georgian-English, English-Georgian Dictionary",John J. Torikashvili
a2cb0127-8e4f-4229-82e3-9afac742c380,"An Anthology of Hazzanic Recitatives for Sabbaths, Festivals and High Holy Days",Hazzan Ben Zion Hoffman,,INSERT,,no match found,,,"An Anthology of Hazzanic Recitatives for Sabbaths, Festivals and High Holy Days",Hazzan Ben Zion Hoffman
a2cd7780-82dd-4a4b-9c71-dfec5d3fb6fd,The Homeric Hymn to Demeter,Nicholas James Richardson,title+author(exact),BLOCKED,,author similarity 0.739 < 0.75,THE HOMERIC HYMN TO DEMETER,N. J. RICHARDSON,The Homeric Hymn to Demeter,Nicholas James Richardson
a2d0aab2-7ee2-4b11-a318-554470e5bbc5,The Annotated Alice,Lewis Carroll; Martin Gardner,,INSERT,,no match found,,,The Annotated Alice,Lewis Carroll; Martin Gardner
a2e3ce2f-eb85-4974-b84b-923543b3b90d,Spirit Possession in Judaism,Matt Goldish,,INSERT,,no match found,,,Spirit Possession in Judaism,Matt Goldish
a2ecced3-0554-4334-8738-a01849e5c0fe,Handbook of Psychotherapy and Jewish Ethics,Moshe HaLevi Spero,,INSERT,,no match found,,,Handbook of Psychotherapy and Jewish Ethics,Moshe HaLevi Spero
a3125833-9b8f-4de9-8ef4-ff4d50445f4b,"A Vocabulary, English, Burmese, Hindustani & Tamil in English Characters, with the Burmese Also in the Native Letters, to which are Added a Few Sentences Likely to be Useful in Daily Life",William Henry Begbie and Abraham Joseph,,INSERT,,no match found,,,"A Vocabulary, English, Burmese, Hindustani & Tamil in English Characters, with the Burmese Also in the Native Letters, to which are Added a Few Sentences Likely to be Useful in Daily Life",William Henry Begbie and Abraham Joseph
a314fafa-5e57-4370-a0d8-d6be4b0d184e,Cataloging Heresy,Bella Hass Weinberg,,INSERT,,no match found,,,Cataloging Heresy,Bella Hass Weinberg
a31e4cd9-64dc-43c7-a3ec-4f8bd506cd6b,Phoenix : the journal of the Classical Association of Canada,Classical Association of Canada,title+author(exact),BLOCKED,,title length ratio 8.29 > 1.5; title similarity 0.824 < 0.92,Phoenix,Classical Association of Canada,Phoenix : the journal of the Classical Association of Canada,Classical Association of Canada
a3207d47-fc3a-4392-b126-cb71453daeeb,Understanding Moral Philosophy,James Rachels,,INSERT,,no match found,,,Understanding Moral Philosophy,James Rachels
a336551d-d811-4dfb-abab-7c987d1fd66b,An elementary Latin dictionary,Charlton T. Lewis,,INSERT,,no match found,,,An elementary Latin dictionary,Charlton T. Lewis
a341b1f2-97d2-456a-b8bc-7649ce0b7c30,Personalities and powers,Sir Lewis Bernstein Namier,,INSERT,,no match found,,,Personalities and powers,Sir Lewis Bernstein Namier
a342171e-22d1-4f9c-a59d-75de57423bd9,Meaning in the Visual Arts,Erwin Panofsky,,INSERT,,no match found,,,Meaning in the Visual Arts,Erwin Panofsky
a34dfae0-a0f6-4b0c-a3a9-7d3cbf865c7d,Elementary Persian Grammar,L. P. Elwell-Sutton,,INSERT,,no match found,,,Elementary Persian Grammar,L. P. Elwell-Sutton
a3685d2b-b415-4099-91fd-eb1a7b5bccaf,The Two Towers,J.R.R. Tolkien,,INSERT,,no match found,,,The Two Towers,J.R.R. Tolkien
a37026e7-21d8-48f8-b82d-4c94535c4858,Phoenix : the journal of the Classical Association of Canada,Classical Association of Canada,title+author(exact),BLOCKED,,title length ratio 8.29 > 1.5; title similarity 0.824 < 0.92,Phoenix,Classical Association of Canada,Phoenix : the journal of the Classical Association of Canada,Classical Association of Canada
a3750d0f-5a3f-47bd-88e0-9b205c4b75e2,Billie Eilish,Nora Gardiner,title+author(exact),BLOCKED,,title length ratio 2.17 > 1.5; title similarity 0.892 < 0.92,Billie,Unknown,Billie Eilish,Nora Gardiner
a38998b7-2e77-4cac-9a7b-ab89295930c1,Harmony,Heinrich Schenker,,INSERT,,no match found,,,Harmony,Heinrich Schenker
a38a68fa-7e3b-4232-9699-325309f34988,Studies in Greek History and Thought,P. A. Brunt,,INSERT,,no match found,,,Studies in Greek History and Thought,P. A. Brunt
a38bc311-b5aa-435d-89d6-da9f9dab35fc,Héraclès ; Les suppliantes ; Ion,Euripide,,INSERT,,no match found,,,Héraclès ; Les suppliantes ; Ion,Euripide
a38f2863-8168-401e-a025-2fe83ee29274,The Old Irish World,Alice Stopford Green,,INSERT,,no match found,,,The Old Irish World,Alice Stopford Green
a39da75c-004a-4335-8cc4-cd0af4bfc938,Phoenix,David Herbert Lawrence,title+author(exact),UPDATE,title|author|year|language,,The Phoenix,Unknown,Phoenix,David Herbert Lawrence
a3a4e970-c20d-46fd-b33c-4c2feeed6b68,'n Wysgerige ondersoek na die probleem van persvryheid,Diederik Johannes Hattingh (Publisher unknown.),title+author(exact),BLOCKED,,title length ratio 53.00 > 1.5; title similarity 0.706 < 0.92,N.,Unknown,'n Wysgerige ondersoek na die probleem van persvryheid,Diederik Johannes Hattingh (Publisher unknown.)
a3ab3baf-1921-4e71-9d1e-f1385eb39b48,What Is A Jew?,Rabbi Morris N. Kertzer,title+author(exact),UPDATE,title|description|publisher|year|language|category_id,,What Is a Jew?,Rabbi Morris N. Kertzer,What Is A Jew?,Rabbi Morris N. Kertzer
a3acad26-b82b-4da7-bfec-e858c0f7eece,The Penguin Dictionary of Computers,Anthony Chandor; John Graham; Robin Williamson,,INSERT,,no match found,,,The Penguin Dictionary of Computers,Anthony Chandor; John Graham; Robin Williamson
a3b1f9f0-13fb-4462-91c8-3a5105294833,The Valley of Fear,Sir Arthur Conan Doyle,,INSERT,,no match found,,,The Valley of Fear,Sir Arthur Conan Doyle
a3bc8305-b67d-433d-8ca4-a16714791bdb,The Autobiography of Lincoln Steffens,Lincoln Steffens,,INSERT,,no match found,,,The Autobiography of Lincoln Steffens,Lincoln Steffens
a3ca3a80-2216-47f9-a3ad-3b87c1bd07a1,Great Writing 5,Keith S. Folse; Tison Pugh,title+author(exact),BLOCKED,,title similarity 0.769 < 0.92; author similarity 0.389 < 0.75,On Great Writing,Longinus,Great Writing 5,Keith S. Folse; Tison Pugh
a3cf7416-790c-445c-b22b-825737f45b95,The Lonely Crowd,David Riesman,,INSERT,,no match found,,,The Lonely Crowd,David Riesman
a3df5006-516b-43f6-89f0-d87e5e814f10,Omer,Karyn D. Kedar,,INSERT,,no match found,,,Omer,Karyn D. Kedar
a3e0a4bd-7708-4f7c-a257-12310f32ce9c,Zur Datierung attischer Inschriften,Emanuel Loewy,,INSERT,,no match found,,,Zur Datierung attischer Inschriften,Emanuel Loewy
a4076b3a-802d-4c51-82c3-f53bd54d1873,Die [metabolē] (variatio) als Stilprinzip des Thukydides,Jan Ros,,INSERT,,no match found,,,Die [metabolē] (variatio) als Stilprinzip des Thukydides,Jan Ros
a410ef02-cfdb-4ba8-ad36-d2ea3f0e5930,The Slave Systems of Greek and Roman Antiquity,William Linn Westermann,,INSERT,,no match found,,,The Slave Systems of Greek and Roman Antiquity,William Linn Westermann
a42598b9-154f-4a13-8a7c-7266cf3cc503,Phoenix : the journal of the Classical Association of Canada,Classical Association of Canada,title+author(exact),BLOCKED,,title length ratio 8.29 > 1.5; title similarity 0.824 < 0.92,Phoenix,Classical Association of Canada,Phoenix : the journal of the Classical Association of Canada,Classical Association of Canada
a426e27d-522e-47ee-abcc-823454bc3ea9,A Social and Economic History of Britain,Pauline Gregg,,INSERT,,no match found,,,A Social and Economic History of Britain,Pauline Gregg
a42f6157-4960-4572-87d3-689b32c7dd51,The Mystics Of Islam,Reynold a Nicholson,,INSERT,,no match found,,,The Mystics Of Islam,Reynold a Nicholson
a43ddea5-074a-41e4-aeea-c90c7d7d091d,Data Processing,San Antonio College. Data Processing Department,,INSERT,,no match found,,,Data Processing,San Antonio College. Data Processing Department
a43eac4e-055b-40fa-9ed8-eaa2ab0486cc,The Spirit of the Ghetto. Studies of the Jewish Quarter of New York by Hutchins Hapgood with Drawings from Life by Jacob Epstein,Hutchins Hapgood; Jacob Epstein; Harry Golden,,INSERT,,no match found,,,The Spirit of the Ghetto. Studies of the Jewish Quarter of New York by Hutchins Hapgood with Drawings from Life by Jacob Epstein,Hutchins Hapgood; Jacob Epstein; Harry Golden
a442d84c-edab-4e75-b1f5-65f98d23a15e,Geschichte deutscher Nationalität,Wilhelm Wachsmuth,,INSERT,,no match found,,,Geschichte deutscher Nationalität,Wilhelm Wachsmuth
a44809a7-086e-4515-8eab-ec78549a8907,Das Buch Samuel,Dr. B. Wolf,,INSERT,,no match found,,,Das Buch Samuel,Dr. B. Wolf
a4493c73-eed5-420c-9e1e-4fa168684f09,The Thirteenth Tribe,Arthur Koestler,,INSERT,,no match found,,,The Thirteenth Tribe,Arthur Koestler
a4518cd4-5133-41d5-a792-f195f1e8fb36,Titus Livius: T. Livii Ab Urbe Condita Libri. Pars 3,Titus Livius,,INSERT,,no match found,,,Titus Livius: T. Livii Ab Urbe Condita Libri. Pars 3,Titus Livius
a4534628-4aa0-40a4-9262-db16ee42e33c,In Ishmael's House,Martin Gilbert,,INSERT,,no match found,,,In Ishmael's House,Martin Gilbert
a453a47e-3151-48f3-bd96-7e738c35e87c,The Unbroken Chain,Neil Rosenstein,,INSERT,,no match found,,,The Unbroken Chain,Neil Rosenstein
a47ec87a-a94a-4f85-9b1e-f4fa7c747005,Law and the Noahides,Naḥum Raḳover,,INSERT,,no match found,,,Law and the Noahides,Naḥum Raḳover
a48df1b2-e993-4a26-9d65-f28f2e1e2bb0,The Vatican Museums,Carlo Pietrangeli,,INSERT,,no match found,,,The Vatican Museums,Carlo Pietrangeli
a490e499-e55a-49e7-a7ae-5911af96a84c,Genealogical Gazetteer for the Kingdom of Hungary,Jordan Auslander,,INSERT,,no match found,,,Genealogical Gazetteer for the Kingdom of Hungary,Jordan Auslander
a4960eff-6d53-40a0-868d-ee80e9533051,History of Greece,George Grote,fuzzy(0.926),BLOCKED,,author similarity 0.517 < 0.75,A HISTORY OF ROME,ARTHUR E. R. BOAK,History of Greece,George Grote
a497edf9-296b-4843-b606-59507b8488da,Fundamental Problems in the Philosophy of Science,Charles Richard Whelan,,INSERT,,no match found,,,Fundamental Problems in the Philosophy of Science,Charles Richard Whelan
a4989a16-2438-4327-a31e-ae53b25e6871,Bantu Phonology and Morphology,Francis Katamba,,INSERT,,no match found,,,Bantu Phonology and Morphology,Francis Katamba
a49fe08f-f7de-4ec9-8688-25bb991ada52,The Acharnians of Aristophanes,Aristophanes,,INSERT,,no match found,,,The Acharnians of Aristophanes,Aristophanes
a4a279c4-692d-4a4d-bbfd-b100b2a93b96,"A history of political thought, The middle ages",Walter Ullmann,,INSERT,,no match found,,,"A history of political thought, The middle ages",Walter Ullmann
a4a832cd-6107-4928-91a8-0fac646bd8f4,The Cambridge Companion to Hobbes,Tom Sorell,,INSERT,,no match found,,,The Cambridge Companion to Hobbes,Tom Sorell
a4b7da85-a136-40a5-9a5a-1448cf99c4a3,The Penguin Book of Lieder,Siegbert Salomon Prawer,,INSERT,,no match found,,,The Penguin Book of Lieder,Siegbert Salomon Prawer
a4c586d3-a15e-410f-879b-79cd0585db8f,Essays on the Greek Historians and Greek History,Henry Dickinson Westlake,title+author(exact),BLOCKED,,author similarity 0.555 < 0.75,Essays on the Greek Historians and Greek History,H.D. Westlake,Essays on the Greek Historians and Greek History,Henry Dickinson Westlake
a4cdf273-a4a5-47bc-ac97-99751d850249,Garibaldi and His Enemies,Christopher Hibbert,,INSERT,,no match found,,,Garibaldi and His Enemies,Christopher Hibbert
a4d35890-fa01-45d1-aea8-eaf31fecc015,The Banner of Truth,Moshe Chayim Luzzatto,,INSERT,,no match found,,,The Banner of Truth,Moshe Chayim Luzzatto
a4ecfff8-73cb-40a8-a396-b9e586557282,Phoenix : the journal of the Classical Association of Canada,Classical Association of Canada,title+author(exact),BLOCKED,,title length ratio 8.29 > 1.5; title similarity 0.824 < 0.92,Phoenix,Classical Association of Canada,Phoenix : the journal of the Classical Association of Canada,Classical Association of Canada
a4f77811-8483-4f7f-bb86-3acd043eb0f9,Nave's Topical Bible: a Digest of the Holy Scriptures,Orville James Nave,,INSERT,,no match found,,,Nave's Topical Bible: a Digest of the Holy Scriptures,Orville James Nave
a507f78d-f10d-4880-b7de-275bb2a1ad93,Romances of Alexandre Dumas,Alexandre Dumas,,INSERT,,no match found,,,Romances of Alexandre Dumas,Alexandre Dumas
a52cf5b6-3cf4-46c3-9bb7-a60243b8f367,"Gedenkausgabe der Werke, Briefe und Gespräche. 28. August 1949. Herausgegeben von Ernst Beutler. [With portraits.].",Johann Wolfgang von Goethe; Ernst Beutler,title+author(exact),BLOCKED,,title length ratio 2.41 > 1.5; title similarity 0.883 < 0.92,"GEDENKAUSGABE DER WERKE, BRIEFE UND GESPRÄCHE","JOHANN WOLFGANG GOETHE, ERNST BEUTLER","Gedenkausgabe der Werke, Briefe und Gespräche. 28. August 1949. Herausgegeben von Ernst Beutler. [With portraits.].",Johann Wolfgang von Goethe; Ernst Beutler
a543e010-475d-425c-af78-e70716877d5f,Bibliography on Smoking and Health,United States. Health Services and Mental Health Administration,,INSERT,,no match found,,,Bibliography on Smoking and Health,United States. Health Services and Mental Health Administration
a54f6b24-10a7-43ef-bbbc-faac77face38,The Man Who Mistook His Wife for a Hat,Oliver Sacks,title+author(exact),UPDATE,title|description|publisher|year|language,,The Man Who Mistook His Wife For a Hat,Oliver Sacks,The Man Who Mistook His Wife for a Hat,Oliver Sacks
a55848fa-6396-4693-857f-9d1e76fba37a,"The Iranian triangle, the secret relations between Israel-Iran-U.S.A",Samuel Segev,,INSERT,,no match found,,,"The Iranian triangle, the secret relations between Israel-Iran-U.S.A",Samuel Segev
a55b929e-c164-409b-a723-d39c1dd4cae2,Tales of the Gypsy Dressmaker,Thelma Madine,,INSERT,,no match found,,,Tales of the Gypsy Dressmaker,Thelma Madine
a55f385e-45fb-4422-a439-52c044f0276a,The Journal of Hellenic Studies,"Society for the Promotion of Hellenic Studies (London, England)",,INSERT,,no match found,,,The Journal of Hellenic Studies,"Society for the Promotion of Hellenic Studies (London, England)"
a570c28b-861d-4d6e-82b3-9c6734eed3e2,"Précis of ""The Foundations of Psychoanalysis: a Philosophical Critique""",Adolf Grünbaum,,INSERT,,no match found,,,"Précis of ""The Foundations of Psychoanalysis: a Philosophical Critique""",Adolf Grünbaum
a58809d9-b90e-45f6-a830-2741ebc7bcd4,"Cicero, the Ascending Years",Thomas N. Mitchell,,INSERT,,no match found,,,"Cicero, the Ascending Years",Thomas N. Mitchell
a594cbdd-79fe-4057-b626-a5922889f9fa,The Cheese and the Worms,Carlo Ginzburg,,INSERT,,no match found,,,The Cheese and the Worms,Carlo Ginzburg
a5a6fbe9-f0f6-4ad4-a519-bb7a0353d3c0,A History of Hypnotism,Alan Gauld,,INSERT,,no match found,,,A History of Hypnotism,Alan Gauld
a5c2f191-375a-4828-b318-3f31175cd2a8,Atharva-Veda Samhita; Translated with a Critical and Exegetical Commentary by William Dwight Whitney. Revised and Brought Nearer to Completion and Edited by Charles Rockwell Lanman;,William Dwight Whitney; Charles Rockwell Lanman,title+author(exact),BLOCKED,,title length ratio 8.90 > 1.5; title similarity 0.822 < 0.92,Atharva-Veda-Samhita,"William Dwight Whitney, Charles Rockwell Lanman",Atharva-Veda Samhita; Translated with a Critical and Exegetical Commentary by William Dwight Whitney. Revised and Brought Nearer to Completion and Edited by Charles Rockwell Lanman;,William Dwight Whitney; Charles Rockwell Lanman
a5df2b97-136e-4514-b542-d9ea7818ed4c,The Measures of Praise,Glenn W. Most,,INSERT,,no match found,,,The Measures of Praise,Glenn W. Most
a5efae68-5329-4a53-ab41-18d14d539fb3,A Course in Modern Western Armenian,Thomas J. Samuelian,,INSERT,,no match found,,,A Course in Modern Western Armenian,Thomas J. Samuelian
a5fcacd5-53b6-4772-9507-72d09a7afe97,The Rise and Fall of the Judaean State,Solomon Zeitlin,,INSERT,,no match found,,,The Rise and Fall of the Judaean State,Solomon Zeitlin
a603c757-9e93-43e6-a15e-824d12b9f134,Gorgias,Plato,,INSERT,,no match found,,,Gorgias,Plato
a608a6bd-efd3-4370-840c-3aabe36d69fe,Hebrew and Babylonian Traditions,"Morris Jastrow, Jr.",title+author(exact),UPDATE,description|publisher|year|language,,Hebrew and Babylonian Traditions,"Morris Jastrow, Jr.",Hebrew and Babylonian Traditions,"Morris Jastrow, Jr."
a615c964-1ce5-4a63-99e3-72a7827d48c3,Art and Experience in Classical Greece,J.J. Pollitt,,INSERT,,no match found,,,Art and Experience in Classical Greece,J.J. Pollitt
a61ef5b4-e228-4cd7-aae0-fab85143cd87,The Divine Comedy of Dante Alighieri,Dante Alighieri,,INSERT,,no match found,,,The Divine Comedy of Dante Alighieri,Dante Alighieri
a637a1be-8932-40ed-8b4e-04fb563a9873,Rome the Picturesque,Leonardo B. Dal Maso; Antonio Venditti; Ettore Roesler Franz,,INSERT,,no match found,,,Rome the Picturesque,Leonardo B. Dal Maso; Antonio Venditti; Ettore Roesler Franz
a64bd30d-69d6-4584-baf0-2fd03e84dcf5,A Dictionary of Jewish Surnames from the Russian Empire,Alexander Beider,,INSERT,,no match found,,,A Dictionary of Jewish Surnames from the Russian Empire,Alexander Beider
a6532965-a33f-4243-a100-fa12f34d0a5b,Mahāyāna Buddhism,Paul Williams,,INSERT,,no match found,,,Mahāyāna Buddhism,Paul Williams
a662a71a-c9f7-4d8d-95d5-09ce6eeb611a,"Les Juifs, la mémoire et le présent",Pierre Vidal-Naquet,,INSERT,,no match found,,,"Les Juifs, la mémoire et le présent",Pierre Vidal-Naquet
a662b608-2ed6-40f3-812e-a314f556f97b,The Journal of Hellenic Studies,"Society for the Promotion of Hellenic Studies (London, England)",,INSERT,,no match found,,,The Journal of Hellenic Studies,"Society for the Promotion of Hellenic Studies (London, England)"
a667d61f-e846-44da-9665-a631df0610cc,Aristotle On Poetics,Aristotle; Michael Davis,,INSERT,,no match found,,,Aristotle On Poetics,Aristotle; Michael Davis
a66c6837-68b9-41d4-92e4-4ec49a51e851,The Complete Works of William Shakespeare,William Shakespeare,,INSERT,,no match found,,,The Complete Works of William Shakespeare,William Shakespeare
a66e3721-0154-427f-a1b4-a10237a645a8,"Homer, the Bible, and Beyond",M. Finkelberg & G.G. Stroumsa,,INSERT,,no match found,,,"Homer, the Bible, and Beyond",M. Finkelberg & G.G. Stroumsa
a68c022c-70cc-4fe4-9073-49d76814fd38,Buddhist Hybrid Sanskrit Grammar and Dictionary,Franklin Edgerton,,INSERT,,no match found,,,Buddhist Hybrid Sanskrit Grammar and Dictionary,Franklin Edgerton
a6942e72-844f-488e-8ac8-8e7514ee7e1d,Spartan Law,Douglas Maurice MacDowell,title+author(exact),BLOCKED,,author similarity 0.616 < 0.75,Spartan Law,D.M. MacDowell,Spartan Law,Douglas Maurice MacDowell
a6943323-1cd2-4280-b72d-8fd5a5b64881,Requiem,Rainer Maria Rilke,title+author(exact),UPDATE,title|year|language,,REQUIEM,Rainer Maria Rilke,Requiem,Rainer Maria Rilke
a6950581-d505-4565-ab8d-c338d6c2746f,Samsad English-Bengali Dictionary,Subodh Chandra Sen Gupta,,INSERT,,no match found,,,Samsad English-Bengali Dictionary,Subodh Chandra Sen Gupta
a697d327-1772-48d9-b8d6-e3b80867e6c9,Scribes and Schools,Philip R. Davies,,INSERT,,no match found,,,Scribes and Schools,Philip R. Davies
a697d657-d6c7-4090-84a1-c9c476f4539a,The Black Girl in Search of God and Some Lesser Tales,Bernard Shaw,,INSERT,,no match found,,,The Black Girl in Search of God and Some Lesser Tales,Bernard Shaw
a6a419e1-8b87-4a59-a1da-5459768d4318,The Treasure of the Incas,George Alfred Henty,,INSERT,,no match found,,,The Treasure of the Incas,George Alfred Henty
a6aaf18c-5bb3-4ecf-b187-5aaafed5b230,Law and Order?.,The Walker Report,,INSERT,,no match found,,,Law and Order?.,The Walker Report
a6b0e93f-8131-46b0-9113-89d4c8945a0b,Interpolation in Thucydides,Karl Maurer,,INSERT,,no match found,,,Interpolation in Thucydides,Karl Maurer
a6b22bed-f7b6-4bdd-912f-e76e18601c30,The Gallows Songs,Christian Morgenstern,,INSERT,,no match found,,,The Gallows Songs,Christian Morgenstern
a6b9c4ab-fd22-41f2-86ef-964f2abaf245,The Savage Mind,Claude Lévi-Strauss,,INSERT,,no match found,,,The Savage Mind,Claude Lévi-Strauss
a6bd314d-8cdd-4d62-aadd-212e056dda43,Philo,F H Colson; G H Whitaker,,INSERT,,no match found,,,Philo,F H Colson; G H Whitaker
a6be28de-44dc-45f3-9c15-d91f6e56ec68,Gateway to Happiness,Zelig Pliskin,title+author(exact),UPDATE,title|description|year|language,,GATEWAY to HAPPINESS,Zelig Pliskin,Gateway to Happiness,Zelig Pliskin
a6c3fb07-fed1-4748-905b-1b66e716f950,An introduction to the bible,Stanley Cook,title+author(exact),UPDATE,title|author|year|language,,An Introduction to the Bible,STANLEY COOK,An introduction to the bible,Stanley Cook
a6c9da41-4de0-45b5-a095-4421a23673a6,Suicide in Rabbinic Literature,Sidney Goldstein,,INSERT,,no match found,,,Suicide in Rabbinic Literature,Sidney Goldstein
a6d24c09-f2fe-455e-b0e5-98dec2f1b6d4,The Waning of the Middle Ages,J Huizinga,,INSERT,,no match found,,,The Waning of the Middle Ages,J Huizinga
a6da3fd0-6882-476d-af79-c7105c017931,A Simplified Grammar and Reading Book of the Panjabi Language,William St. Clair Tisdall,title+author(exact),UPDATE,year|language,,A Simplified Grammar and Reading Book of the Panjabi Language,William St. Clair Tisdall,A Simplified Grammar and Reading Book of the Panjabi Language,William St. Clair Tisdall
a6e214f5-2bd2-4da9-b8d4-c2f26b9357e3,"""Our Famous Guest""",Carl Richard Dolmetsch,,INSERT,,no match found,,,"""Our Famous Guest""",Carl Richard Dolmetsch
a6e7b2d0-b985-4fcf-9468-966c27c8e970,New Perspectives on Sport Volunteerism,Berit Skirstad; Alison Doherty; Vassil Girginov,,INSERT,,no match found,,,New Perspectives on Sport Volunteerism,Berit Skirstad; Alison Doherty; Vassil Girginov
a6eb5898-9177-4193-859e-836f98e69a97,Sexti Properti Carmina,Sextus Propertius,,INSERT,,no match found,,,Sexti Properti Carmina,Sextus Propertius
a6f524df-3e8f-4e24-b5c5-140c2f95d7e2,Opera,Homer; David Binning Monro; Thomas William Allen,title+author(exact),BLOCKED,,title length ratio 2.40 > 1.5; title similarity 0.617 < 0.92; author similarity 0.712 < 0.75,Homeri Opera,David B. Munro et Thomas W. Allen,Opera,Homer; David Binning Monro; Thomas William Allen
a6f7b1c3-c501-45e7-8daa-ceacd13d836e,Isaac Abarbanel's Stance Toward Tradition,Eric Lawee,,INSERT,,no match found,,,Isaac Abarbanel's Stance Toward Tradition,Eric Lawee
a716ff35-132d-41b7-baaf-7a37b97bd263,Jewish Music in Its Historical Development,Abraham Z. Idelsohn,,INSERT,,no match found,,,Jewish Music in Its Historical Development,Abraham Z. Idelsohn
a71fa8fa-2b4d-4aea-9551-c1aba18da72a,Clara Schumann,Nancy B. Reich,,INSERT,,no match found,,,Clara Schumann,Nancy B. Reich
a727baef-347d-485f-95d7-3c75f8909be9,The Cambridge Companion to German Idealism,Karl Ameriks,,INSERT,,no match found,,,The Cambridge Companion to German Idealism,Karl Ameriks
a755c2bb-99c8-4fc2-a3a2-57575bb0ca9c,The Journal of Jewish Studies,Association for Jewish Studies,,INSERT,,no match found,,,The Journal of Jewish Studies,Association for Jewish Studies
a75de087-64ee-4f27-9fbd-8d2e1a37828b,Venture Into Greece,Nicholas Geoffrey Lemprière Hammond,,INSERT,,no match found,,,Venture Into Greece,Nicholas Geoffrey Lemprière Hammond
a7786767-4dcd-48be-a4cf-1dfc5d487953,"Gedenkausgabe der Werke, Briefe und Gespräche",Johann Wolfgang von Goethe,title+author(exact),UPDATE,title|author|year|language,,"GEDENKAUSGABE DER WERKE, BRIEFE UND GESPRÄCHE",JOHANN WOLFGANG GOETHE,"Gedenkausgabe der Werke, Briefe und Gespräche",Johann Wolfgang von Goethe
a77924dd-f728-46b8-8197-7e60a810d02f,A Dictionary of Greek and Roman Biography and Mythology,William Smith,title+author(exact),UPDATE,title|year|language,,A DICTIONARY OF GREEK AND ROMAN BIOGRAPHY AND MYTHOLOGY,William Smith,A Dictionary of Greek and Roman Biography and Mythology,William Smith
a78808b5-6c26-4877-8885-1a27f5350e28,The Sufi Orders in Islam,J. Spencer Trimingham,,INSERT,,no match found,,,The Sufi Orders in Islam,J. Spencer Trimingham
a7a07921-fd27-47e3-8639-e54d51404c1e,"The Rhetoric of Aristotle, with an Commentary by the Late Edward Meredith Cope ... Revised and Edited for the Syndics of the University Press by John Edwin Sandys",Edward Meredith Cope; John Edwin Sandys; Aristotle Aristotle,,INSERT,,no match found,,,"The Rhetoric of Aristotle, with an Commentary by the Late Edward Meredith Cope ... Revised and Edited for the Syndics of the University Press by John Edwin Sandys",Edward Meredith Cope; John Edwin Sandys; Aristotle Aristotle
a7a706f4-098e-4f3e-ac67-6b3689e69426,Nonprint Cataloging for Multimedia Collections,JoAnn V. Rogers; Jerry D. Saye,,INSERT,,no match found,,,Nonprint Cataloging for Multimedia Collections,JoAnn V. Rogers; Jerry D. Saye
a7aa50e9-7353-485b-8471-04e3d35496ad,Plato's law of slavery,Glenn R. Morrow,,INSERT,,no match found,,,Plato's law of slavery,Glenn R. Morrow
a7c491df-6302-43ac-8c6f-e926a22b3e6a,Bobby Fischer Teaches Chess,Bobby Fischer; Stuart Margulies; Donn Mosenfelder,,INSERT,,no match found,,,Bobby Fischer Teaches Chess,Bobby Fischer; Stuart Margulies; Donn Mosenfelder
a7c79468-542d-4c4b-83d4-659c7bce3358,Medicine in the Mishneh Torah of Maimonides,Fred Rosner,,INSERT,,no match found,,,Medicine in the Mishneh Torah of Maimonides,Fred Rosner
a7ca149a-163f-4501-a9ef-2ab02afffc2b,Englanti-suomi sanakirja,Ilkka Rekiaro,,INSERT,,no match found,,,Englanti-suomi sanakirja,Ilkka Rekiaro
a7d87dd9-5e9b-43f6-ad74-e8b33675b3c7,Course in General Linguistics,F. de Saussure,title+author(exact),UPDATE,year|language,,Course in General Linguistics,F. de Saussure,Course in General Linguistics,F. de Saussure
a7dee745-bc3f-4e62-b4f4-ca400626b186,A Guide to Jewish Religious Practice,Isaac Klein,,INSERT,,no match found,,,A Guide to Jewish Religious Practice,Isaac Klein
a7e15dd6-115f-4ec5-867c-de3185ae4cd6,Salamone Rossi,Don Harrán,,INSERT,,no match found,,,Salamone Rossi,Don Harrán
a7e597f2-a05d-461d-91af-1bd4db7243fa,A Sourcebook in Indian Philosophy,Sarvepalli Radhakrishnan; Charles A. Moore,title+author(exact),UPDATE,author|description|publisher|year|language|category_id,,A Sourcebook in Indian Philosophy,Sarvepalli Radhakrishnan and Charles A. Moore,A Sourcebook in Indian Philosophy,Sarvepalli Radhakrishnan; Charles A. Moore
a7ff64c0-c938-416f-82c3-b81aa4005d34,The Dead Sea Scriptures,Theodor H. Gaster,,INSERT,,no match found,,,The Dead Sea Scriptures,Theodor H. Gaster
a8520fa6-8a04-4368-bb7d-6e08ce0a7d1f,Cellists Favorite Contest Album,Franklin Collier,,INSERT,,no match found,,,Cellists Favorite Contest Album,Franklin Collier
a856fe3e-bbea-4cfc-a846-4ffa0a342a20,Encyclopedia of the Dead Sea Scrolls,Lawrence H. Schiffman,,INSERT,,no match found,,,Encyclopedia of the Dead Sea Scrolls,Lawrence H. Schiffman
a889be0c-299d-49ff-b323-2d3a6ba351ea,Phoenix : the journal of the Classical Association of Canada,Classical Association of Canada,title+author(exact),BLOCKED,,title length ratio 8.29 > 1.5; title similarity 0.824 < 0.92,Phoenix,Classical Association of Canada,Phoenix : the journal of the Classical Association of Canada,Classical Association of Canada
a8a08f85-45c6-40e3-9aa6-813b8dd4eaca,Mongols and Mamluks,Reuven Amitai-Preiss,,INSERT,,no match found,,,Mongols and Mamluks,Reuven Amitai-Preiss
a8a25a79-da91-4035-9bdb-2b658927d956,Shamanism,Margaret Stutley,title+author(exact),BLOCKED,,author similarity 0.641 < 0.75,Shamanism,Mircea Eliade,Shamanism,Margaret Stutley
a8ade7c2-bd40-4f81-aecd-179cd742609b,Studies in Judaica: Scholarship on Philo and Josephus (1937-1962).,Louis H. Feldman,,INSERT,,no match found,,,Studies in Judaica: Scholarship on Philo and Josephus (1937-1962).,Louis H. Feldman
a8b1b92c-8405-42cd-b143-65d73b11322e,Illustrated Books,"Lucien Goldschmidt, Inc",,INSERT,,no match found,,,Illustrated Books,"Lucien Goldschmidt, Inc"
a8b2aa62-d297-4874-a8ff-cd8944ff9d45,Prophecy Continuous,Yohanan Friedmann,,INSERT,,no match found,,,Prophecy Continuous,Yohanan Friedmann
a8b4ec2b-ac6e-4c63-9694-052136fcb9ba,The Theory of the Leisure Class,Thorstein Veblen,,INSERT,,no match found,,,The Theory of the Leisure Class,Thorstein Veblen
a8c715fc-ce74-47d6-9ade-59ef55dcaa18,"When I Say No, I Feel Guilty",Manuel J. Smith,,INSERT,,no match found,,,"When I Say No, I Feel Guilty",Manuel J. Smith
a8ccfbe7-6bef-4852-8c50-f23907511ae8,An Introduction to Ancient Greek,Cecelia Eaton Luschnig; Deborah Mitchell,,INSERT,,no match found,,,An Introduction to Ancient Greek,Cecelia Eaton Luschnig; Deborah Mitchell
a8d91090-de25-42e1-894e-501697df2561,Patriot-improvers,Whitfield J. Bell (Jr.),,INSERT,,no match found,,,Patriot-improvers,Whitfield J. Bell (Jr.)
a8e0d910-2e0e-4ffa-be65-c5ec5a63a1da,Rvdens,Titus Maccius Plautus,fuzzy(1.000),BLOCKED,,author similarity 0.719 < 0.75,RVDENS,T. MACCI PLAV TI,Rvdens,Titus Maccius Plautus
a8e2d373-62be-4ce4-905e-a8df07d5777f,Sextus Empiricus,Luciano Floridi,,INSERT,,no match found,,,Sextus Empiricus,Luciano Floridi
a8ec3845-4f34-4a37-98c4-a71c8e9214f6,"Novo dicionário da língua portuguesa e inglesa enriquecido com os termos técnicos do comércio e da indústria, das ciências e das artes e da linguagem familiar",H. Michaelis,title+author(exact),BLOCKED,,title length ratio 3.41 > 1.5; title similarity 0.859 < 0.92,NOVO DICIONÁRIO DA LÍNGUA PORTUGUESA E INGLESA,H. Michaelis,"Novo dicionário da língua portuguesa e inglesa enriquecido com os termos técnicos do comércio e da indústria, das ciências e das artes e da linguagem familiar",H. Michaelis
a8fed39e-8e4b-4f15-87f2-186ed7ebd07c,Sonata in D minor,Julius Chajes,,INSERT,,no match found,,,Sonata in D minor,Julius Chajes
a91409bf-c8ed-474c-92b4-cb3e7f80c91e,From Failure to Success,Martin Meadows,,INSERT,,no match found,,,From Failure to Success,Martin Meadows
a91a9124-e8b2-4e67-9b6d-34a6fdba28a0,The Hobbit,J.R.R. Tolkien,title+author(exact),UPDATE,description|publisher|year|language,,The Hobbit,J.R.R. Tolkien,The Hobbit,J.R.R. Tolkien
a91cdea8-eec4-4001-9bc2-d93aaeeb912c,Alexander Nevsky,Sergey Prokofiev,,INSERT,,no match found,,,Alexander Nevsky,Sergey Prokofiev
a960667b-e763-4ab2-b91e-f3cb70f6894f,The Phoenix Project,Gene Kim; Kevin Behr; George Spafford,title+author(exact),BLOCKED,,title length ratio 2.14 > 1.5; title similarity 0.893 < 0.92,The Phoenix,Unknown,The Phoenix Project,Gene Kim; Kevin Behr; George Spafford
a9609247-2514-4d49-9c39-ab638583eed9,Akkadian chrestomathy,Franz M. Th Böhl,,INSERT,,no match found,,,Akkadian chrestomathy,Franz M. Th Böhl
a96570fd-f9ac-473f-a71e-c28b57e85961,Philosophical Papers,Imre Lakatos,,INSERT,,no match found,,,Philosophical Papers,Imre Lakatos
a97ae0ee-50ec-4e35-8473-821c09249fb4,The Letters of Christ,Charles Brown,,INSERT,,no match found,,,The Letters of Christ,Charles Brown
a988f43f-41a7-4da1-8082-351fcb7a88f2,"The Gods of the Egyptians; Or, Studies in Egyptian Mythology; Volume 2",E. A. Wallis Budge,,INSERT,,no match found,,,"The Gods of the Egyptians; Or, Studies in Egyptian Mythology; Volume 2",E. A. Wallis Budge
a98da983-c607-4e06-baa1-9e8a2afa3cab,"Three Shakespeare Songs, Op. 6. Set 1. Piano/Vocal",R. Quilter,,INSERT,,no match found,,,"Three Shakespeare Songs, Op. 6. Set 1. Piano/Vocal",R. Quilter
a9a9a3d1-e624-42cc-8b65-3ee2759957dd,Maimonides' Confrontation with Mysticism,Menachem Kellner,,INSERT,,no match found,,,Maimonides' Confrontation with Mysticism,Menachem Kellner
a9af8ff2-ad52-4f72-9d8a-b191cd832e50,Norton Anthology of Western Music,Claude V. Palisca,,INSERT,,no match found,,,Norton Anthology of Western Music,Claude V. Palisca
a9b40b55-a67d-4e2f-888f-778a620a68a0,Al-Qur'an,Ahmed Ali,,INSERT,,no match found,,,Al-Qur'an,Ahmed Ali
a9ba5977-9f84-4ce5-8a6d-8276c90334f6,Mulla Sadra and Metaphysics,Sajjad H. Rizvi,,INSERT,,no match found,,,Mulla Sadra and Metaphysics,Sajjad H. Rizvi
a9bb9c71-3179-4572-9ae1-74b88594d7cc,"The History of the Musar Movement, 1840-1945",Lester Samuel Eckman,,INSERT,,no match found,,,"The History of the Musar Movement, 1840-1945",Lester Samuel Eckman
a9c0e31f-6bb5-4704-bf87-b3fa48a4a549,Theognis of Megara,Thomas J. Figueira; Gregory Nagy,title+author(exact),UPDATE,title|author|year|language,,THEOGNIS OF MEGARA,Thomas J. Figueira and Gregory Nagy,Theognis of Megara,Thomas J. Figueira; Gregory Nagy
a9c7e1a7-da7e-4976-a127-0c8a94cfe784,Schlussgebet für Jom-Kippur,David Nowakowsky,,INSERT,,no match found,,,Schlussgebet für Jom-Kippur,David Nowakowsky
a9f37cd2-50bc-49dc-8b30-98c69bad5974,Phoenix : the journal of the Classical Association of Canada,Classical Association of Canada,title+author(exact),BLOCKED,,title length ratio 8.29 > 1.5; title similarity 0.824 < 0.92,Phoenix,Classical Association of Canada,Phoenix : the journal of the Classical Association of Canada,Classical Association of Canada
aa0ac6b8-cf14-430d-8ee7-c0a38ec87750,"Jeschurun Monatsschrift für Lehre und Leben im Judentum, 1917, Vol. 4 (Classic Reprint)",J. Wohlgemuth,,INSERT,,no match found,,,"Jeschurun Monatsschrift für Lehre und Leben im Judentum, 1917, Vol. 4 (Classic Reprint)",J. Wohlgemuth
aa0d53b6-efae-4268-92f2-aa228c82d27a,History of Islamic Philosophy,Seyyed Hossein Nasr,,INSERT,,no match found,,,History of Islamic Philosophy,Seyyed Hossein Nasr
aa0f0b9c-7940-44c7-bc08-e51f6e2006aa,"Litterae Judaeorum in Terra Hispanica : proceedings of the Jerusalem colloquium, june 1984",Isaac Benabu,,INSERT,,no match found,,,"Litterae Judaeorum in Terra Hispanica : proceedings of the Jerusalem colloquium, june 1984",Isaac Benabu
aa1729d5-8f50-4bdf-a71b-69124b181d35,The Bazaar in the Islamic City,Mohammad Gharipour,,INSERT,,no match found,,,The Bazaar in the Islamic City,Mohammad Gharipour
aa1dea5b-95ed-46da-9a69-fc356d4d82db,Exploring an Islamic Empire,Paul E. Walker,,INSERT,,no match found,,,Exploring an Islamic Empire,Paul E. Walker
aa254714-2f3d-4db9-9f89-211b714d50a1,A History of Magic and Experimental Science,Lynn Thorndike,,INSERT,,no match found,,,A History of Magic and Experimental Science,Lynn Thorndike
aa273d51-d2e5-4dab-8757-baf0dabb4e0d,"An Icelandic Primer with Grammar, Notes and Glossary",Henry Sweet,,INSERT,,no match found,,,"An Icelandic Primer with Grammar, Notes and Glossary",Henry Sweet
aa4c697a-e13a-45da-9b6e-94e5f42407c8,A History of the Classical World,Elizabeth Wyse,title+author(exact),BLOCKED,,title length ratio 2.00 > 1.5; title similarity 0.533 < 0.92,Classical World,Unknown,A History of the Classical World,Elizabeth Wyse
aa5226af-adc8-4107-b7e7-f0400cfc10b4,The Phoenix,Unknown,title+author(exact),UPDATE,year|language,,The Phoenix,Unknown,The Phoenix,Unknown
aa7f8e30-8c44-44b8-b0c7-3964e2d3fbca,Grammar of Palestinian Jewish Aramaic,Wm. B. Stevenson,,INSERT,,no match found,,,Grammar of Palestinian Jewish Aramaic,Wm. B. Stevenson
aa85c18c-0a5e-4439-bd49-fa1c14b67108,Thucydides,John H. Finley (Jr.),fuzzy(1.000),BLOCKED,,author similarity 0.453 < 0.75,Thucydides,W. Robert Connor,Thucydides,John H. Finley (Jr.)
aa970e6a-c27f-488a-8923-bfec8ef653a1,AALL Directory and Handbook 1988-89,American Association of Law Libraries,fuzzy(0.950),UPDATE,title|year|language,,AALL Directory and Handbook 1991-1992,American Association of Law Libraries,AALL Directory and Handbook 1988-89,American Association of Law Libraries
aa9adfa8-992f-4c44-9c96-d4a8aa0e119b,Code of Jewish Law (Kitzur Schulchan Aruch),Solomon ben Joseph Ganzfried,,INSERT,,no match found,,,Code of Jewish Law (Kitzur Schulchan Aruch),Solomon ben Joseph Ganzfried
aa9c282a-f684-4db1-b4db-810b2f0f8bfd,The Dyskolos,Menander (of Athens.),,INSERT,,no match found,,,The Dyskolos,Menander (of Athens.)
aa9cb157-2729-4d4f-a696-e9c34e62ff86,Murphy's Law,Arthur Bloch,,INSERT,,no match found,,,Murphy's Law,Arthur Bloch
aaad5ca7-cb07-4110-99bd-9507bd8e8f6d,De l'éthique de l'amour à une philosophie première de la personne,Emmanuel Dor,,INSERT,,no match found,,,De l'éthique de l'amour à une philosophie première de la personne,Emmanuel Dor
aae80223-2051-4f87-b876-fc581230ba78,A Basic Music Library,Music Library Association,,INSERT,,no match found,,,A Basic Music Library,Music Library Association
aaeb4f13-0bcf-4ecd-ab00-34f1ecbadfde,The Book of Tahkemoni,Judah Alharizi,,INSERT,,no match found,,,The Book of Tahkemoni,Judah Alharizi
ab00bd53-0954-430a-96c2-e6f28e0114af,Honor Thy Gods,Jon D. Mikalson,title+author(exact),UPDATE,description|publisher|year|language,,Honor Thy Gods,Jon D. Mikalson,Honor Thy Gods,Jon D. Mikalson
ab05bcf2-8bde-48e9-9bbf-081a7f5811ce,Sources for Greek History,Sir George Francis Hill,,INSERT,,no match found,,,Sources for Greek History,Sir George Francis Hill
ab17d8d4-3c6a-4700-821f-47348648abf3,Die Metamorphosen des P. Ovidius Naso,Ovid,,INSERT,,no match found,,,Die Metamorphosen des P. Ovidius Naso,Ovid
ab225e40-0e76-4cfb-b847-351a17c7a5a5,Lilliput Dictionary,Langenscheidt; Langenscheidt Publishers,,INSERT,,no match found,,,Lilliput Dictionary,Langenscheidt; Langenscheidt Publishers
ab2aa44a-476f-4527-aae7-1c88dc40a67b,Phoenix,Classical Association of Canada / Société canadienne des études classiques,fuzzy(1.000),UPDATE,author|year|language,,Phoenix,Unknown,Phoenix,Classical Association of Canada / Société canadienne des études classiques
ab2b5c23-f5a1-4504-a310-e23035306ccd,A herendi porcelán,Orsolya Kőhegyi,,INSERT,,no match found,,,A herendi porcelán,Orsolya Kőhegyi
ab386751-b289-4010-a1e0-8c9d9b02d055,Proceedings of the Cambridge Philological Society,Cambridge Philological Society,,INSERT,,no match found,,,Proceedings of the Cambridge Philological Society,Cambridge Philological Society
ab40d5c3-f55a-4c79-8215-e93be56ddbad,Tabula Imperii Romani,Unknown,,INSERT,,no match found,,,Tabula Imperii Romani,Unknown
ab52bfc4-76eb-46d0-a204-655ece3d9b55,Les carnets et Le secret du Major Thompson,Pierre Daninos,,INSERT,,no match found,,,Les carnets et Le secret du Major Thompson,Pierre Daninos
ab5b2c24-aac0-4eb7-a0ed-a66972fa2051,Griechische Metrik,August Rossbach,,INSERT,,no match found,,,Griechische Metrik,August Rossbach
ab61778a-a064-402f-a6e9-a15444e1f15f,An Introduction to Political Philosophy,Leo Strauss,title+author(exact),UPDATE,description|year|language|category_id,,An Introduction to Political Philosophy,Leo Strauss,An Introduction to Political Philosophy,Leo Strauss
ab81d319-c035-41a3-bb35-1215c261f738,Qui sou vós que no us conec?,Joan Solé i Bordes; Llorenç Amer Catà,title+author(exact),BLOCKED,,title length ratio 5.40 > 1.5; title similarity 0.491 < 0.92; author similarity 0.509 < 0.75,CONEC,WA,Qui sou vós que no us conec?,Joan Solé i Bordes; Llorenç Amer Catà
ab846b60-ff90-4739-bd1d-e5777c8ef8dc,"Danzig, Between East and West",Isadore Twersky,title+author(exact),BLOCKED,,title length ratio 2.18 > 1.5; title similarity 0.892 < 0.92,"Danzig, Between East and West: Aspects of Modern Jewish History",Unknown,"Danzig, Between East and West",Isadore Twersky
ab9ca11d-a168-4f2c-981f-52cfcbab59fa,The Physical World,Richard F. Brinckerhoff,,INSERT,,no match found,,,The Physical World,Richard F. Brinckerhoff
aba3003a-3e31-43d5-b136-36bd3c258f59,Introduction to Probability,Dimitri Bertsekas; John N. Tsitsiklis,,INSERT,,no match found,,,Introduction to Probability,Dimitri Bertsekas; John N. Tsitsiklis
aba346a0-e663-4fa3-b137-966cc3793269,Der Sowjetmensch,Klaus Mehnert,,INSERT,,no match found,,,Der Sowjetmensch,Klaus Mehnert
abb8d156-c0fc-4b6a-8002-b4654f30d547,The Invention of Racism in Classical Antiquity,Benjamin Isaac,,INSERT,,no match found,,,The Invention of Racism in Classical Antiquity,Benjamin Isaac
abe9592f-9520-47c6-9fe4-4be963444a42,Phoenix,Classical Association of Canada / Société canadienne des études classiques,fuzzy(1.000),UPDATE,author|year|language,,Phoenix,Unknown,Phoenix,Classical Association of Canada / Société canadienne des études classiques
ad44d1fa-a9dd-4f2f-a5b6-b90e026109e1,The Phoenix,Unknown,title+author(exact),UPDATE,year|language,,The Phoenix,Unknown,The Phoenix,Unknown
ad9c8fd8-6183-4c48-93a6-bd0edc271bdd,Lumières sur la paracha,Rav Emmanuel Bensimon,,INSERT,,no match found,,,Lumières sur la paracha,Rav Emmanuel Bensimon
adac6ec0-73ee-4dec-8a0d-a846352a0646,Phoenix : the journal of the Classical Association of Canada,Classical Association of Canada,title+author(exact),BLOCKED,,title length ratio 8.29 > 1.5; title similarity 0.824 < 0.92,Phoenix,Classical Association of Canada,Phoenix : the journal of the Classical Association of Canada,Classical Association of Canada
ae1c50c3-b77f-480c-a7d3-dc76c677f935,Transactions of the American Philological Association,American Philological Association,,INSERT,,no match found,,,Transactions of the American Philological Association,American Philological Association
ae202c0e-2898-4876-b0c4-765ddfca2668,"The Complete Greek Drama, 2 Vols, Edited by Oates & O'neill",Whitney j. (editor) Oates; Eugene O'Neill (Jr.),title+author(exact),BLOCKED,,title length ratio 2.55 > 1.5; title similarity 0.878 < 0.92,The Complete Greek Drama,"Whitney J. Oates and Eugene O'Neill, Jr.","The Complete Greek Drama, 2 Vols, Edited by Oates & O'neill",Whitney j. (editor) Oates; Eugene O'Neill (Jr.)
aeb81941-467b-4126-889d-eb1864f9f733,Daniel Deronda,George Eliot,title+author(exact),UPDATE,description|publisher|year|language,,Daniel Deronda,George Eliot,Daniel Deronda,George Eliot
aeca5f89-f81b-4887-918f-d5f603a51084,American Academy of Arts and Sciences,American Academy of Arts and Sciences,title+author(exact),UPDATE,title|author|year|language,,American Academy of Arts and Sciences Records,Unknown,American Academy of Arts and Sciences,American Academy of Arts and Sciences
af210e0d-da96-414c-a1eb-2632dac275d8,Anthologia lyrica graeca,Ernst Diehl,,INSERT,,no match found,,,Anthologia lyrica graeca,Ernst Diehl
af4a549e-29b3-4cad-9abc-05cf62ec9264,Septuaginta,Alfred Rahlfs,,INSERT,,no match found,,,Septuaginta,Alfred Rahlfs
afdaae1d-5725-47e0-9fb8-9960cf202ec9,Lumières sur la paracha,Ray Emmanuel Bensimon,,INSERT,,no match found,,,Lumières sur la paracha,Ray Emmanuel Bensimon
b0fc8554-dc77-43cd-abd5-2053a49bb60d,The New Encyclopedia Britannica,Unknown,title+author(exact),UPDATE,year|language,,The New Encyclopedia Britannica,Unknown,The New Encyclopedia Britannica,Unknown
b251bd07-e682-440d-90ff-93ea9581f798,The Soncino Books of the Bible,Abraham Cohen,title+author(exact),BLOCKED,,author similarity 0.687 < 0.75,The Soncino Books of the Bible,The Rev. Dr. A. Cohen,The Soncino Books of the Bible,Abraham Cohen
b29fef2f-8263-410c-a237-60d2f9886e26,Philo,Harry Austryn Wolfson,,INSERT,,no match found,,,Philo,Harry Austryn Wolfson
b2f3777c-70ca-4338-88a5-ca53c638dee9,Thukydides,Thucydides; J. Classen,fuzzy(0.953),BLOCKED,,author similarity 0.456 < 0.75,Thucydides,W. Robert Connor,Thukydides,Thucydides; J. Classen
b3079481-f495-43c2-ab58-fb16d070b1fb,"Studies in Honour of Gilbert Norwood. The Phoenix - Journal of the Classical Association of Canada, Supplementary",Classical Association of Canada; Mary E. White,title+author(exact),BLOCKED,,title length ratio 15.57 > 1.5; title similarity 0.545 < 0.92,Phoenix,Classical Association of Canada,"Studies in Honour of Gilbert Norwood. The Phoenix - Journal of the Classical Association of Canada, Supplementary",Classical Association of Canada; Mary E. White
b3d5240f-44a7-4c6b-b108-f667e769d27b,Exodus,U. Cassuto,title+author(exact),UPDATE,year|language,,Exodus,U. Cassuto,Exodus,U. Cassuto
b43cc304-6a1b-4fef-873a-9d3b098021a8,Tradition,Jonathan Sacks; Erica Brown; Edward Reichman; Dov Finkelstein; J. Bleich; Shoshana Schechter; Pinchas Roth; Yoel Finkelman; Jeffrey Saks,title+author(exact),BLOCKED,,title length ratio 5.11 > 1.5; title similarity 0.839 < 0.92,Tradition: A Journal of Orthodox Jewish Thought,Unknown,Tradition,Jonathan Sacks; Erica Brown; Edward Reichman; Dov Finkelstein; J. Bleich; Shoshana Schechter; Pinchas Roth; Yoel Finkelman; Jeffrey Saks
b452f252-7d73-4678-877a-96e65452e707,The Papers of the Bibliographical Society of America,Bibliographical Society of America,fuzzy(1.000),BLOCKED,,author similarity 0.548 < 0.75,The PAPERS of the BIBLIOGRAPHICAL SOCIETY of AMERICA,"RICHARD KNOWLES, MARCUS A. McCORISON, ALAN R. YOUNG, SYDNEY J. SHEP",The Papers of the Bibliographical Society of America,Bibliographical Society of America
b467ecfd-f4cc-4366-a4a8-fd0487eaa95f,Tigrinya-English dictionary,Thomas Leiper Kane,,INSERT,,no match found,,,Tigrinya-English dictionary,Thomas Leiper Kane
b566f40c-2062-44be-bce3-a3530dc914e8,Grove's Dictionary of Music and Musicians,George Grove,,INSERT,,no match found,,,Grove's Dictionary of Music and Musicians,George Grove
b57d32ac-7c47-4fca-83a1-6056bc9f64ae,A History of Magic and Experimental Science,Lynn Thorndike,,INSERT,,no match found,,,A History of Magic and Experimental Science,Lynn Thorndike
b596c711-a16b-4de5-a259-30c2c0472c58,A Basic Music Library,Music Library Association,,INSERT,,no match found,,,A Basic Music Library,Music Library Association
b5e605c9-89d6-445b-8020-ca6803a8d915,The Blue and Brown Books,Ludwig Wittgenstein,,INSERT,,no match found,,,The Blue and Brown Books,Ludwig Wittgenstein
b5f17813-8d5c-4435-beff-30cad48fcb9b,"Gedenkausgabe der Werke, Briefe und Gespräche. 28. August 1949. Herausgegeben von Ernst Beutler. [With portraits.].",Johann Wolfgang von Goethe; Ernst Beutler,title+author(exact),BLOCKED,,title length ratio 2.41 > 1.5; title similarity 0.883 < 0.92,"GEDENKAUSGABE DER WERKE, BRIEFE UND GESPRÄCHE","JOHANN WOLFGANG GOETHE, ERNST BEUTLER","Gedenkausgabe der Werke, Briefe und Gespräche. 28. August 1949. Herausgegeben von Ernst Beutler. [With portraits.].",Johann Wolfgang von Goethe; Ernst Beutler
b5f24e98-b31f-483c-8d2d-72f0b3133aae,"The Geography of Strabo, with an English Translation by Horace Leonard Jones ... Based in Part Upon the Unfinished Version of J. R. S. Sterrett. [With a Bibliography.].",Horace Leonard JONES; John Robert Sitlington STERRETT,,INSERT,,no match found,,,"The Geography of Strabo, with an English Translation by Horace Leonard Jones ... Based in Part Upon the Unfinished Version of J. R. S. Sterrett. [With a Bibliography.].",Horace Leonard JONES; John Robert Sitlington STERRETT
b6526b25-1061-4cc7-9867-74720ce0444e,AJS Review,Association for Jewish Studies,,INSERT,,no match found,,,AJS Review,Association for Jewish Studies
b6a44b86-0228-4169-bbed-dd5289c05ecb,The Encyclopædia Britannica,Thomas Spencer Baynes,title+author(exact),UPDATE,author|year|language,,The Encyclopædia Britannica,Unknown,The Encyclopædia Britannica,Thomas Spencer Baynes
b7421db6-1629-4fba-a21c-a873d0cb9fb9,Morality and Behaviour in Democratic Athens,Gabriel Herman,,INSERT,,no match found,,,Morality and Behaviour in Democratic Athens,Gabriel Herman
b74ef186-e7a7-4d10-9295-cccb313d2d34,The Venture of Islam,Marshall G. S. Hodgson,title+author(exact),UPDATE,year|language,,The Venture of Islam,Marshall G. S. Hodgson,The Venture of Islam,Marshall G. S. Hodgson
b7cc54e5-2d28-4c08-b459-c49620c9e01d,"The American Journal of Archaeology, 1893-1",Various,,INSERT,,no match found,,,"The American Journal of Archaeology, 1893-1",Various
b7f2e997-34ef-4c38-8baf-8428be660533,Guardians of Language,Robert A. Kaster,,INSERT,,no match found,,,Guardians of Language,Robert A. Kaster
b7f969e1-be4e-436a-aedf-9f85558637a7,A Travel Guide to Jewish Europe,Ben Frank,,INSERT,,no match found,,,A Travel Guide to Jewish Europe,Ben Frank
b7f9e905-5493-4dc1-841b-e5b58989225c,23 Problems in Systems Neuroscience,Jan Leonard Hemmen; Terrence J. Sejnowski,,INSERT,,no match found,,,23 Problems in Systems Neuroscience,Jan Leonard Hemmen; Terrence J. Sejnowski
b80eacb5-4c14-4337-8f81-578ca9b064d7,Pissarro,Martin Reid; Camille Pissarro,,INSERT,,no match found,,,Pissarro,Martin Reid; Camille Pissarro
b81e19a2-999c-4633-b33c-a54454d85ae6,"40 Melodic And Progressive Etudes, Op. 31",L. Schultz,,INSERT,,no match found,,,"40 Melodic And Progressive Etudes, Op. 31",L. Schultz
b8281e9c-2d09-4f80-a737-3c0df481bdbd,Ancient Semitic Civilizations,Sabatino Moscati,,INSERT,,no match found,,,Ancient Semitic Civilizations,Sabatino Moscati
b833d14e-4fd8-4de8-81ff-a77ea674b48f,Harmony in Its Systematic and Phenomenological Aspects,Yizhak Sadai,,INSERT,,no match found,,,Harmony in Its Systematic and Phenomenological Aspects,Yizhak Sadai
b8432616-2f81-413c-9bae-c9543db55cce,Perfect Harmony,Ibn al-ʻArabī,title+author(exact),UPDATE,author|description|publisher|year|language,,Perfect Harmony,Ibn 'Arabi,Perfect Harmony,Ibn al-ʻArabī
b84e6230-8ed8-42e9-b029-bf239131d746,Platonic Studies,Gregory Vlastos,title+author(exact),UPDATE,description|publisher|year|language|category_id,,Platonic Studies,Gregory Vlastos,Platonic Studies,Gregory Vlastos
b8622f9c-6347-4f8f-8733-229592c8b46a,Rabbi Nachman's Fire,Gedaliah Fleer,,INSERT,,no match found,,,Rabbi Nachman's Fire,Gedaliah Fleer
b8641432-2eb6-452a-a30b-2ab35cd25466,Between Parent and Child,Haim G. Ginott,,INSERT,,no match found,,,Between Parent and Child,Haim G. Ginott
b873bc6c-cb8a-4262-80c1-4735f1e410ba,Die Bedeutung der Qeri-Kethib,Simon Bamberger,,INSERT,,no match found,,,Die Bedeutung der Qeri-Kethib,Simon Bamberger
b8848d2e-f404-470e-a1b6-ff013e5f2ad3,The Faith of Judaism,Rabbi Isidore Epstein,,INSERT,,no match found,,,The Faith of Judaism,Rabbi Isidore Epstein
b889e3d3-7f8b-47e9-a463-f01da3eeae5c,"Morality, Halakha, and the Jewish Tradition",Shubert Spero,,INSERT,,no match found,,,"Morality, Halakha, and the Jewish Tradition",Shubert Spero
b88c3089-d4ee-4898-85c8-d523607f0f3c,The Archaeological and Linguistic Reconstruction of African History,Christopher Ehret; Merrick Posnansky,title+author(exact),UPDATE,author|description|publisher|year|language,,The Archaeological and Linguistic Reconstruction of African History,Christopher Ehret and Merrick Posnansky,The Archaeological and Linguistic Reconstruction of African History,Christopher Ehret; Merrick Posnansky
b8922410-d255-42dd-b1e8-cbeff424b33f,A Dictionary of Geography,W. G. Moore,,INSERT,,no match found,,,A Dictionary of Geography,W. G. Moore
b8971229-8090-4c81-a3eb-7b4a94e670db,American Occupational Structure,Peter M. Blau; Otis Dudley Duncan; Andrea Tyree,,INSERT,,no match found,,,American Occupational Structure,Peter M. Blau; Otis Dudley Duncan; Andrea Tyree
b8a44272-6917-415d-a680-8ada8bb41660,The Spirit of Jewish Law,George Horowitz,title+author(exact),UPDATE,year|language,,The Spirit of Jewish Law,George Horowitz,The Spirit of Jewish Law,George Horowitz
b8c778ae-6ee6-4811-a14b-8bb72c28af18,Prehistoric Crete,Richard W. Hutchinson,,INSERT,,no match found,,,Prehistoric Crete,Richard W. Hutchinson
b8cb1846-916c-4771-a418-133b7b52ff3f,Heiliges Recht,Kurt Latte,,INSERT,,no match found,,,Heiliges Recht,Kurt Latte
b8e06716-d9dc-464b-a6e2-ba0b14ece0e4,Sophocles II,John Moore; Michael H Jameson; David Grene,fuzzy(0.950),BLOCKED,,author similarity 0.574 < 0.75,SOPHOCLES,"Sophocles, W. B. Stanford",Sophocles II,John Moore; Michael H Jameson; David Grene
b8f891de-abfd-42e1-8c58-c3fe12613c59,The Papers of the Bibliographical Society of America,Bibliographical Society of America,title+author(exact),BLOCKED,,author similarity 0.575 < 0.75,THE PAPERS OF THE BIBLIOGRAPHICAL SOCIETY OF AMERICA,"Edward Jacobs, Antonia Forster, Ian MacPhail, Marjorie Sutton, Jay A. Gertzman",The Papers of the Bibliographical Society of America,Bibliographical Society of America
b8fb6dbc-c35d-42c1-aa03-97914f46164b,"Sprachliche Deutung als Triebkraft platonischen und sokratischen Philosophierens, von C. Joachim Classen",C. Joachim Classen,title+author(exact),UPDATE,title|year|language,,Sprachliche Deutung Als Triebkraft Platonischen Und Sokratischen Philosophierens,C. Joachim Classen,"Sprachliche Deutung als Triebkraft platonischen und sokratischen Philosophierens, von C. Joachim Classen",C. Joachim Classen
b908e978-c6e5-4ba1-a1ba-ad6c1b03b3bb,Messianism in the Talmudic Era,Leo Landman,,INSERT,,no match found,,,Messianism in the Talmudic Era,Leo Landman
b90aac27-ec12-41b6-b021-8ce82ede7d8f,Plato: Protagoras,Plato,title+author(exact),BLOCKED,,author similarity 0.356 < 0.75,Plato Protagoras,C.C.W.Taylor,Plato: Protagoras,Plato